Passin' Me By,The Pharcyde,Hip-Hop / Rap / R&B,Drums,by The Pharcyde (1992)
Poison,The Prodigy,Electronic / Dance,Drums,by The Prodigy (1994)
Clubbed to Death (Kurayamino Variation),Rob Dougan,Electronic / Dance,Drums,by Rob Dougan (1995)
Give Up the Goods (Just Step),Mobb Deep,Hip-Hop / Rap / R&B,Vocals / Lyrics,by Mobb Deep feat. Big Noyd (1995)
Give Up the Goods (Just Step),Big Noyd,Hip-Hop / Rap / R&B,Vocals / Lyrics,by Mobb Deep feat. Big Noyd (1995)
Take It Personal,Gang Starr,Hip-Hop / Rap / R&B,Drums,by Gang Starr (1992)
Put It On,Big L,Hip-Hop / Rap / R&B,Drums,by Big L feat. Kid Capri (1994)
Put It On,Kid Capri,Hip-Hop / Rap / R&B,Drums,by Big L feat. Kid Capri (1994)
Who Got Da Props,Black Moon,Hip-Hop / Rap / R&B,Drums,by Black Moon (1993)
Coolie High,Camp Lo,Hip-Hop / Rap / R&B,Drums,by Camp Lo (1996)
Butterfly,Crazy Town,Rock / Pop,Drums,by Crazy Town (1999)
Cure for the Itch,Linkin Park,Rock / Pop,Drums,by Linkin Park (2000)
I Want You,Common,Hip-Hop / Rap / R&B,Drums,by Common feat. will.i.am (2007)
I Want You,will.i.am,Hip-Hop / Rap / R&B,Drums,by Common feat. will.i.am (2007)
It's My Turn,Stezo,Hip-Hop / Rap / R&B,Drums,by Stezo (1989)
Funky Child,Lords of the Underground,Hip-Hop / Rap / R&B,Drums,by Lords of the Underground (1993)
Hippa to Da Hoppa,Ol' Dirty Bastard,Hip-Hop / Rap / R&B,Drums,by Ol' Dirty Bastard (1995)
Stereo Hearts,Gym Class Heroes,Rock / Pop,Drums,by Gym Class Heroes feat. Adam Levine (2011)
Stereo Hearts,Adam Levine,Rock / Pop,Drums,by Gym Class Heroes feat. Adam Levine (2011)
"Remember Me (Original 12"")",Blue Boy,Electronic / Dance,Drums,by Blue Boy (1997)
Passin' Me By,The Pharcyde,Hip-Hop / Rap / R&B,Drums,by The Pharcyde (1992)
Poison,The Prodigy,Electronic / Dance,Drums,by The Prodigy (1994)
Clubbed to Death (Kurayamino Variation),Rob Dougan,Electronic / Dance,Drums,by Rob Dougan (1995)
Give Up the Goods (Just Step),Mobb Deep,Hip-Hop / Rap / R&B,Vocals / Lyrics,by Mobb Deep feat. Big Noyd (1995)
Give Up the Goods (Just Step),Big Noyd,Hip-Hop / Rap / R&B,Vocals / Lyrics,by Mobb Deep feat. Big Noyd (1995)
Take It Personal,Gang Starr,Hip-Hop / Rap / R&B,Drums,by Gang Starr (1992)
Put It On,Big L,Hip-Hop / Rap / R&B,Drums,by Big L feat. Kid Capri (1994)
Put It On,Kid Capri,Hip-Hop / Rap / R&B,Drums,by Big L feat. Kid Capri (1994)
Who Got Da Props,Black Moon,Hip-Hop / Rap / R&B,Drums,by Black Moon (1993)
Coolie High,Camp Lo,Hip-Hop / Rap / R&B,Drums,by Camp Lo (1996)
Butterfly,Crazy Town,Rock / Pop,Drums,by Crazy Town (1999)
Cure for the Itch,Linkin Park,Rock / Pop,Drums,by Linkin Park (2000)
I Want You,Common,Hip-Hop / Rap / R&B,Drums,by Common feat. will.i.am (2007)
I Want You,will.i.am,Hip-Hop / Rap / R&B,Drums,by Common feat. will.i.am (2007)
It's My Turn,Stezo,Hip-Hop / Rap / R&B,Drums,by Stezo (1989)
Funky Child,Lords of the Underground,Hip-Hop / Rap / R&B,Drums,by Lords of the Underground (1993)
Hippa to Da Hoppa,Ol' Dirty Bastard,Hip-Hop / Rap / R&B,Drums,by Ol' Dirty Bastard (1995)
Stereo Hearts,Gym Class Heroes,Rock / Pop,Drums,by Gym Class Heroes feat. Adam Levine (2011)
Stereo Hearts,Adam Levine,Rock / Pop,Drums,by Gym Class Heroes feat. Adam Levine (2011)
"Remember Me (Original 12"")",Blue Boy,Electronic / Dance,Drums,by Blue Boy (1997)
Ufos über Dortmund,Der Wolf,Hip-Hop / Rap / R&B,Drums,by Der Wolf (1998)
Un Momento De Vida,Akelarre,Hip-Hop / Rap / R&B,Drums,by Akelarre (2009)
Boogie Man,Da Homlez,Hip-Hop / Rap / R&B,Drums,by Da Homlez (1995)
Sonido Del Micrófono,Droopy G,Hip-Hop / Rap / R&B,Drums,by Droopy G (1998)
White Girls Wearing CDG Cons,Penisland,Electronic / Dance,Drums,by Penisland (2021)
The Fly Sacrifice,The Militia (2),Hip-Hop / Rap / R&B,Drums,by The Militia (2) feat. WeatherPROOF (2012)
The Fly Sacrifice,WeatherPROOF,Hip-Hop / Rap / R&B,Drums,by The Militia (2) feat. WeatherPROOF (2012)
I Need Money,Da Champ,Hip-Hop / Rap / R&B,Drums,by Da Champ (1998)
Guaranteed Rec,TriFe!,Hip-Hop / Rap / R&B,Drums,by TriFe! (1995)
Look Inside,The Channel Surfers,Rock / Pop,Drums,by The Channel Surfers (1999)
Presentacion Preliminar,Vicky MC,Hip-Hop / Rap / R&B,Drums,by Vicky MC feat. 4Dp (2005)
Presentacion Preliminar,4Dp,Hip-Hop / Rap / R&B,Drums,by Vicky MC feat. 4Dp (2005)
Dry,Punta Rosa,Hip-Hop / Rap / R&B,Drums,by Punta Rosa (2015)
Уличная Псина,Paha D,Hip-Hop / Rap / R&B,Drums,by Paha D (2012)
Die Hard Maniac,DOBERMAN INC,Hip-Hop / Rap / R&B,Drums,by DOBERMAN INC (2006)
Can't Take No More,Jam & DKC,Hip-Hop / Rap / R&B,Drums,by Jam & DKC (1996)
Take Yo Ass Home,M1dlet,Electronic / Dance,Drums,by M1dlet (2013)
Stashouse,Homicide (2),Hip-Hop / Rap / R&B,Drums,by Homicide (2) (1993)
Sound Sellers From the Grave,EIM (Education in Music),Hip-Hop / Rap / R&B,Drums,by EIM (Education in Music) (1994)
40 & a Blunt (Remix) (1993),E.T.W.,Hip-Hop / Rap / R&B,Drums,by E.T.W. (1997)
Season Opener,M.K.F.,Hip-Hop / Rap / R&B,Drums,by M.K.F. (1998)
Survive,Concrete Elete,Hip-Hop / Rap / R&B,Drums,by Concrete Elete (1996)
Rappin Son-Of-A-Gun,The Plow,Hip-Hop / Rap / R&B,Drums,by The Plow (1994)
New Breed of Funk,New Breed of Gangstaz,Hip-Hop / Rap / R&B,Drums,by New Breed of Gangstaz (1995)
Defenders of Da Funk,J.B.,Hip-Hop / Rap / R&B,Drums,by J.B. and Mello Mike Hype (1994)
Defenders of Da Funk,Mello Mike Hype,Hip-Hop / Rap / R&B,Drums,by J.B. and Mello Mike Hype (1994)
Yo! Maaan! (Dirty Demo),Mc Latinoz,Hip-Hop / Rap / R&B,Drums,by Mc Latinoz and Mc Bez (2011)
Yo! Maaan! (Dirty Demo),Mc Bez,Hip-Hop / Rap / R&B,Drums,by Mc Latinoz and Mc Bez (2011)
Stay Tuned,Underground Society,Hip-Hop / Rap / R&B,Drums,by Underground Society (1995)
Raising Snails for a Living,Invisibl Skratch Piklz,Hip-Hop / Rap / R&B,Drums,by Invisibl Skratch Piklz (2000)
Dangerous,Danja Mowf,Hip-Hop / Rap / R&B,Drums,by Danja Mowf (1997)
The Screen (Pissed Off Mix),Think Tank,Electronic / Dance,Drums,by Think Tank (1996)
Вассап!(скит),Paha D,Hip-Hop / Rap / R&B,Drums,by Paha D (2012)
Neighborhood Jackaz,San Quinn,Hip-Hop / Rap / R&B,Drums,by San Quinn (1993)
Leavin' Ya Lost,San Quinn,Hip-Hop / Rap / R&B,Drums,by San Quinn (1993)
Pushin Thru the Door,3's Company,Hip-Hop / Rap / R&B,Drums,by 3's Company (2006)
Illa Than Expected,Da Nayborhoodz,Hip-Hop / Rap / R&B,Drums,by Da Nayborhoodz (1995)
O' Cellulare,AMNK,Hip-Hop / Rap / R&B,Drums,by AMNK (1993)
Skills,Illus,Hip-Hop / Rap / R&B,Drums,by Illus (1993)
Безоблачное небо,Mc Latinoz,Hip-Hop / Rap / R&B,Drums,by Mc Latinoz and Mc Bez (2011)
Безоблачное небо,Mc Bez,Hip-Hop / Rap / R&B,Drums,by Mc Latinoz and Mc Bez (2011)
Redemption (aKido Remix),aKido,Hip-Hop / Rap / R&B,Drums,by aKido (2010)
Statul,Don Baxter (Romania),Rock / Pop,Drums,by Don Baxter (Romania) feat. Smiley (Romania) (2014)
Statul,Smiley (Romania),Rock / Pop,Drums,by Don Baxter (Romania) feat. Smiley (Romania) (2014)
Say What,Da Chozen,Hip-Hop / Rap / R&B,Drums,by Da Chozen (1994)
Lyrical High,Pashun 'N' Da Loonatik,Hip-Hop / Rap / R&B,Drums,by Pashun 'N' Da Loonatik (1995)
We Rock the Mic,Soul Survivors (Hip Hop),Hip-Hop / Rap / R&B,Drums,by Soul Survivors (Hip Hop) (1996)
Molecules,Roundhay Garden Scene,Easy Listening,Drums,by Roundhay Garden Scene (2020)
Squeeze Trigger,Dub-Liner,Electronic / Dance,Drums,by Dub-Liner (2020)
Quatre Éléments,Structure,Hip-Hop / Rap / R&B,Drums,by Structure (2001)
Playtime Is Over,Mr. Low Kash 'N Da Shady Bunch,Hip-Hop / Rap / R&B,Drums,by Mr. Low Kash 'N Da Shady Bunch (1996)
Phucdat,Mixmaster D,Hip-Hop / Rap / R&B,Drums,by Mixmaster D feat. Flipsyde (2) (1993)
Phucdat,Flipsyde (2),Hip-Hop / Rap / R&B,Drums,by Mixmaster D feat. Flipsyde (2) (1993)
Change Makes Sense,Julian B,Hip-Hop / Rap / R&B,Drums,by Julian B (1994)
Fake Hoes,Ghetto Politix,Hip-Hop / Rap / R&B,Drums,by Ghetto Politix (1994)
51 Days,First State Alliance,Hip-Hop / Rap / R&B,Drums,by First State Alliance (1994)
Ruff-N-Rugged,First State Alliance,Hip-Hop / Rap / R&B,Drums,by First State Alliance (1994)
Verdadeiro MC,Doctor Mc's,Hip-Hop / Rap / R&B,Multiple Elements,by Doctor Mc's (1994)
Flip Da Script,Fly Chase,Hip-Hop / Rap / R&B,Drums,by Fly Chase (1993)
Pénz Beszél,Stereo Kollektiv,Hip-Hop / Rap / R&B,Drums,by Stereo Kollektiv (2010)
Last Draw,Murder Wone,Hip-Hop / Rap / R&B,Drums,by Murder Wone (1996)
Explosion,MHz Clique,Hip-Hop / Rap / R&B,Drums,by MHz Clique (1995)
Whoz Got Da Myk (Chaotic Version),Total Chaos (2),Hip-Hop / Rap / R&B,Drums,by Total Chaos (2) (1993)
Long Way Back,Jenova 7,Hip-Hop / Rap / R&B,Drums,by Jenova 7 feat. Bliss (2013)
Long Way Back,Bliss,Hip-Hop / Rap / R&B,Drums,by Jenova 7 feat. Bliss (2013)
Just Another Day,Double Soul,Hip-Hop / Rap / R&B,Multiple Elements,by Double Soul feat. 360 (3) (1998)
Just Another Day,360 (3),Hip-Hop / Rap / R&B,Multiple Elements,by Double Soul feat. 360 (3) (1998)
Musical Armed Robbery,DJ Delinquent,Hip-Hop / Rap / R&B,Drums,by DJ Delinquent (2010)
Comin' at Cha',DJ Wen,Hip-Hop / Rap / R&B,Drums,by DJ Wen (1993)
Vaccine,The K-Otic Family,Hip-Hop / Rap / R&B,Drums,by The K-Otic Family (1995)
Fianroon,Fianru,Hip-Hop / Rap / R&B,Drums,by Fianru (2015)
Nostalgia,Locky-Stocky,Hip-Hop / Rap / R&B,Drums,by Locky-Stocky (2011)
"I Go Off, Yo!",Gigolo Material,Hip-Hop / Rap / R&B,Drums,by Gigolo Material (1993)
9 Minut Poezie,Chaozz,Hip-Hop / Rap / R&B,Drums,"by Chaozz, Afro, Kosa and Mike T. feat. Hafi, Cak-P and Bizzy B (1997)"
9 Minut Poezie,Afro,Hip-Hop / Rap / R&B,Drums,"by Chaozz, Afro, Kosa and Mike T. feat. Hafi, Cak-P and Bizzy B (1997)"
9 Minut Poezie,Kosa,Hip-Hop / Rap / R&B,Drums,"by Chaozz, Afro, Kosa and Mike T. feat. Hafi, Cak-P and Bizzy B (1997)"
9 Minut Poezie,Mike T.,Hip-Hop / Rap / R&B,Drums,"by Chaozz, Afro, Kosa and Mike T. feat. Hafi, Cak-P and Bizzy B (1997)"
9 Minut Poezie,Hafi,Hip-Hop / Rap / R&B,Drums,"by Chaozz, Afro, Kosa and Mike T. feat. Hafi, Cak-P and Bizzy B (1997)"
9 Minut Poezie,Cak-P,Hip-Hop / Rap / R&B,Drums,"by Chaozz, Afro, Kosa and Mike T. feat. Hafi, Cak-P and Bizzy B (1997)"
9 Minut Poezie,Bizzy B,Hip-Hop / Rap / R&B,Drums,"by Chaozz, Afro, Kosa and Mike T. feat. Hafi, Cak-P and Bizzy B (1997)"
Live and Die Reck Part 2 (Ruffuckinmix),Frankie the Pacemaker,Hip-Hop / Rap / R&B,Drums,by Frankie the Pacemaker (1993)
Apresye Sa,Barikad Crew,Hip-Hop / Rap / R&B,Drums,by Barikad Crew (2007)
Sky = Limit,Nolan the Ninja,Hip-Hop / Rap / R&B,Drums,by Nolan the Ninja (2015)
Deadly and Dangerous,Madd Blunted,Hip-Hop / Rap / R&B,Drums,by Madd Blunted (1995)
Fear No DJ,DJ Delinquent,Hip-Hop / Rap / R&B,Drums,by DJ Delinquent (2010)
Mallokeros,Doctor Mc's,Hip-Hop / Rap / R&B,Drums,by Doctor Mc's (2000)
Belly of Hell,100X,Hip-Hop / Rap / R&B,Drums,by 100X (2009)
"Knock, Knock, Knock",Natives of Da Jungle,Hip-Hop / Rap / R&B,Drums,by Natives of Da Jungle (1994)
No Competition,JT the Bigga Figga,Hip-Hop / Rap / R&B,Drums,by JT the Bigga Figga (2000)
Бездомный Бухарь!,Paha D,Hip-Hop / Rap / R&B,Drums,by Paha D (2012)
Threesixnine Part 2,Kaliphz,Hip-Hop / Rap / R&B,Drums,by Kaliphz (1994)
Who Got It on Locks,Guru,Hip-Hop / Rap / R&B,Drums,by Guru feat. Doo Wop (2007)
Who Got It on Locks,Doo Wop,Hip-Hop / Rap / R&B,Drums,by Guru feat. Doo Wop (2007)
Cantfiguritout (Remix),Nemesis,Hip-Hop / Rap / R&B,Drums,by Nemesis (1993)
Alcoholism,Penisland,Electronic / Dance,Drums,by Penisland (2021)
Ultrasound,Calez,Hip-Hop / Rap / R&B,Drums,by Calez (2012)
Front,Maddoggz,Hip-Hop / Rap / R&B,Drums,by Maddoggz (1997)
DajMiMikrofon,P'Am,Hip-Hop / Rap / R&B,Drums,by P'Am (1997)
Trophy on the Mantle,Kool Kay Dee,Hip-Hop / Rap / R&B,Drums,by Kool Kay Dee (1994)
Teethsucker,Envelope,Hip-Hop / Rap / R&B,Multiple Elements,by Envelope feat. Mrs Maika Karnes (2008)
Teethsucker,Mrs Maika Karnes,Hip-Hop / Rap / R&B,Multiple Elements,by Envelope feat. Mrs Maika Karnes (2008)
O Verdadeiro Mc,Doctor Mc's,Hip-Hop / Rap / R&B,Drums,by Doctor Mc's (1994)
Everybody Get Up,Six Deep,Hip-Hop / Rap / R&B,Drums,by Six Deep (1995)
Poetry in Motion,CKool J. C.,Hip-Hop / Rap / R&B,Drums,by CKool J. C. and CKool C. (1993)
Poetry in Motion,CKool C.,Hip-Hop / Rap / R&B,Drums,by CKool J. C. and CKool C. (1993)
Blástjarnan (Wagon Christ Remix),Nåid,Electronic / Dance,Drums,by Nåid (1996)
Rounda,Ruff Draf,Hip-Hop / Rap / R&B,Drums,by Ruff Draf (1994)
Laid Back Attack,Volume 10,Hip-Hop / Rap / R&B,Drums,by Volume 10 (1993)
Cadaverous (Hurlements Remix),MC Zombi,Hip-Hop / Rap / R&B,Drums,by MC Zombi (2012)
Get the Fuck Up Outta My Face,Kidcrusher,Hip-Hop / Rap / R&B,Drums,by Kidcrusher (2014)
Big Boyz,The Ruggedn'ess Madd Drama,Hip-Hop / Rap / R&B,Drums,by The Ruggedn'ess Madd Drama (1993)
The Symphony (DJ Jazzy Jeff Remix),DJ Jazzy Jeff,Hip-Hop / Rap / R&B,Drums,by DJ Jazzy Jeff (2009)
Coming From Da Dirt,Da Nabahood Threat,Hip-Hop / Rap / R&B,Drums,by Da Nabahood Threat (1994)
Test Da Rocket Launcha,Chocolate Bam Boo,Hip-Hop / Rap / R&B,Drums,by Chocolate Bam Boo (1993)
Lowlife Remix,Circle of Power,Hip-Hop / Rap / R&B,Drums,by Circle of Power and LMNO (1994)
Lowlife Remix,LMNO,Hip-Hop / Rap / R&B,Drums,by Circle of Power and LMNO (1994)
Peace 2 My...,Fugatives From Hell,Hip-Hop / Rap / R&B,Drums,by Fugatives From Hell (1993)
Da Hand That Rob's the Craddle,Black Poets,Hip-Hop / Rap / R&B,Drums,by Black Poets (1993)
I Pimped the Nun,Baby Chill,Hip-Hop / Rap / R&B,Drums,by Baby Chill (1993)
Intro,Makiza,Hip-Hop / Rap / R&B,Drums,by Makiza (1998)
Hoods Anthem,Mighty Buddha Heads,Hip-Hop / Rap / R&B,Drums,by Mighty Buddha Heads (2015)
Ease Back,Rumble Town,Hip-Hop / Rap / R&B,Drums,"by Rumble Town, Black Anthem and Thorobredz (1993)"
Ease Back,Black Anthem,Hip-Hop / Rap / R&B,Drums,"by Rumble Town, Black Anthem and Thorobredz (1993)"
Ease Back,Thorobredz,Hip-Hop / Rap / R&B,Drums,"by Rumble Town, Black Anthem and Thorobredz (1993)"
Can You Feel Me,Hoop-la,Hip-Hop / Rap / R&B,Drums,by Hoop-la (1994)
Fine Del Gioco,Chief,Hip-Hop / Rap / R&B,Drums,by Chief and DJ Zak (1994)
Fine Del Gioco,DJ Zak,Hip-Hop / Rap / R&B,Drums,by Chief and DJ Zak (1994)
Reedin (Redone),Wagon Christ,Electronic / Dance,Drums,by Wagon Christ (1995)
If I Didn't Say Ya Name,EIM (Education in Music),Hip-Hop / Rap / R&B,Drums,by EIM (Education in Music) (1994)
Act of Violence,Natives in Black,Hip-Hop / Rap / R&B,Drums,by Natives in Black (1992)
It's On,Craz,Hip-Hop / Rap / R&B,Drums,by Craz (1994)
Blowin Up the Spot,Young Black Teenagers,Hip-Hop / Rap / R&B,Drums,by Young Black Teenagers (1993)
Catch the Beat,Kirk,Hip-Hop / Rap / R&B,Drums,by Kirk (1994)
Phoenix,K-Murdock,Hip-Hop / Rap / R&B,Drums,by K-Murdock (2009)
FUEL Tokyo Beat 10,Space Library Music,Hip-Hop / Rap / R&B,Drums,by Space Library Music (2012)
Call the Law,MC Zappa,Hip-Hop / Rap / R&B,Drums,by MC Zappa (2021)
Northern Exposure (I Told Ya),Mixed Elements,Hip-Hop / Rap / R&B,Drums,by Mixed Elements feat. Bredrens and Nasty Noah (1996)
Northern Exposure (I Told Ya),Bredrens,Hip-Hop / Rap / R&B,Drums,by Mixed Elements feat. Bredrens and Nasty Noah (1996)
Northern Exposure (I Told Ya),Nasty Noah,Hip-Hop / Rap / R&B,Drums,by Mixed Elements feat. Bredrens and Nasty Noah (1996)
Potion (Toxic Mix),Down Low,Hip-Hop / Rap / R&B,Drums,by Down Low (1996)
Supermodel,Bran Van 3000,Rock / Pop,Drums,by Bran Van 3000 (1997)
The Funk Is On,Da Chozen,Hip-Hop / Rap / R&B,Drums,by Da Chozen (2014)
The Day After,Donnie Darko,Hip-Hop / Rap / R&B,Drums,by Donnie Darko (2012)
Het Laatste Woord,Osdorp Posse,Hip-Hop / Rap / R&B,Drums,by Osdorp Posse (1993)
Love Slave,Undacova,Hip-Hop / Rap / R&B,Drums,by Undacova (1995)
Damned (Vocal Raw),Niro Clippse,Hip-Hop / Rap / R&B,Drums,by Niro Clippse (1995)
Prison Riot,DMG (DetriMental Ganxta),Hip-Hop / Rap / R&B,Drums,by DMG (DetriMental Ganxta) (1993)
Come Out Ta Play,5 Bros. Wit Ugly Clothes,Hip-Hop / Rap / R&B,Drums,by 5 Bros. Wit Ugly Clothes (1994)
Hip Hop Ganxta,Radical Stuff,Hip-Hop / Rap / R&B,Drums,by Radical Stuff (1994)
Guess I'm in Love (Marley Marl Remix),"Cheryl ""Pepsii"" Riley",Hip-Hop / Rap / R&B,Drums,"by Cheryl ""Pepsii"" Riley (1993)"
J'Me Véner,Timide Et Sans Complexe,Hip-Hop / Rap / R&B,Drums,by Timide Et Sans Complexe (1995)
Checkin' Out the Ave. (Ghetto Remix),Pudgee,Hip-Hop / Rap / R&B,Drums,by Pudgee (1993)
FREE INTERNET 4 ALL VILLAGE KIDZ,Penisland,Electronic / Dance,Drums,by Penisland feat. I Got Back Pain (2020)
FREE INTERNET 4 ALL VILLAGE KIDZ,I Got Back Pain,Electronic / Dance,Drums,by Penisland feat. I Got Back Pain (2020)
At My Spheres (FunkinEven Remix),Sandra St. Victor,Hip-Hop / Rap / R&B,Drums,by Sandra St. Victor (2010)
Girls Love the Jam,Figure Uv Speech,Hip-Hop / Rap / R&B,Drums,by Figure Uv Speech (1993)
All Live,Micranots,Hip-Hop / Rap / R&B,Drums,by Micranots (1999)
Hey You,CNBLUE,Rock / Pop,Drums,by CNBLUE (2012)
Pauze 2 Da Drama,Main One,Hip-Hop / Rap / R&B,Drums,by Main One (1995)
Bounce (Radio Edit Remix),Stylz,Hip-Hop / Rap / R&B,Drums,by Stylz (1993)
Only for the Wicked,Earthquake,Hip-Hop / Rap / R&B,Drums,by Earthquake (1994)
Tragic Charade,Shortie No Mass,Hip-Hop / Rap / R&B,Drums,by Shortie No Mass (2021)
Come to USA,Ill Mitch,Hip-Hop / Rap / R&B,Drums,by Ill Mitch (2002)
What to Do,Classified,Hip-Hop / Rap / R&B,Drums,by Classified (1995)
Incorruptibles (Bonus Track Inedit Short Mix),3 Griffes,Hip-Hop / Rap / R&B,Drums,by 3 Griffes (2002)
Pornophantasya,Nazión Sur,Hip-Hop / Rap / R&B,Drums,by Nazión Sur (1994)
Break Bread,Illogic,Hip-Hop / Rap / R&B,Drums,by Illogic feat. Blueprint (2001)
Break Bread,Blueprint,Hip-Hop / Rap / R&B,Drums,by Illogic feat. Blueprint (2001)
Why You Wanna Test My Skills?,Gunslinguz,Hip-Hop / Rap / R&B,Drums,by Gunslinguz (1995)
Baddest Mutha,Freddie Cruger,Hip-Hop / Rap / R&B,Drums,by Freddie Cruger feat. Desmond Foster (2005)
Baddest Mutha,Desmond Foster,Hip-Hop / Rap / R&B,Drums,by Freddie Cruger feat. Desmond Foster (2005)
Eeeeho!,Nazión Sur,Hip-Hop / Rap / R&B,Drums,by Nazión Sur (1994)
Ya Dayz Are Go Done,No Description Given,Hip-Hop / Rap / R&B,Drums,by No Description Given (1994)
Ravers Suck Our Sound and Get Fuck,La Funk Mob,Electronic / Dance,Drums,by La Funk Mob (1994)
U,P.M. Dawn,Hip-Hop / Rap / R&B,Drums,by P.M. Dawn (2019)
Come On,The Henchmen,Hip-Hop / Rap / R&B,Drums,by The Henchmen (1994)
Triple Threat Medley,Da Phlayva,Hip-Hop / Rap / R&B,Drums,by Da Phlayva (1993)
(Giving Them) No Room 2 Breathe,Dynamic Twins,Hip-Hop / Rap / R&B,Drums,by Dynamic Twins (1993)
Megamix (Edit),DJ Jazzy Jeff & the Fresh Prince,Hip-Hop / Rap / R&B,Drums,by DJ Jazzy Jeff & the Fresh Prince (1998)
My Game Is Deep,The B.R.O.T.H.A. Chilly-T,Hip-Hop / Rap / R&B,Drums,by The B.R.O.T.H.A. Chilly-T and The Boom Squad (1993)
My Game Is Deep,The Boom Squad,Hip-Hop / Rap / R&B,Drums,by The B.R.O.T.H.A. Chilly-T and The Boom Squad (1993)
This Is What Happens,Polar Pair,Electronic / Dance,Drums,by Polar Pair feat. Atlantis (Spoken Word) (2009)
This Is What Happens,Atlantis (Spoken Word),Electronic / Dance,Drums,by Polar Pair feat. Atlantis (Spoken Word) (2009)
Bigg Black Boots,Gunslinguz,Hip-Hop / Rap / R&B,Drums,by Gunslinguz (1995)
Startime,Dope Posse,Hip-Hop / Rap / R&B,Drums,by Dope Posse (1991)
Lite Samethin',Little Bruce,Hip-Hop / Rap / R&B,Drums,by Little Bruce (1994)
Territoire Interdit,Psykopat,Hip-Hop / Rap / R&B,Drums,by Psykopat (1998)
Skull & Bones,Domingo,Hip-Hop / Rap / R&B,Drums,by Domingo feat. Hell Razah (2013)
Skull & Bones,Hell Razah,Hip-Hop / Rap / R&B,Drums,by Domingo feat. Hell Razah (2013)
La K Y La L,Kase.O,Hip-Hop / Rap / R&B,Drums,by Kase.O (1995)
ëMC,Bëlga,Other,Drums,by Bëlga (2013)
If You Wanna Groove (2 in a Room Club Mix),A Lighter Shade of Brown,Hip-Hop / Rap / R&B,Drums,by A Lighter Shade of Brown (1994)
PENISLAND MEGAMASHUP,Penisland,Electronic / Dance,Drums,by Penisland (2021)
Gangsta (Remix),Bell Biv DeVoe,Hip-Hop / Rap / R&B,Drums,by Bell Biv DeVoe (1993)
Ready to Wreck (Street Version),Figure Uv Speech,Hip-Hop / Rap / R&B,Drums,by Figure Uv Speech (1993)
Out the Gutters,Psych Ward,Hip-Hop / Rap / R&B,Drums,by Psych Ward (2005)
Caught Up in the System (Down Low Vocal),Underground Mafia,Hip-Hop / Rap / R&B,Drums,by Underground Mafia (1992)
On and On,Ran Reed,Hip-Hop / Rap / R&B,Drums,by Ran Reed (2012)
よよよよ,キミドリ,Hip-Hop / Rap / R&B,Drums,by キミドリ (1996)
Live From the Opium Den,Justin Warfield,Hip-Hop / Rap / R&B,Drums,by Justin Warfield (1993)
Megamix (Extended Version),DJ Jazzy Jeff & the Fresh Prince,Hip-Hop / Rap / R&B,Drums,by DJ Jazzy Jeff & the Fresh Prince (1998)
1134,Dom & Roland,Electronic / Dance,Drums,by Dom & Roland feat. Hive (2009)
1134,Hive,Electronic / Dance,Drums,by Dom & Roland feat. Hive (2009)
We Ain't Nothin' Nice,Stylz & the J.I.Z.,Hip-Hop / Rap / R&B,Drums,by Stylz & the J.I.Z. (1992)
Incredible,The Brotherhood,Hip-Hop / Rap / R&B,Drums,by The Brotherhood (1996)
BETTER THINGS,Spencer.,Hip-Hop / Rap / R&B,Drums,by Spencer. (2017)
State Troopers,Cornershop,Electronic / Dance,Drums,by Cornershop (1997)
Come on Baby,Sonic,Electronic / Dance,Drums,by Sonic (2005)
You Got Me Floating,P.M. Dawn,Hip-Hop / Rap / R&B,Drums,by P.M. Dawn (1993)
Who's Da One Rappin,Okey Doke,Hip-Hop / Rap / R&B,Drums,by Okey Doke (1993)
Život MC-A,Bad Voice,Hip-Hop / Rap / R&B,Drums,by Bad Voice feat. L Rock (2012)
Život MC-A,L Rock,Hip-Hop / Rap / R&B,Drums,by Bad Voice feat. L Rock (2012)
No Communication,Bingoboys,Electronic / Dance,Drums,by Bingoboys (1994)
Imagine,W.L.A.K,Hip-Hop / Rap / R&B,Drums,"by W.L.A.K and Dre Murray feat. Alex Faith, Christon Gray and Swoope (2013)"
Imagine,Dre Murray,Hip-Hop / Rap / R&B,Drums,"by W.L.A.K and Dre Murray feat. Alex Faith, Christon Gray and Swoope (2013)"
Imagine,Alex Faith,Hip-Hop / Rap / R&B,Drums,"by W.L.A.K and Dre Murray feat. Alex Faith, Christon Gray and Swoope (2013)"
Imagine,Christon Gray,Hip-Hop / Rap / R&B,Drums,"by W.L.A.K and Dre Murray feat. Alex Faith, Christon Gray and Swoope (2013)"
Imagine,Swoope,Hip-Hop / Rap / R&B,Drums,"by W.L.A.K and Dre Murray feat. Alex Faith, Christon Gray and Swoope (2013)"
Krv,Juice (Serbian Rapper),Hip-Hop / Rap / R&B,Drums,by Juice (Serbian Rapper) (2015)
Rock Bottom of the Map,Mother Superia,Hip-Hop / Rap / R&B,Drums,by Mother Superia (1993)
Varios Días,Linyeras Cru,Hip-Hop / Rap / R&B,Drums,by Linyeras Cru (2016)
Ombre,Sunshine,Hip-Hop / Rap / R&B,Drums,by Sunshine (1996)
Pearl of Compassion,Naked Funk,Electronic / Dance,Drums,by Naked Funk (1996)
Back to the Rubber Room,Crustified Dibbs,Hip-Hop / Rap / R&B,Drums,by Crustified Dibbs (1994)
Iqstrumental,Dizkret,Hip-Hop / Rap / R&B,Drums,by Dizkret and Praktik feat. DJ Romek (2002)
Iqstrumental,Praktik,Hip-Hop / Rap / R&B,Drums,by Dizkret and Praktik feat. DJ Romek (2002)
Iqstrumental,DJ Romek,Hip-Hop / Rap / R&B,Drums,by Dizkret and Praktik feat. DJ Romek (2002)
Birdman,Zero G,Hip-Hop / Rap / R&B,Multiple Elements,by Zero G (2017)
Singles Party,Greyboy,Electronic / Dance,Drums,by Greyboy (1993)
Digits,Fan_3,Hip-Hop / Rap / R&B,Drums,by Fan_3 (2004)
Jail Break,Dirt Nation,Hip-Hop / Rap / R&B,Drums,by Dirt Nation (1993)
Hemp Rally,Total Devastation,Hip-Hop / Rap / R&B,Drums,by Total Devastation (1993)
Positive Beams 1992,Ultramagnetic MC's,Hip-Hop / Rap / R&B,Drums,by Ultramagnetic MC's (1998)
Dirt & Grime,Jaz B. Lat'n,Hip-Hop / Rap / R&B,Drums,by Jaz B. Lat'n (1995)
"Lights, Camera, Action",Illegal,Hip-Hop / Rap / R&B,Drums,by Illegal (1993)
What a Blessing,90 MPH,Hip-Hop / Rap / R&B,Drums,by 90 MPH (1994)
It's Like That Y'all,Doctor Dré,Hip-Hop / Rap / R&B,Drums,by Doctor Dré and Ed Lover (1994)
It's Like That Y'all,Ed Lover,Hip-Hop / Rap / R&B,Drums,by Doctor Dré and Ed Lover (1994)
Keep Me High,Da Dysfunkshunal Familee,Hip-Hop / Rap / R&B,Drums,by Da Dysfunkshunal Familee (2009)
Gangsta Gangsta,Gangsta Shorties,Hip-Hop / Rap / R&B,Drums,by Gangsta Shorties (1994)
Grand Pooba... (Slop Mix),Father Dom,Hip-Hop / Rap / R&B,Drums,by Father Dom (1991)
Pas Mieux Demain,Teemour,Hip-Hop / Rap / R&B,Drums,by Teemour (1996)
Le Seul Remède,Melaaz,Hip-Hop / Rap / R&B,Drums,by Melaaz (1995)
Spasm,Dylan,Electronic / Dance,Drums,by Dylan (2000)
DJ Piinab Plaati,A-Rühm,Hip-Hop / Rap / R&B,Drums,by A-Rühm (1999)
Bang Your Head,10° Below (Hip-Hop Group),Hip-Hop / Rap / R&B,Drums,by 10° Below (Hip-Hop Group) (1993)
6 MC's,Kaotic Style,Hip-Hop / Rap / R&B,Multiple Elements,by Kaotic Style (1994)
Gimme Dat Micraphone,Das EFX,Hip-Hop / Rap / R&B,Drums,by Das EFX (1993)
Damnés,Ministere A.M.E.R.,Hip-Hop / Rap / R&B,Drums,by Ministere A.M.E.R. (1992)
Addicted to the Dope Game,A.M.W.,Hip-Hop / Rap / R&B,Drums,by A.M.W. (1990)
Got It Goin' On,Another Bad Creation,Hip-Hop / Rap / R&B,Drums,by Another Bad Creation (1993)
Hot Fuzz,Danny Byrd,Electronic / Dance,Drums,by Danny Byrd feat. Tomahawk (2010)
Hot Fuzz,Tomahawk,Electronic / Dance,Drums,by Danny Byrd feat. Tomahawk (2010)
Konya Wa Boogie Back,Kreva,Hip-Hop / Rap / R&B,Drums,by Kreva (2006)
Choc-Lit-Cit-E (Theme Song),Choc-Lit-Cit-E,Hip-Hop / Rap / R&B,Drums,by Choc-Lit-Cit-E (1994)
Glory Halagroovin,S.F.C.,Hip-Hop / Rap / R&B,Drums,by S.F.C. (1992)
Butterfly (1995),Herbie Hancock,Jazz / Blues,Drums,by Herbie Hancock (1995)
Sexwizja,Wzgórze Ya-Pa 3,Hip-Hop / Rap / R&B,Drums,by Wzgórze Ya-Pa 3 (1995)
Dance Music,Luke Vibert,Electronic / Dance,Drums,by Luke Vibert (1997)
I Like the Way,M-Phazes,Hip-Hop / Rap / R&B,Drums,by M-Phazes (2012)
I Specialize,Michael Speaks,Hip-Hop / Rap / R&B,Drums,by Michael Speaks (1995)
Do You Wanna Hear It?,Nubian Crackers,Hip-Hop / Rap / R&B,Drums,by Nubian Crackers feat. Artifacts (1993)
Do You Wanna Hear It?,Artifacts,Hip-Hop / Rap / R&B,Drums,by Nubian Crackers feat. Artifacts (1993)
You Got It Going On,Artie Dime,Hip-Hop / Rap / R&B,Multiple Elements,by Artie Dime (1993)
Switch,Senser,Electronic / Dance,Drums,by Senser (1994)
"Una Palabra, Una Mirada",Dann Niggaz,Hip-Hop / Rap / R&B,Drums,by Dann Niggaz feat. Lil Supa (2013)
"Una Palabra, Una Mirada",Lil Supa,Hip-Hop / Rap / R&B,Drums,by Dann Niggaz feat. Lil Supa (2013)
Stash House,Homicide,Hip-Hop / Rap / R&B,Drums,by Homicide (1993)
Sirena,Sin Bandera,Rock / Pop,Drums,by Sin Bandera (2001)
Can U Hear It?,KeyKool,Hip-Hop / Rap / R&B,Drums,by KeyKool and DJ Rhettmatic (1995)
Can U Hear It?,DJ Rhettmatic,Hip-Hop / Rap / R&B,Drums,by KeyKool and DJ Rhettmatic (1995)
Skip to My Loot,Tim Dog,Hip-Hop / Rap / R&B,Drums,by Tim Dog (1993)
Buck 'Em With the '9,Young Soldierz,Hip-Hop / Rap / R&B,Drums,by Young Soldierz and Nini X (1993)
Buck 'Em With the '9,Nini X,Hip-Hop / Rap / R&B,Drums,by Young Soldierz and Nini X (1993)
"Kulawe Prawo, Ślepa Sprawiedliwość",Afront,Hip-Hop / Rap / R&B,Drums,by Afront (2004)
This Dub's for You,Super Lover Cee & Casanova Rud,Hip-Hop / Rap / R&B,Drums,by Super Lover Cee & Casanova Rud (1993)
Jon Doe,Nine,Hip-Hop / Rap / R&B,Drums,by Nine (1996)
Coming Back,Masspike Miles,Hip-Hop / Rap / R&B,Drums,by Masspike Miles (2012)
A.I.D.S.,MC Paul Barman,Hip-Hop / Rap / R&B,Drums,by MC Paul Barman (2009)
I'm in the House,Da Dysfunkshunal Familee,Hip-Hop / Rap / R&B,Drums,by Da Dysfunkshunal Familee (2009)
Superstar Du Quartier,N.A.P.,Hip-Hop / Rap / R&B,Drums,by N.A.P. (1999)
Crack Da Weasel (Dat Other Shit),Da King & I,Hip-Hop / Rap / R&B,Drums,by Da King & I (1993)
Latifah's Had It Up 2 Here (Fort Greene Remix),Queen Latifah,Hip-Hop / Rap / R&B,Drums,by Queen Latifah (1991)
Sweat My Moves,Paul C,Hip-Hop / Rap / R&B,Drums,"by Paul C, Cko and Sta-la Fro (2013)"
Sweat My Moves,Cko,Hip-Hop / Rap / R&B,Drums,"by Paul C, Cko and Sta-la Fro (2013)"
Sweat My Moves,Sta-la Fro,Hip-Hop / Rap / R&B,Drums,"by Paul C, Cko and Sta-la Fro (2013)"
Blowin' Up the Spot,Ill Will,Hip-Hop / Rap / R&B,Drums,by Ill Will (1995)
So Whatcha Want Nigga!,The Grimm Reaper,Hip-Hop / Rap / R&B,Drums,by The Grimm Reaper (1993)
Problem Child (Remix),Constant Deviants,Hip-Hop / Rap / R&B,Drums,by Constant Deviants (2010)
Ill & Get Clowned,Shadz of Lingo,Hip-Hop / Rap / R&B,Drums,by Shadz of Lingo (1994)
My Dick Is So Large,Yaggfu Front,Hip-Hop / Rap / R&B,Drums,by Yaggfu Front (1994)
Harder!!,DJ Jazzy Jeff,Hip-Hop / Rap / R&B,Drums,by DJ Jazzy Jeff and Dayne Jordan (2015)
Harder!!,Dayne Jordan,Hip-Hop / Rap / R&B,Drums,by DJ Jazzy Jeff and Dayne Jordan (2015)
Wanna Be Rich,A+,Soul / Funk / Disco,Drums,by A+ (1996)
Fly on the Windscreen,God Lives Underwater,Rock / Pop,Drums,by God Lives Underwater (1998)
Riders of the Storm,Boogiemonsters,Hip-Hop / Rap / R&B,Drums,by Boogiemonsters (1994)
Shakiyla (DJ Shadow Remix),Poor Righteous Teachers,Hip-Hop / Rap / R&B,Drums,by Poor Righteous Teachers (2007)
De Goeie in 'T Vloeien,Osdorp Posse,Hip-Hop / Rap / R&B,Drums,by Osdorp Posse (1995)
Up at Stretch & Bobbito's,Juggaknots,Hip-Hop / Rap / R&B,Drums,by Juggaknots (2002)
Bring the Funk,Str8-G,Hip-Hop / Rap / R&B,Drums,by Str8-G feat. Tragedy Khadafi (1994)
Bring the Funk,Tragedy Khadafi,Hip-Hop / Rap / R&B,Drums,by Str8-G feat. Tragedy Khadafi (1994)
Tweakin' (A Mix),George Clinton,Soul / Funk / Disco,Multiple Elements,by George Clinton (1989)
Head Banger (Remix Radio Edit),EPMD,Hip-Hop / Rap / R&B,Drums,by EPMD feat. K-Solo and Redman (1992)
Head Banger (Remix Radio Edit),K-Solo,Hip-Hop / Rap / R&B,Drums,by EPMD feat. K-Solo and Redman (1992)
Head Banger (Remix Radio Edit),Redman,Hip-Hop / Rap / R&B,Drums,by EPMD feat. K-Solo and Redman (1992)
Big Boyz,Ruggedn' Ess,Hip-Hop / Rap / R&B,Drums,by Ruggedn' Ess and Madd Drama (1993)
Big Boyz,Madd Drama,Hip-Hop / Rap / R&B,Drums,by Ruggedn' Ess and Madd Drama (1993)
Do You Wanna Get Funky (Ghetto Remix),C+C Music Factory,Hip-Hop / Rap / R&B,Drums,by C+C Music Factory (1994)
Playa Hayta,Saafir,Hip-Hop / Rap / R&B,Drums,by Saafir (1994)
Top of the Line,M.O.P.,Hip-Hop / Rap / R&B,Drums,by M.O.P. (1994)
Tha Show,Wreckx-N-Effect,Hip-Hop / Rap / R&B,Drums,by Wreckx-N-Effect (1996)
Friend Indeed,Nicole Bus,Hip-Hop / Rap / R&B,Drums,by Nicole Bus (2019)
Fuck MTV,The Outlaws (2),Hip-Hop / Rap / R&B,Drums,by The Outlaws (2) (1993)
Vento Freddo (Album Version),Neffa,Hip-Hop / Rap / R&B,Drums,by Neffa feat. Al Castellana (1998)
Vento Freddo (Album Version),Al Castellana,Hip-Hop / Rap / R&B,Drums,by Neffa feat. Al Castellana (1998)
Krunchtime,Terminator X,Hip-Hop / Rap / R&B,Drums,by Terminator X and The Godfathers of Threatt feat. Melquan and Punk Barbarians (1994)
Krunchtime,The Godfathers of Threatt,Hip-Hop / Rap / R&B,Drums,by Terminator X and The Godfathers of Threatt feat. Melquan and Punk Barbarians (1994)
Krunchtime,Melquan,Hip-Hop / Rap / R&B,Drums,by Terminator X and The Godfathers of Threatt feat. Melquan and Punk Barbarians (1994)
Krunchtime,Punk Barbarians,Hip-Hop / Rap / R&B,Drums,by Terminator X and The Godfathers of Threatt feat. Melquan and Punk Barbarians (1994)
Fuck All Y'all,Da Dysfunkshunal Familee,Hip-Hop / Rap / R&B,Drums,by Da Dysfunkshunal Familee (2010)
Crazy Like a Foxxx (Alternate Mix),Freddie Foxxx,Hip-Hop / Rap / R&B,Drums,by Freddie Foxxx (1994)
Vooodu!,Vooodu,Hip-Hop / Rap / R&B,Drums,by Vooodu (1992)
All the Time,Nicole Willis,Hip-Hop / Rap / R&B,Drums,by Nicole Willis (2000)
Magnolia,Lushlife,Hip-Hop / Rap / R&B,Drums,by Lushlife (2012)
Get a Job,Slick Rick,Hip-Hop / Rap / R&B,Drums,by Slick Rick (1994)
Dalmations,Mazzi,Hip-Hop / Rap / R&B,Drums,by Mazzi feat. Soul Purpose (2016)
Dalmations,Soul Purpose,Hip-Hop / Rap / R&B,Drums,by Mazzi feat. Soul Purpose (2016)
Autumn,DJ Die,Electronic / Dance,Drums,by DJ Die (1999)
Short Life of a Gangsta,Lifers Group,Hip-Hop / Rap / R&B,Drums,by Lifers Group (1993)
From Kidoairaku,Scha Dara Parr,Hip-Hop / Rap / R&B,Drums,by Scha Dara Parr (1995)
Frisco,I.M.P.,Hip-Hop / Rap / R&B,Drums,by I.M.P. (1993)
Smooth,Wreckx-N-Effect,Hip-Hop / Rap / R&B,Drums,by Wreckx-N-Effect (1992)
Host Wit Da Most (Rappaz Remix),Das EFX,Hip-Hop / Rap / R&B,Drums,by Das EFX (1993)
Soul Swinger,Freedom of Soul,Hip-Hop / Rap / R&B,Drums,by Freedom of Soul (1994)
Barabba,Jovanotti,Hip-Hop / Rap / R&B,Drums,by Jovanotti (1994)
Rabbit Stew,Raw Breed,Hip-Hop / Rap / R&B,Drums,by Raw Breed (1993)
I Don't Know,Abstract Rude,Hip-Hop / Rap / R&B,Drums,"by Abstract Rude, Aceyalone and Riddlore (1995)"
I Don't Know,Aceyalone,Hip-Hop / Rap / R&B,Drums,"by Abstract Rude, Aceyalone and Riddlore (1995)"
I Don't Know,Riddlore,Hip-Hop / Rap / R&B,Drums,"by Abstract Rude, Aceyalone and Riddlore (1995)"
Arschloch,Die Fantastischen Vier,Hip-Hop / Rap / R&B,Drums,by Die Fantastischen Vier (1992)
Coisas Da Vida,Boss AC,Hip-Hop / Rap / R&B,Drums,by Boss AC (1998)
Laissez-nous Danser,IAM,Hip-Hop / Rap / R&B,Drums,by IAM (1993)
G-Milky (Unreleased),Hurricane G,Hip-Hop / Rap / R&B,Drums,by Hurricane G feat. Erick Sermon and Redman (1991)
G-Milky (Unreleased),Erick Sermon,Hip-Hop / Rap / R&B,Drums,by Hurricane G feat. Erick Sermon and Redman (1991)
G-Milky (Unreleased),Redman,Hip-Hop / Rap / R&B,Drums,by Hurricane G feat. Erick Sermon and Redman (1991)
Kushokan,Buddha Brand,Hip-Hop / Rap / R&B,Drums,by Buddha Brand (2019)
Head or Gut,Illegal,Hip-Hop / Rap / R&B,Drums,by Illegal (1993)
Smoke Uptown,Smuff Tha Quiz,Hip-Hop / Rap / R&B,Drums,by Smuff Tha Quiz (2013)
Nuttin' but Love (Classic Remix),Heavy D & the Boyz,Hip-Hop / Rap / R&B,Drums,by Heavy D & the Boyz (1994)
The Chronicles (I Will Always Love H.E.R.),Peanut Butter Wolf,Hip-Hop / Rap / R&B,Drums,by Peanut Butter Wolf (1996)
Scandalous,Luniz,Hip-Hop / Rap / R&B,Drums,by Luniz feat. Suga T (1997)
Scandalous,Suga T,Hip-Hop / Rap / R&B,Drums,by Luniz feat. Suga T (1997)
Flirt Avec Le Meurtre,Ministere A.M.E.R.,Hip-Hop / Rap / R&B,Drums,by Ministere A.M.E.R. (1994)
Stayed Away,Da Youngsta's,Hip-Hop / Rap / R&B,Drums,by Da Youngsta's (1994)
Giggahoe (Extremix Vocal),Shazzy,Hip-Hop / Rap / R&B,Drums,by Shazzy (1990)
Éternels Regrets,Dicidens,Hip-Hop / Rap / R&B,Drums,by Dicidens (2004)
Is It U,Calibre,Electronic / Dance,Drums,by Calibre (2005)
Don't Cum Strapped,Percee P,Hip-Hop / Rap / R&B,Drums,by Percee P (2005)
Hard Rhymes,The Wascals,Hip-Hop / Rap / R&B,Drums,by The Wascals (1994)
Swing Kidz,Ba Ba Kids,Hip-Hop / Rap / R&B,Drums,by Ba Ba Kids (1993)
4 Ütem,Sub Bass Monster,Hip-Hop / Rap / R&B,Drums,by Sub Bass Monster (1999)
Tara,Neat Beats,Hip-Hop / Rap / R&B,Drums,by Neat Beats (2015)
Digi Snacks Intro,RZA,Hip-Hop / Rap / R&B,Vocals / Lyrics,by RZA feat. Understanding (2008)
Digi Snacks Intro,Understanding,Hip-Hop / Rap / R&B,Vocals / Lyrics,by RZA feat. Understanding (2008)
"Play That Beat, Mr. DJ",DJ Skribble,Hip-Hop / Rap / R&B,Drums,by DJ Skribble and Gang Starr (1999)
"Play That Beat, Mr. DJ",Gang Starr,Hip-Hop / Rap / R&B,Drums,by DJ Skribble and Gang Starr (1999)
Watch My Moves,Dooley-O,Hip-Hop / Rap / R&B,Drums,by Dooley-O (2003)
Who You Be?,Bro-N-X,Hip-Hop / Rap / R&B,Drums,by Bro-N-X (1993)
Keep on (Searching),Original Flavor,Hip-Hop / Rap / R&B,Drums,by Original Flavor (1993)
Buck Em Down,DMG (DetriMental Ganxta),Hip-Hop / Rap / R&B,Drums,"by DMG (DetriMental Ganxta), Scarface, Big Mike and 5th Ward Boyz feat. 2 Low and Mr. 3-2 (1993)"
Buck Em Down,Scarface,Hip-Hop / Rap / R&B,Drums,"by DMG (DetriMental Ganxta), Scarface, Big Mike and 5th Ward Boyz feat. 2 Low and Mr. 3-2 (1993)"
Buck Em Down,Big Mike,Hip-Hop / Rap / R&B,Drums,"by DMG (DetriMental Ganxta), Scarface, Big Mike and 5th Ward Boyz feat. 2 Low and Mr. 3-2 (1993)"
Buck Em Down,5th Ward Boyz,Hip-Hop / Rap / R&B,Drums,"by DMG (DetriMental Ganxta), Scarface, Big Mike and 5th Ward Boyz feat. 2 Low and Mr. 3-2 (1993)"
Buck Em Down,2 Low,Hip-Hop / Rap / R&B,Drums,"by DMG (DetriMental Ganxta), Scarface, Big Mike and 5th Ward Boyz feat. 2 Low and Mr. 3-2 (1993)"
Buck Em Down,Mr. 3-2,Hip-Hop / Rap / R&B,Drums,"by DMG (DetriMental Ganxta), Scarface, Big Mike and 5th Ward Boyz feat. 2 Low and Mr. 3-2 (1993)"
Black Hole,Kaos One,Hip-Hop / Rap / R&B,Drums,by Kaos One (1996)
Mass Hysteria,Soma (Rap),Hip-Hop / Rap / R&B,Drums,by Soma (Rap) (1994)
Bump Ya Head,Mad Flava,Hip-Hop / Rap / R&B,Drums,by Mad Flava (1993)
Break the Chain,Big Joe Krash,Hip-Hop / Rap / R&B,Drums,by Big Joe Krash (1994)
Teach the Youth the Truth,Brother Shams,Hip-Hop / Rap / R&B,Drums,by Brother Shams (1991)
Anansi Abstrakt,DJ Spooky,Hip-Hop / Rap / R&B,Drums,by DJ Spooky (1996)
Buckwhyle Style,Tha Mexakinz,Hip-Hop / Rap / R&B,Drums,by Tha Mexakinz (1994)
If U Want It,Illegal,Hip-Hop / Rap / R&B,Drums,by Illegal (1993)
Hip Hop,Mr. Green,Hip-Hop / Rap / R&B,Drums,by Mr. Green and Pacewon (2008)
Hip Hop,Pacewon,Hip-Hop / Rap / R&B,Drums,by Mr. Green and Pacewon (2008)
Rhythm,Luke Vibert,Electronic / Dance,Multiple Elements,by Luke Vibert (2008)
Guns in the Playpen,Meyhem Lauren,Hip-Hop / Rap / R&B,Drums,by Meyhem Lauren feat. Gabbie Giftsz (2012)
Guns in the Playpen,Gabbie Giftsz,Hip-Hop / Rap / R&B,Drums,by Meyhem Lauren feat. Gabbie Giftsz (2012)
La Revanche,La Cliqua,Hip-Hop / Rap / R&B,Drums,by La Cliqua (1999)
Bird's Eye View,Bird (Rapper),Hip-Hop / Rap / R&B,Drums,by Bird (Rapper) (1992)
Per La Vita,Kaos One,Hip-Hop / Rap / R&B,Drums,by Kaos One (1996)
Da Whole Kit & Kaboodle,Mad Kap,Hip-Hop / Rap / R&B,Drums,by Mad Kap (1993)
Patchworkwendekids,Pöbel MC,Hip-Hop / Rap / R&B,Multiple Elements,by Pöbel MC (2020)
Still,Parazitii,Hip-Hop / Rap / R&B,Drums,by Parazitii (1996)
Nothing More,Deda,Hip-Hop / Rap / R&B,Drums,by Deda (2003)
Latimer,Twit One,Hip-Hop / Rap / R&B,Drums,by Twit One (2011)
Skills 101,Reks,Hip-Hop / Rap / R&B,Drums,by Reks (2000)
The Melody (On the Deuce by 44),Herbie Hancock,Hip-Hop / Rap / R&B,Drums,by Herbie Hancock (1994)
Funkadelic Relic,LL Cool J,Hip-Hop / Rap / R&B,Drums,by LL Cool J (1993)
Hai Sa Vorbim,Anonim,Hip-Hop / Rap / R&B,Drums,by Anonim (2005)
On the Run (Al Capone Version),Kool G Rap & DJ Polo,Hip-Hop / Rap / R&B,Drums,by Kool G Rap & DJ Polo (1992)
The Story,Dred Scott,Hip-Hop / Rap / R&B,Drums,by Dred Scott (1994)
Boom!,Shaquille O'Neal,Hip-Hop / Rap / R&B,Drums,by Shaquille O'Neal feat. Erick Sermon and Fu-sc (1993)
Boom!,Erick Sermon,Hip-Hop / Rap / R&B,Drums,by Shaquille O'Neal feat. Erick Sermon and Fu-sc (1993)
Boom!,Fu-sc,Hip-Hop / Rap / R&B,Drums,by Shaquille O'Neal feat. Erick Sermon and Fu-sc (1993)
Downtown (Street Radio Mix),SWV,Hip-Hop / Rap / R&B,Drums,by SWV (1993)
Release Me,The Troubleneck Brothers,Hip-Hop / Rap / R&B,Drums,by The Troubleneck Brothers (1992)
Did Et Dom,Mellowman,Hip-Hop / Rap / R&B,Drums,by Mellowman (1995)
I Need to Be,Wiley,Electronic / Dance,Drums,by Wiley (2008)
Wiggle,Father MC,Hip-Hop / Rap / R&B,Drums,by Father MC (1993)
The Imperial March,Celldweller,Electronic / Dance,Drums,by Celldweller (2015)
"Two Brothers With Checks (San Francisco, Harvey)",Ultramagnetic MC's,Hip-Hop / Rap / R&B,Drums,by Ultramagnetic MC's (1993)
Litery,Kaliber 44,Hip-Hop / Rap / R&B,Drums,by Kaliber 44 (2000)
Put Ya Handz Up (Track Crosser Edit),The Whooliganz,Hip-Hop / Rap / R&B,Drums,by The Whooliganz (1993)
Violent Mood Swings (Thread Mix),Stabbing Westward,Rock / Pop,Drums,by Stabbing Westward (1993)
Prodigy,MF911,Hip-Hop / Rap / R&B,Drums,by MF911 (1993)
In the Beginning,Maloney,Hip-Hop / Rap / R&B,Drums,by Maloney feat. Pacewon (2009)
In the Beginning,Pacewon,Hip-Hop / Rap / R&B,Drums,by Maloney feat. Pacewon (2009)
Still,Alanis Morissette,Rock / Pop,Drums,by Alanis Morissette (1999)
Wax Paper,J-Live,Hip-Hop / Rap / R&B,Drums,by J-Live (2001)
The Junkyard,Att Will,Hip-Hop / Rap / R&B,Drums,by Att Will (1993)
They Don't Know,Dred Scott,Hip-Hop / Rap / R&B,Drums,by Dred Scott (1994)
Jya Natsu Nande,Kaseki Cider,Hip-Hop / Rap / R&B,Drums,by Kaseki Cider (1996)
Sex Ain't the Only Thing,Jeff Redd,Hip-Hop / Rap / R&B,Drums,by Jeff Redd (1994)
Welcome to My World,Princess Superstar,Hip-Hop / Rap / R&B,Drums,by Princess Superstar (2001)
Shinika,Craig Mack,Hip-Hop / Rap / R&B,Drums,by Craig Mack (1994)
Shaolin Style,Maddoggz,Hip-Hop / Rap / R&B,Drums,by Maddoggz (1997)
Enter Spacecapsule (Enter the Spaceship Mix),Gerling,Electronic / Dance,Drums,by Gerling (1999)
Hold Your Hand,Del the Funky Homosapien,Hip-Hop / Rap / R&B,Drums,by Del the Funky Homosapien (2008)
We Got This,Brothers Uv Da Blakmarket,Hip-Hop / Rap / R&B,Drums,by Brothers Uv Da Blakmarket (1992)
Imma Gitz Mine,Erick Sermon,Hip-Hop / Rap / R&B,Drums,by Erick Sermon (1993)
Oh My Gosh,Vanilla Ice,Hip-Hop / Rap / R&B,Drums,by Vanilla Ice (1994)
Me & U,Gorilla Zoe,Hip-Hop / Rap / R&B,Drums,by Gorilla Zoe feat. Kris Kelly (2012)
Me & U,Kris Kelly,Hip-Hop / Rap / R&B,Drums,by Gorilla Zoe feat. Kris Kelly (2012)
Beyond Understanding,Ill Biskits,Hip-Hop / Rap / R&B,Drums,by Ill Biskits (1996)
Do You Wanna Hear It!,Suave (Rapper),Hip-Hop / Rap / R&B,Drums,by Suave (Rapper) (1993)
Celebration Flow,P-Money,Hip-Hop / Rap / R&B,Drums,by P-Money feat. Aaradhna and Talib Kweli (2013)
Celebration Flow,Aaradhna,Hip-Hop / Rap / R&B,Drums,by P-Money feat. Aaradhna and Talib Kweli (2013)
Celebration Flow,Talib Kweli,Hip-Hop / Rap / R&B,Drums,by P-Money feat. Aaradhna and Talib Kweli (2013)
Just Look Around (House of Pain Remix),Sick of It All,Hip-Hop / Rap / R&B,Drums,by Sick of It All (2004)
The Conflict,H.W.A.,Hip-Hop / Rap / R&B,Drums,by H.W.A. (1990)
El Legado,Legua York,Hip-Hop / Rap / R&B,Drums,by Legua York (2004)
Two Worlds,Amerigo Gazaway,Hip-Hop / Rap / R&B,Drums,by Amerigo Gazaway (2014)
The Blunted,Kings of Swing,Hip-Hop / Rap / R&B,Drums,by Kings of Swing (1993)
Naked City,DJ Smash,Electronic / Dance,Drums,by DJ Smash (2001)
Irrelevant / Dickie's Emporium,Mad Kap,Hip-Hop / Rap / R&B,Drums,by Mad Kap feat. Freeze Love (1993)
Irrelevant / Dickie's Emporium,Freeze Love,Hip-Hop / Rap / R&B,Drums,by Mad Kap feat. Freeze Love (1993)
Place U on Da Mental,Da Germ,Hip-Hop / Rap / R&B,Drums,by Da Germ (1993)
Trip Switch,N.R.G.,Electronic / Dance,Drums,by N.R.G. (1991)
The Aftermath,Da Youngsta's,Hip-Hop / Rap / R&B,Drums,by Da Youngsta's (1993)
In the Beginning,Sunz of Man,Hip-Hop / Rap / R&B,Drums,by Sunz of Man (1998)
Free Cheeze,Hoodratz,Hip-Hop / Rap / R&B,Drums,by Hoodratz (1993)
I Against I,John Wu,Hip-Hop / Rap / R&B,Drums,by John Wu (2011)
Make Room,Tim Dog,Hip-Hop / Rap / R&B,Drums,by Tim Dog (1993)
The Meaning of the Name,Lyrically Distorted,Hip-Hop / Rap / R&B,Drums,by Lyrically Distorted (1992)
Every Little Thing U Do (Mr. Kent's Mix),Christopher Williams,Hip-Hop / Rap / R&B,Drums,"by Christopher Williams feat. ""Buttnaked"" Tim Dawg (1993)"
Every Little Thing U Do (Mr. Kent's Mix),"""Buttnaked"" Tim Dawg",Hip-Hop / Rap / R&B,Drums,"by Christopher Williams feat. ""Buttnaked"" Tim Dawg (1993)"
Bentley Bump Musiq,Errol Barnes,Hip-Hop / Rap / R&B,Drums,by Errol Barnes (2011)
We Are One,Children of the Corn,Hip-Hop / Rap / R&B,Drums,by Children of the Corn (1994)
Ready to Wreck (Club Version),Figure Uv Speech,Hip-Hop / Rap / R&B,Drums,by Figure Uv Speech (1993)
Ting-A-Ling (Rough & Ready Mix),Shabba Ranks,Reggae / Dub,Multiple Elements,by Shabba Ranks (1993)
Supreme Team,The Niceguys,Hip-Hop / Rap / R&B,Drums,by The Niceguys (2009)
Digestif,PTF,Hip-Hop / Rap / R&B,Drums,by PTF (2008)
Fossa Magna,Velocity (Drum & Bass),Electronic / Dance,Drums,by Velocity (Drum & Bass) (2016)
Healing,Will Miles,Electronic / Dance,Drums,by Will Miles (2008)
Make Way for the Rudeboy,Papa Chuk,Hip-Hop / Rap / R&B,Drums,by Papa Chuk (1994)
Ill Demonic Clique,UMC's,Hip-Hop / Rap / R&B,Drums,"by UMC's feat. 321, Gold Rush and Rux (1994)"
Ill Demonic Clique,321,Hip-Hop / Rap / R&B,Drums,"by UMC's feat. 321, Gold Rush and Rux (1994)"
Ill Demonic Clique,Gold Rush,Hip-Hop / Rap / R&B,Drums,"by UMC's feat. 321, Gold Rush and Rux (1994)"
Ill Demonic Clique,Rux,Hip-Hop / Rap / R&B,Drums,"by UMC's feat. 321, Gold Rush and Rux (1994)"
Rei of Hope,Napoleon Da Legend,Hip-Hop / Rap / R&B,Drums,by Napoleon Da Legend (2019)
So Watcha Want?,MF Grimm,Hip-Hop / Rap / R&B,Drums,by MF Grimm (2005)
Do You Believe in Love?,Ashley Beedle,Electronic / Dance,Drums,by Ashley Beedle and The Uschi Classen Band (1996)
Do You Believe in Love?,The Uschi Classen Band,Electronic / Dance,Drums,by Ashley Beedle and The Uschi Classen Band (1996)
Ventilation,DJ JS-One,Hip-Hop / Rap / R&B,Drums,by DJ JS-One (2003)
9 Reasons,Brokin English Klik,Hip-Hop / Rap / R&B,Drums,by Brokin English Klik (1993)
20-May,Stegosaurus Rex,Electronic / Dance,Drums,by Stegosaurus Rex (2008)
Check Dis Out,Sha'dasious,Hip-Hop / Rap / R&B,Drums,by Sha'dasious (1994)
On Deck,Anotha Level,Hip-Hop / Rap / R&B,Drums,by Anotha Level (1994)
E.F. House of Rep.s (Raw Dog Version),East Flatbush House of Rep.s,Hip-Hop / Rap / R&B,Drums,by East Flatbush House of Rep.s (1996)
Some Ill Shit - Flip the Shit,Papa Chuk,Hip-Hop / Rap / R&B,Drums,by Papa Chuk (1994)
Sounds of Hip Hop (For the Dj's),Young and Da Resless,Hip-Hop / Rap / R&B,Drums,by Young and Da Resless (1993)
Dune,Dom & Roland,Electronic / Dance,Drums,by Dom & Roland (2011)
"Time to Get Busy, Busy",Mellow Man Ace,Hip-Hop / Rap / R&B,Drums,by Mellow Man Ace (1992)
Mir Elit Puncik!?,Tezsviir,Hip-Hop / Rap / R&B,Drums,by Tezsviir (2006)
Joy (Mess Your Head Up Mix),7669,Hip-Hop / Rap / R&B,Drums,by 7669 (1994)
Нездара,Бумбокс,Other,Drums,by Бумбокс (2006)
Grindin (Remix),Plan Bee,Hip-Hop / Rap / R&B,Drums,by Plan Bee (1994)
Stay Real (Remix),Erick Sermon,Hip-Hop / Rap / R&B,Drums,by Erick Sermon (1993)
Collapsed,Disphonia,Electronic / Dance,Drums,by Disphonia (2012)
Lyrical Trip,Sean T,Hip-Hop / Rap / R&B,Drums,by Sean T (1996)
Hands on Ya Pumpz,Downlow,Hip-Hop / Rap / R&B,Drums,by Downlow (1995)
It'z On,Tha Mexakinz,Hip-Hop / Rap / R&B,Drums,by Tha Mexakinz (1994)
That's What's Up,Greenhouse,Hip-Hop / Rap / R&B,Sound Effect / Other,by Greenhouse (2013)
125 Pennies for Your Thoughts,Kwest Tha Madd Lad,Hip-Hop / Rap / R&B,Drums,by Kwest Tha Madd Lad (1996)
Shorties,Rick Simon,Hip-Hop / Rap / R&B,Drums,by Rick Simon (1994)
Outro (Il Cuore E La Fame),E-Green,Hip-Hop / Rap / R&B,Drums,by E-Green feat. DJ Rash (2013)
Outro (Il Cuore E La Fame),DJ Rash,Hip-Hop / Rap / R&B,Drums,by E-Green feat. DJ Rash (2013)
Moving Target,Moving Target,Hip-Hop / Rap / R&B,Drums,by Moving Target (1992)
Study Life,Villain,Hip-Hop / Rap / R&B,Drums,by Villain (1994)
Hand Up (Gangsta Ryddim Mix),Axxis,Hip-Hop / Rap / R&B,Drums,by Axxis (1992)
Next Contestant,Figure Uv Speech,Hip-Hop / Rap / R&B,Drums,by Figure Uv Speech (1993)
Silencio,Ley 20Mil,Hip-Hop / Rap / R&B,Drums,by Ley 20Mil feat. DJ Veilside (2010)
Silencio,DJ Veilside,Hip-Hop / Rap / R&B,Drums,by Ley 20Mil feat. DJ Veilside (2010)
Caught Up,Underground Mafia,Hip-Hop / Rap / R&B,Drums,by Underground Mafia (1994)
No Bizness in Show Bizness,Juice With Soul,Hip-Hop / Rap / R&B,Drums,by Juice With Soul (1993)
We Not Tryin' to Hear That,K.I.D. (2),Hip-Hop / Rap / R&B,Drums,by K.I.D. (2) (1994)
Slap Stick,Rascalz,Hip-Hop / Rap / R&B,Drums,by Rascalz (1993)
Steady Rocking,Boca 45,Hip-Hop / Rap / R&B,Drums,by Boca 45 (2002)
Stay Out My Mix,Rondo & Crazy Rak,Hip-Hop / Rap / R&B,Drums,by Rondo & Crazy Rak (1994)
Parasites,J-Cut,Electronic / Dance,Drums,by J-Cut and Matik (DnB) (2006)
Parasites,Matik (DnB),Electronic / Dance,Drums,by J-Cut and Matik (DnB) (2006)
Televize,Chaozz,Hip-Hop / Rap / R&B,Drums,by Chaozz (1996)
Evdeki Ses,Karakan,Hip-Hop / Rap / R&B,Multiple Elements,by Karakan (1995)
Bounce,Mercenaries,Hip-Hop / Rap / R&B,Drums,by Mercenaries feat. RMR (Rashiid Hewitt) (1994)
Bounce,RMR (Rashiid Hewitt),Hip-Hop / Rap / R&B,Drums,by Mercenaries feat. RMR (Rashiid Hewitt) (1994)
Diary of a Madman,Scarface,Hip-Hop / Rap / R&B,Drums,by Scarface (1991)
Live the Life,Dela,Hip-Hop / Rap / R&B,Drums,by Dela feat. J. Sands (2008)
Live the Life,J. Sands,Hip-Hop / Rap / R&B,Drums,by Dela feat. J. Sands (2008)
That's How I Beat Shaq,Aaron Carter,Rock / Pop,Drums,by Aaron Carter (2000)
L'Axe,Fabe,Hip-Hop / Rap / R&B,Drums,by Fabe (1996)
The Ill Shit,Erick Sermon,Hip-Hop / Rap / R&B,Drums,by Erick Sermon feat. Ice Cube and Kam (1993)
The Ill Shit,Ice Cube,Hip-Hop / Rap / R&B,Drums,by Erick Sermon feat. Ice Cube and Kam (1993)
The Ill Shit,Kam,Hip-Hop / Rap / R&B,Drums,by Erick Sermon feat. Ice Cube and Kam (1993)
"Because of Love (Muggs 7"" W/Bass Intro)",Janet Jackson,Hip-Hop / Rap / R&B,Drums,by Janet Jackson (1993)
Grab the Train,Saafir,Hip-Hop / Rap / R&B,Drums,by Saafir feat. Jay-Z (Producer) (1994)
Grab the Train,Jay-Z (Producer),Hip-Hop / Rap / R&B,Drums,by Saafir feat. Jay-Z (Producer) (1994)
What You Gonna Do,Brother Arthur,Hip-Hop / Rap / R&B,Drums,by Brother Arthur (1994)
Sooner or Later,Freedom of Soul,Hip-Hop / Rap / R&B,Drums,by Freedom of Soul (1994)
Introduction to Psychoanalysis (Schizophrenia),Prince Paul,Hip-Hop / Rap / R&B,Drums,by Prince Paul feat. The Flipper (1996)
Introduction to Psychoanalysis (Schizophrenia),The Flipper,Hip-Hop / Rap / R&B,Drums,by Prince Paul feat. The Flipper (1996)
I'll Wax Anybody,Tim Dog,Hip-Hop / Rap / R&B,Drums,by Tim Dog (1991)
In the City,Da Youngsta's,Hip-Hop / Rap / R&B,Drums,by Da Youngsta's (1994)
Baknaffek (E-A-Ski/CMT Remix),Das EFX,Hip-Hop / Rap / R&B,Drums,by Das EFX (1993)
Wicked With Style,Outrage (Rapper),Hip-Hop / Rap / R&B,Drums,by Outrage (Rapper) (1994)
Disconnected,Stereo MC's,Hip-Hop / Rap / R&B,Drums,by Stereo MC's (1992)
New Ruff Flava,Da Dysfunkshunal Familee,Hip-Hop / Rap / R&B,Drums,by Da Dysfunkshunal Familee (1994)
Lähiörotat Skujaa,SMC Lähiörotat,Hip-Hop / Rap / R&B,Drums,by SMC Lähiörotat feat. Notkea Rotta (2011)
Lähiörotat Skujaa,Notkea Rotta,Hip-Hop / Rap / R&B,Drums,by SMC Lähiörotat feat. Notkea Rotta (2011)
What a Mess,Unanimous Decision,Hip-Hop / Rap / R&B,Drums,by Unanimous Decision (1993)
Regular Wreck,Mad House,Hip-Hop / Rap / R&B,Drums,by Mad House (2011)
La Muerte,The Black Dragon Squad,Hip-Hop / Rap / R&B,Drums,by The Black Dragon Squad (1996)
New Man Theme,Mr. Lif,Hip-Hop / Rap / R&B,Vocals / Lyrics,by Mr. Lif (2002)
Downtown (Jazzy Radio Mix),SWV,Hip-Hop / Rap / R&B,Drums,by SWV (1993)
The Lights Gone Out,Sham & the Professor,Hip-Hop / Rap / R&B,Drums,by Sham & the Professor (1994)
It Hurts the Most,2Pac,Hip-Hop / Rap / R&B,Drums,by 2Pac feat. Stretch (1993)
It Hurts the Most,Stretch,Hip-Hop / Rap / R&B,Drums,by 2Pac feat. Stretch (1993)
All About Da Money,Triggaman,Hip-Hop / Rap / R&B,Drums,by Triggaman (1994)
Ulterior Motive,Pendulum,Electronic / Dance,Drums,by Pendulum (2003)
R.N.S.,Vado,Hip-Hop / Rap / R&B,Drums,by Vado (2013)
Calm Tornado,Homeboy Sandman,Hip-Hop / Rap / R&B,Drums,by Homeboy Sandman (2010)
Attitudes,Rumpletilskinz,Hip-Hop / Rap / R&B,Drums,by Rumpletilskinz (1993)
On the Run (Untouchable Version),Kool G Rap & DJ Polo,Hip-Hop / Rap / R&B,Drums,by Kool G Rap & DJ Polo (1992)
Popopop !! (Freestyle),Suprême NTM,Hip-Hop / Rap / R&B,Drums,by Suprême NTM (1995)
One Two One Two,Ultramagnetic MC's,Hip-Hop / Rap / R&B,Drums,by Ultramagnetic MC's (1993)
Keepers of the Funk,Lords of the Underground,Hip-Hop / Rap / R&B,Drums,by Lords of the Underground feat. George Clinton (1994)
Keepers of the Funk,George Clinton,Hip-Hop / Rap / R&B,Drums,by Lords of the Underground feat. George Clinton (1994)
They Keep Asking Me,Rashad & Confidence,Hip-Hop / Rap / R&B,Drums,by Rashad & Confidence (2011)
Keep On,INI,Hip-Hop / Rap / R&B,Drums,by INI (2003)
All Night,Kaytranada,Hip-Hop / Rap / R&B,Drums,by Kaytranada (2016)
PBS / KAE,Tycho,Electronic / Dance,Drums,by Tycho (2004)
Hip-Hop,Majk Spirit,Hip-Hop / Rap / R&B,Drums,by Majk Spirit (2011)
Knock Em Out Da Box,Naughty by Nature,Hip-Hop / Rap / R&B,Drums,by Naughty by Nature feat. Rottin Razkals (1993)
Knock Em Out Da Box,Rottin Razkals,Hip-Hop / Rap / R&B,Drums,by Naughty by Nature feat. Rottin Razkals (1993)
Twinkle Twinkle (I'm Not a Star),DJ Jazzy Jeff & the Fresh Prince,Hip-Hop / Rap / R&B,Drums,by DJ Jazzy Jeff & the Fresh Prince (1993)
Change Gonna Come,Grand Puba,Hip-Hop / Rap / R&B,Vocals / Lyrics,by Grand Puba (1995)
Heavy Ammunition,Artifacts,Hip-Hop / Rap / R&B,Drums,by Artifacts (1994)
Is It Real (My Mind Still Playin' Tricks on Me),Willie D,Hip-Hop / Rap / R&B,Drums,by Willie D (1994)
Luie Mannen,Hef,Hip-Hop / Rap / R&B,Drums,by Hef (2008)
I Don't Want to Be Called Yo Nigga,Public Enemy,Hip-Hop / Rap / R&B,Multiple Elements,by Public Enemy (1991)
Silence of the Lambs,Showbiz & A.G.,Hip-Hop / Rap / R&B,Drums,by Showbiz & A.G. (1992)
Graal,Medium,Hip-Hop / Rap / R&B,Drums,by Medium (2012)
Choice of Weapons,Guru,Hip-Hop / Rap / R&B,Drums,by Guru feat. Dee C. Lee (1995)
Choice of Weapons,Dee C. Lee,Hip-Hop / Rap / R&B,Drums,by Guru feat. Dee C. Lee (1995)
Bullshit,Tha Alkaholiks,Hip-Hop / Rap / R&B,Drums,by Tha Alkaholiks (1993)
I Won't Give Up,Deee-Lite,Electronic / Dance,Drums,by Deee-Lite (1992)
Dope Bitch,The-Dream,Hip-Hop / Rap / R&B,Drums,by The-Dream feat. Pusha T (2012)
Dope Bitch,Pusha T,Hip-Hop / Rap / R&B,Drums,by The-Dream feat. Pusha T (2012)
Getdafucout,Onyx,Hip-Hop / Rap / R&B,Drums,by Onyx (1993)
Smash the Funk,GRiZ,Electronic / Dance,Drums,by GRiZ (2012)
Konya Wa Boogie Back,Kenji Ozawa,Hip-Hop / Rap / R&B,Drums,by Kenji Ozawa and Scha Dara Parr (1994)
Konya Wa Boogie Back,Scha Dara Parr,Hip-Hop / Rap / R&B,Drums,by Kenji Ozawa and Scha Dara Parr (1994)
All Things,Hieroglyphics,Hip-Hop / Rap / R&B,Drums,by Hieroglyphics (1998)
It Ain't a Crime,House of Pain,Hip-Hop / Rap / R&B,Drums,by House of Pain (1994)
Cheka,Method Man,Hip-Hop / Rap / R&B,Drums,by Method Man and Redman (1999)
Cheka,Redman,Hip-Hop / Rap / R&B,Drums,by Method Man and Redman (1999)
Mobb Dizzle,Bishop Nehru,Hip-Hop / Rap / R&B,Drums,by Bishop Nehru (2013)
Troubeaux,Jennifer Lopez,Rock / Pop,Drums,by Jennifer Lopez feat. Nas (2014)
Troubeaux,Nas,Rock / Pop,Drums,by Jennifer Lopez feat. Nas (2014)
Slalom Printre Cretini,Parazitii,Hip-Hop / Rap / R&B,Drums,by Parazitii (2007)
"Ruff, Rugged & Raw",Double XX Posse,Hip-Hop / Rap / R&B,Drums,by Double XX Posse (1995)
914,Pete Rock,Hip-Hop / Rap / R&B,Drums,"by Pete Rock, Sheek Louch and Styles P (2008)"
914,Sheek Louch,Hip-Hop / Rap / R&B,Drums,"by Pete Rock, Sheek Louch and Styles P (2008)"
914,Styles P,Hip-Hop / Rap / R&B,Drums,"by Pete Rock, Sheek Louch and Styles P (2008)"
Straight Out the Sewer,Das EFX,Hip-Hop / Rap / R&B,Drums,by Das EFX (1992)
Can't Hear Nothing but the Music,EPMD,Hip-Hop / Rap / R&B,Drums,by EPMD (1992)
Life Is Foul (Day),Mind Space,Hip-Hop / Rap / R&B,Drums,by Mind Space feat. Laurie McBroom (1996)
Life Is Foul (Day),Laurie McBroom,Hip-Hop / Rap / R&B,Drums,by Mind Space feat. Laurie McBroom (1996)
I Hear the Drummer,Luke Vibert,Electronic / Dance,Drums,by Luke Vibert (2000)
East Coast,Das EFX,Hip-Hop / Rap / R&B,Drums,by Das EFX (1992)
Skill Trade,Nice & Smooth,Hip-Hop / Rap / R&B,Drums,by Nice & Smooth (1989)
Problem,Method Man,Hip-Hop / Rap / R&B,Drums,by Method Man (2006)
Whatchu Want (Original Unreleased Version),The Notorious B.I.G.,Hip-Hop / Rap / R&B,Drums,by The Notorious B.I.G. (2008)
Ar.Mour,UNKLE,Electronic / Dance,Drums,by UNKLE feat. Miink and Elliot Power (2019)
Ar.Mour,Miink,Electronic / Dance,Drums,by UNKLE feat. Miink and Elliot Power (2019)
Ar.Mour,Elliot Power,Electronic / Dance,Drums,by UNKLE feat. Miink and Elliot Power (2019)
Grand Groove (Bonus Mix),Intelligent Hoodlum,Hip-Hop / Rap / R&B,Drums,by Intelligent Hoodlum (1993)
It Ain't Hard to Tell (The Stink Mix),Nas,Hip-Hop / Rap / R&B,Drums,by Nas (1994)
Drama Free,deadmau5,Electronic / Dance,Drums,by deadmau5 feat. Lights (2018)
Drama Free,Lights,Electronic / Dance,Drums,by deadmau5 feat. Lights (2018)
Back to the Basement,Doctor Destruction,Hip-Hop / Rap / R&B,Drums,"by Doctor Destruction and Se7enth Assassin feat. Big Lenbo, Silas and Castro (2021)"
Back to the Basement,Se7enth Assassin,Hip-Hop / Rap / R&B,Drums,"by Doctor Destruction and Se7enth Assassin feat. Big Lenbo, Silas and Castro (2021)"
Back to the Basement,Big Lenbo,Hip-Hop / Rap / R&B,Drums,"by Doctor Destruction and Se7enth Assassin feat. Big Lenbo, Silas and Castro (2021)"
Back to the Basement,Silas,Hip-Hop / Rap / R&B,Drums,"by Doctor Destruction and Se7enth Assassin feat. Big Lenbo, Silas and Castro (2021)"
Back to the Basement,Castro,Hip-Hop / Rap / R&B,Drums,"by Doctor Destruction and Se7enth Assassin feat. Big Lenbo, Silas and Castro (2021)"
Da Graveyard,Big L,Hip-Hop / Rap / R&B,Drums,"by Big L and Lord Finesse feat. Jay-Z, Party Arty and Grand Daddy I.U. (1995)"
Da Graveyard,Lord Finesse,Hip-Hop / Rap / R&B,Drums,"by Big L and Lord Finesse feat. Jay-Z, Party Arty and Grand Daddy I.U. (1995)"
Da Graveyard,Jay-Z,Hip-Hop / Rap / R&B,Drums,"by Big L and Lord Finesse feat. Jay-Z, Party Arty and Grand Daddy I.U. (1995)"
Da Graveyard,Party Arty,Hip-Hop / Rap / R&B,Drums,"by Big L and Lord Finesse feat. Jay-Z, Party Arty and Grand Daddy I.U. (1995)"
Da Graveyard,Grand Daddy I.U.,Hip-Hop / Rap / R&B,Drums,"by Big L and Lord Finesse feat. Jay-Z, Party Arty and Grand Daddy I.U. (1995)"
Eyes Closed,Netsky,Electronic / Dance,Drums,by Netsky (2010)
Death Wish,Force of Nature,Soundtrack / Library,Drums,by Force of Nature (2004)
Beautiful Light,Uppermost,Electronic / Dance,Drums,by Uppermost (2012)
That's How I'm Livin',Ice-T,Hip-Hop / Rap / R&B,Drums,by Ice-T (1993)
Da Mad Face Invasion,Onyx,Hip-Hop / Rap / R&B,Drums,by Onyx (1993)
Le Leggende Non Muoiono Mai,Don Joe & Shablo,Hip-Hop / Rap / R&B,Drums,"by Don Joe & Shablo, Jake La Furia, Noyz Narcos and J-Ax feat. Fabri Fibra, Marracash and Guè (2011)"
Le Leggende Non Muoiono Mai,Jake La Furia,Hip-Hop / Rap / R&B,Drums,"by Don Joe & Shablo, Jake La Furia, Noyz Narcos and J-Ax feat. Fabri Fibra, Marracash and Guè (2011)"
Le Leggende Non Muoiono Mai,Noyz Narcos,Hip-Hop / Rap / R&B,Drums,"by Don Joe & Shablo, Jake La Furia, Noyz Narcos and J-Ax feat. Fabri Fibra, Marracash and Guè (2011)"
Le Leggende Non Muoiono Mai,J-Ax,Hip-Hop / Rap / R&B,Drums,"by Don Joe & Shablo, Jake La Furia, Noyz Narcos and J-Ax feat. Fabri Fibra, Marracash and Guè (2011)"
Le Leggende Non Muoiono Mai,Fabri Fibra,Hip-Hop / Rap / R&B,Drums,"by Don Joe & Shablo, Jake La Furia, Noyz Narcos and J-Ax feat. Fabri Fibra, Marracash and Guè (2011)"
Le Leggende Non Muoiono Mai,Marracash,Hip-Hop / Rap / R&B,Drums,"by Don Joe & Shablo, Jake La Furia, Noyz Narcos and J-Ax feat. Fabri Fibra, Marracash and Guè (2011)"
Le Leggende Non Muoiono Mai,Guè,Hip-Hop / Rap / R&B,Drums,"by Don Joe & Shablo, Jake La Furia, Noyz Narcos and J-Ax feat. Fabri Fibra, Marracash and Guè (2011)"
Pacman,Ed Rush & Optical,Electronic / Dance,Drums,by Ed Rush & Optical (2000)
Who Stole My Last Piece of Chicken?,Organized Konfusion,Hip-Hop / Rap / R&B,Drums,by Organized Konfusion (1991)
Deep Shit Pt. 1 & Pt. 2,Kruder & Dorfmeister,Electronic / Dance,Drums,by Kruder & Dorfmeister (1993)
Watch Yo Nuggets,Redman,Hip-Hop / Rap / R&B,Drums,by Redman feat. Erick Sermon (1992)
Watch Yo Nuggets,Erick Sermon,Hip-Hop / Rap / R&B,Drums,by Redman feat. Erick Sermon (1992)
God's Day Off,Ugly Heroes,Hip-Hop / Rap / R&B,Drums,by Ugly Heroes (2013)
Roll & Tumble,DJ Krush,Hip-Hop / Rap / R&B,Drums,by DJ Krush (1994)
Funky,DJ Shadow,Jazz / Blues,Drums,by DJ Shadow and Cut Chemist (2008)
Funky,Cut Chemist,Jazz / Blues,Drums,by DJ Shadow and Cut Chemist (2008)
Hip-hop,Pacewon,Hip-Hop / Rap / R&B,Drums,by Pacewon (2008)
It's a New Day,Heavy D & the Boyz,Hip-Hop / Rap / R&B,Multiple Elements,by Heavy D & the Boyz (1992)
Hittin' Switches,Erick Sermon,Hip-Hop / Rap / R&B,Drums,by Erick Sermon (1993)
Check the Vibe (Check Another Vibe Remix),Dred Scott,Hip-Hop / Rap / R&B,Drums,by Dred Scott feat. Adriana Evans (1994)
Check the Vibe (Check Another Vibe Remix),Adriana Evans,Hip-Hop / Rap / R&B,Drums,by Dred Scott feat. Adriana Evans (1994)
Mic Checka,Das EFX,Hip-Hop / Rap / R&B,Drums,by Das EFX (1992)
Who You Think I Am,MF DOOM,Hip-Hop / Rap / R&B,Drums,"by MF DOOM, King Caesar, Rodan and Megalon feat. Kamackeris and Kong (1999)"
Who You Think I Am,King Caesar,Hip-Hop / Rap / R&B,Drums,"by MF DOOM, King Caesar, Rodan and Megalon feat. Kamackeris and Kong (1999)"
Who You Think I Am,Rodan,Hip-Hop / Rap / R&B,Drums,"by MF DOOM, King Caesar, Rodan and Megalon feat. Kamackeris and Kong (1999)"
Who You Think I Am,Megalon,Hip-Hop / Rap / R&B,Drums,"by MF DOOM, King Caesar, Rodan and Megalon feat. Kamackeris and Kong (1999)"
Who You Think I Am,Kamackeris,Hip-Hop / Rap / R&B,Drums,"by MF DOOM, King Caesar, Rodan and Megalon feat. Kamackeris and Kong (1999)"
Who You Think I Am,Kong,Hip-Hop / Rap / R&B,Drums,"by MF DOOM, King Caesar, Rodan and Megalon feat. Kamackeris and Kong (1999)"
Jogi,Panjabi MC,World / Latin,Drums,by Panjabi MC (2003)
Good Music Cypher,Kanye West,Hip-Hop / Rap / R&B,Multiple Elements,"by Kanye West and Common feat. Pusha T, Big Sean and CyHi the Prynce (2010)"
Good Music Cypher,Common,Hip-Hop / Rap / R&B,Multiple Elements,"by Kanye West and Common feat. Pusha T, Big Sean and CyHi the Prynce (2010)"
Good Music Cypher,Pusha T,Hip-Hop / Rap / R&B,Multiple Elements,"by Kanye West and Common feat. Pusha T, Big Sean and CyHi the Prynce (2010)"
Good Music Cypher,Big Sean,Hip-Hop / Rap / R&B,Multiple Elements,"by Kanye West and Common feat. Pusha T, Big Sean and CyHi the Prynce (2010)"
Good Music Cypher,CyHi the Prynce,Hip-Hop / Rap / R&B,Multiple Elements,"by Kanye West and Common feat. Pusha T, Big Sean and CyHi the Prynce (2010)"
"Le Bien, Le Mal",Guru,Hip-Hop / Rap / R&B,Drums,by Guru feat. MC Solaar (1993)
"Le Bien, Le Mal",MC Solaar,Hip-Hop / Rap / R&B,Drums,by Guru feat. MC Solaar (1993)
In Your Room (The Jeep Rock Mix),Depeche Mode,Electronic / Dance,Drums,by Depeche Mode (1994)
Sally Got a One Track Mind,Diamond D,Hip-Hop / Rap / R&B,Drums,by Diamond D and The Psychotic Neurotics (1992)
Sally Got a One Track Mind,The Psychotic Neurotics,Hip-Hop / Rap / R&B,Drums,by Diamond D and The Psychotic Neurotics (1992)
"Mommy, What's a Gravedigga?",Gravediggaz,Hip-Hop / Rap / R&B,Drums,by Gravediggaz (1994)
What I'm After,Lords of the Underground,Hip-Hop / Rap / R&B,Drums,by Lords of the Underground (1994)
Le Bitume Avec Une Plume,Booba,Hip-Hop / Rap / R&B,Drums,by Booba (2002)
Step Back,Eric B. & Rakim,Hip-Hop / Rap / R&B,Vocals / Lyrics,by Eric B. & Rakim (1990)
Throw Ya Gunz,Onyx,Hip-Hop / Rap / R&B,Drums,by Onyx (1992)
For Corners,Digable Planets,Hip-Hop / Rap / R&B,Drums,by Digable Planets feat. Monica Payne (1994)
For Corners,Monica Payne,Hip-Hop / Rap / R&B,Drums,by Digable Planets feat. Monica Payne (1994)
Soldiers of Darkness,Sunz of Man,Hip-Hop / Rap / R&B,Drums,by Sunz of Man feat. Killarmy (1995)
Soldiers of Darkness,Killarmy,Hip-Hop / Rap / R&B,Drums,by Sunz of Man feat. Killarmy (1995)
Me and My Crew,Mobb Deep,Hip-Hop / Rap / R&B,Drums,by Mobb Deep (1993)
Written on Ya Kitten (QDIII Radio Edit),Naughty by Nature,Hip-Hop / Rap / R&B,Drums,by Naughty by Nature (1993)
