Fools Gold,The Stone Roses,Rock / Pop,Drums,by The Stone Roses (1989)
Frozen,Madonna,Rock / Pop,Drums,by Madonna (1998)
Raw,Big Daddy Kane,Hip-Hop / Rap / R&B,Multiple Elements,by Big Daddy Kane (1987)
Wannabe,Spice Girls,Rock / Pop,Drums,by Spice Girls (1996)
Lane Boy,Twenty One Pilots,Rock / Pop,Drums,by Twenty One Pilots (2015)
Everybody Everybody,Black Box,Electronic / Dance,Drums,by Black Box feat. Martha Wash (1990)
Everybody Everybody,Martha Wash,Electronic / Dance,Drums,by Black Box feat. Martha Wash (1990)
Pump Up the Volume (UK Remix),M|A|R|R|S,Electronic / Dance,Drums,by M|A|R|R|S (1987)
What to Do,Thomas Bangalter,Electronic / Dance,Drums,by Thomas Bangalter (1995)
Good Vibrations,Marky Mark and the Funky Bunch,Hip-Hop / Rap / R&B,Drums,by Marky Mark and the Funky Bunch feat. Loleatta Holloway (1991)
Good Vibrations,Loleatta Holloway,Hip-Hop / Rap / R&B,Drums,by Marky Mark and the Funky Bunch feat. Loleatta Holloway (1991)
Halcyon,Orbital,Electronic / Dance,Drums,by Orbital (1992)
Charly (Alley Cat Mix),The Prodigy,Electronic / Dance,Drums,by The Prodigy (1991)
Sehnsucht,Rammstein,Rock / Pop,Drums,by Rammstein (1997)
PAPAT4 (Pineal Mix),Aphex Twin,Electronic / Dance,Drums,by Aphex Twin (2014)
Sweet Harmony,Liquid,Electronic / Dance,Drums,by Liquid (1992)
Radio Babylon,Meat Beat Manifesto,Electronic / Dance,Drums,by Meat Beat Manifesto (1990)
I'm Too Sexy,Right Said Fred,Rock / Pop,Drums,by Right Said Fred (1991)
Fools Gold,The Stone Roses,Rock / Pop,Drums,by The Stone Roses (1989)
Frozen,Madonna,Rock / Pop,Drums,by Madonna (1998)
Raw,Big Daddy Kane,Hip-Hop / Rap / R&B,Multiple Elements,by Big Daddy Kane (1987)
Wannabe,Spice Girls,Rock / Pop,Drums,by Spice Girls (1996)
Lane Boy,Twenty One Pilots,Rock / Pop,Drums,by Twenty One Pilots (2015)
Everybody Everybody,Black Box,Electronic / Dance,Drums,by Black Box feat. Martha Wash (1990)
Everybody Everybody,Martha Wash,Electronic / Dance,Drums,by Black Box feat. Martha Wash (1990)
Pump Up the Volume (UK Remix),M|A|R|R|S,Electronic / Dance,Drums,by M|A|R|R|S (1987)
What to Do,Thomas Bangalter,Electronic / Dance,Drums,by Thomas Bangalter (1995)
Good Vibrations,Marky Mark and the Funky Bunch,Hip-Hop / Rap / R&B,Drums,by Marky Mark and the Funky Bunch feat. Loleatta Holloway (1991)
Good Vibrations,Loleatta Holloway,Hip-Hop / Rap / R&B,Drums,by Marky Mark and the Funky Bunch feat. Loleatta Holloway (1991)
Halcyon,Orbital,Electronic / Dance,Drums,by Orbital (1992)
Charly (Alley Cat Mix),The Prodigy,Electronic / Dance,Drums,by The Prodigy (1991)
Sehnsucht,Rammstein,Rock / Pop,Drums,by Rammstein (1997)
PAPAT4 (Pineal Mix),Aphex Twin,Electronic / Dance,Drums,by Aphex Twin (2014)
Sweet Harmony,Liquid,Electronic / Dance,Drums,by Liquid (1992)
Radio Babylon,Meat Beat Manifesto,Electronic / Dance,Drums,by Meat Beat Manifesto (1990)
I'm Too Sexy,Right Said Fred,Rock / Pop,Drums,by Right Said Fred (1991)
Magic Tonight (Dwarde Remix),Tim Reaper,Electronic / Dance,Drums,by Tim Reaper (2018)
Amber,T.Power,Electronic / Dance,Drums,by T.Power (1995)
Whoomps !!!,DJ Gizmo,Electronic / Dance,Drums,by DJ Gizmo and The Dark Raver (1994)
Whoomps !!!,The Dark Raver,Electronic / Dance,Drums,by DJ Gizmo and The Dark Raver (1994)
Energize,Island Universe,Electronic / Dance,Drums,by Island Universe (1993)
100% Pure,Detox & the Mighty Atom,Electronic / Dance,Drums,by Detox & the Mighty Atom (1994)
River Niger,Gappa G & Hyper Hypa,Electronic / Dance,Drums,by Gappa G & Hyper Hypa (1994)
Energise,Unknown Artist (Withhold),Electronic / Dance,Drums,by Unknown Artist (Withhold) (2020)
Cautionary Tales,ASC,Electronic / Dance,Drums,by ASC (2020)
Mr. Wichtig (Ocean Drive Radio Mix),Tic Tac Toe,Electronic / Dance,Drums,by Tic Tac Toe (1997)
Full Circle,Eusebeia,Electronic / Dance,Drums,by Eusebeia (2020)
Solitude,Persons Unknown,Electronic / Dance,Drums,by Persons Unknown (2020)
Uplifting Pad Business,Law (Drum and Bass),Electronic / Dance,Drums,by Law (Drum and Bass) and Kola Nut (2020)
Uplifting Pad Business,Kola Nut,Electronic / Dance,Drums,by Law (Drum and Bass) and Kola Nut (2020)
About Us,The Last Ronin,Electronic / Dance,Drums,by The Last Ronin (2021)
UK74R1825040,Aleksi Perälä,Electronic / Dance,Drums,by Aleksi Perälä (2018)
Motion Sickness (Downtown Mix),Persons Unknown,Electronic / Dance,Drums,by Persons Unknown (2020)
Shaku,Joakuim,Electronic / Dance,Drums,by Joakuim (2021)
Side a (ILL 005),Ill Behaviour,Electronic / Dance,Drums,by Ill Behaviour (2020)
Voodoo Jobcenta Man,Smiley Maxx,Electronic / Dance,Drums,by Smiley Maxx (2014)
UK74R1825050,Aleksi Perälä,Electronic / Dance,Drums,by Aleksi Perälä (2018)
Another Sunlight (Dead Man's Chest's Dutty Drums Version),Silent Dust,Electronic / Dance,Drums,by Silent Dust (2018)
RAW,Dub-Liner,Electronic / Dance,Drums,by Dub-Liner (2020)
You Got to Slow Down (Enjoy Remix),Tek 9,Electronic / Dance,Drums,by Tek 9 (2020)
Prince of Cambridge,Sonic,Electronic / Dance,Drums,by Sonic (2020)
Feel,Guyver (Drum and Bass),Electronic / Dance,Drums,by Guyver (Drum and Bass) (1995)
Moon (Volatizer's Sunny Side Up Mix),Arck,Hip-Hop / Rap / R&B,Drums,by Arck (2020)
This Beat Kicks,DJ Gizmo,Electronic / Dance,Drums,by DJ Gizmo (1995)
Slide,Gappa G & Hyper Hypa,Electronic / Dance,Drums,by Gappa G & Hyper Hypa (1995)
Signal,Nino Brown (Drum and Bass),Electronic / Dance,Drums,by Nino Brown (Drum and Bass) (1996)
The Path,Gridzone,Electronic / Dance,Drums,by Gridzone (2020)
Proppa,Stagga,Electronic / Dance,Drums,by Stagga (2020)
Your Ting,Skitty,Electronic / Dance,Drums,by Skitty (2016)
Dance to the Speakers,Cooly Live,Hip-Hop / Rap / R&B,Drums,by Cooly Live (1992)
I Got 5 on It,Marc Benjamin,Electronic / Dance,Drums,by Marc Benjamin and Malarkey (2020)
I Got 5 on It,Malarkey,Electronic / Dance,Drums,by Marc Benjamin and Malarkey (2020)
Protection (DJ Narcs Remix),DannyLO,Electronic / Dance,Drums,by DannyLO (2012)
Black,DJ SS,Electronic / Dance,Drums,by DJ SS (1995)
Intimidator,Skanna,Electronic / Dance,Drums,by Skanna (1992)
Dreams of Earth,Nebula,Electronic / Dance,Drums,by Nebula (2017)
Static Charge,ASC,Electronic / Dance,Drums,by ASC (2020)
Rapture,Wardown,Electronic / Dance,Drums,by Wardown (2020)
Untitled (A1),Tomba (2),Electronic / Dance,Drums,by Tomba (2) (1994)
Ghost Story (Hardcore Bones Edit),DJ Gizmo,Electronic / Dance,Drums,by DJ Gizmo (1992)
Mystic Dub,The Last Ronin,Electronic / Dance,Drums,by The Last Ronin (2021)
Emotions,The Last Ronin,Electronic / Dance,Drums,by The Last Ronin feat. Sofi Mari (2021)
Emotions,Sofi Mari,Electronic / Dance,Drums,by The Last Ronin feat. Sofi Mari (2021)
Fantasy,Cool Hand Flex,Electronic / Dance,Drums,by Cool Hand Flex (1994)
Watch 'N Me,I.S.P.,Hip-Hop / Rap / R&B,Multiple Elements,by I.S.P. (1992)
Chicago,1.8.7,Electronic / Dance,Drums,by 1.8.7 (2000)
Red Sky,DJ Infinity & the Basics,Electronic / Dance,Drums,by DJ Infinity & the Basics (1994)
Brivido,Ambra,Rock / Pop,Drums,by Ambra (1997)
Total Domination,DJ Infinity & the Basics,Electronic / Dance,Drums,by DJ Infinity & the Basics (1994)
Libertà Di Parola,AMNK,Hip-Hop / Rap / R&B,Drums,by AMNK (1993)
The Dreamer,Intense,Electronic / Dance,Drums,by Intense (1994)
Return Voyage,DJ Pulse,Electronic / Dance,Drums,by DJ Pulse (1995)
Cali Aurora,Rufkraft,Electronic / Dance,Drums,by Rufkraft (2020)
Gunman Dead,Bman,Electronic / Dance,Drums,by Bman (2018)
Slip,Gappa G & Hyper Hypa,Electronic / Dance,Drums,by Gappa G & Hyper Hypa (1995)
Conquering,Acid Lab,Electronic / Dance,Drums,by Acid Lab (2013)
Fading,Blade (Drum & Bass),Electronic / Dance,Drums,by Blade (Drum & Bass) (2020)
True Force,Manaia Toa,Electronic / Dance,Drums,by Manaia Toa (2018)
Bokal Blood,Red Ant,Electronic / Dance,Drums,by Red Ant and DJ Fly (1994)
Bokal Blood,DJ Fly,Electronic / Dance,Drums,by Red Ant and DJ Fly (1994)
Reality,Tomba (2),Electronic / Dance,Drums,by Tomba (2) (1994)
Are You Gonna Be There,Shay Jones,Electronic / Dance,Drums,by Shay Jones (1991)
Eyes Bleed Acid,Stazma the Junglechrist,Electronic / Dance,Multiple Elements,by Stazma the Junglechrist (2013)
Mission Control,Origin Unknown,Electronic / Dance,Drums,by Origin Unknown (1995)
Tears,Londy,Electronic / Dance,Drums,by Londy (2013)
Dubplate Special,MC Det,Electronic / Dance,Drums,by MC Det (2020)
Knightsdale,The Meditator,Electronic / Dance,Drums,by The Meditator and DJ Ink (2020)
Knightsdale,DJ Ink,Electronic / Dance,Drums,by The Meditator and DJ Ink (2020)
Fugitive Version,Earl Grey (Solo Drum and Bass),Electronic / Dance,Drums,by Earl Grey (Solo Drum and Bass) feat. Dead Man's Chest (2020)
Fugitive Version,Dead Man's Chest,Electronic / Dance,Drums,by Earl Grey (Solo Drum and Bass) feat. Dead Man's Chest (2020)
Mystery Flute Business,Law (Drum and Bass),Electronic / Dance,Drums,by Law (Drum and Bass) and Kola Nut (2020)
Mystery Flute Business,Kola Nut,Electronic / Dance,Drums,by Law (Drum and Bass) and Kola Nut (2020)
Big Wheelin',Dub-Liner,Electronic / Dance,Drums,by Dub-Liner (2020)
Cream,Freegroove,Electronic / Dance,Drums,by Freegroove (2020)
Accidental Junglist,Sonic,Electronic / Dance,Drums,by Sonic (2020)
Friend,Jesus Jones,Rock / Pop,Drums,by Jesus Jones (2011)
Globex Corp Vol. 8 A1,Dwarde,Electronic / Dance,Drums,by Dwarde and Tim Reaper (2019)
Globex Corp Vol. 8 A1,Tim Reaper,Electronic / Dance,Drums,by Dwarde and Tim Reaper (2019)
Tough (Deadboy Remix),Hoshina Anniversary,Electronic / Dance,Drums,by Hoshina Anniversary (2015)
Go Get Stupid,DJ Gizmo,Electronic / Dance,Drums,by DJ Gizmo (1995)
Dinner Time Jazz,Subject 13,Electronic / Dance,Drums,by Subject 13 (1997)
2 Gether,Lemon D,Electronic / Dance,Drums,by Lemon D (1993)
True Playa'z Anthem,DJ Hype,Electronic / Dance,Drums,by DJ Hype (1996)
Make Me Wanna Holler,1-5ive Posse,Hip-Hop / Rap / R&B,Drums,by 1-5ive Posse (1992)
Here to Stay,Midlife Crisis,Electronic / Dance,Drums,by Midlife Crisis (2020)
Chance to Dance,Optical Haze,Electronic / Dance,Drums,by Optical Haze (1993)
Silver Lining,Digital,Electronic / Dance,Drums,by Digital and Response (2015)
Silver Lining,Response,Electronic / Dance,Drums,by Digital and Response (2015)
Smoke Green,Jerry Flynn,Hip-Hop / Rap / R&B,Drums,by Jerry Flynn (1992)
Journey's End (Polyphony),Future Loop Foundation,Electronic / Dance,Drums,by Future Loop Foundation (1996)
Let It Roll,Junki Munki,Electronic / Dance,Drums,by Junki Munki (2006)
Bullshitters,The Runninz Kru,Electronic / Dance,Drums,by The Runninz Kru (1995)
Mash Up the Place,Stazma the Junglechrist,Electronic / Dance,Drums,by Stazma the Junglechrist (2013)
Anti Repressant,Eusebeia,Electronic / Dance,Drums,by Eusebeia and Arlow (2020)
Anti Repressant,Arlow,Electronic / Dance,Drums,by Eusebeia and Arlow (2020)
Seventh Day,Jimmy J & Cru-L-T,Electronic / Dance,Drums,by Jimmy J & Cru-L-T (1994)
Tranquility (Forces of Nature Remix),Aquasky,Electronic / Dance,Drums,by Aquasky (1996)
Runnin' From the Police,Jerry Flynn,Hip-Hop / Rap / R&B,Drums,by Jerry Flynn (1992)
Final Dream,Griever,Electronic / Dance,Drums,by Griever (2014)
B2 Untitled,Force Mass Motion,Electronic / Dance,Drums,by Force Mass Motion (1992)
Snareshot,Pastaman,Electronic / Dance,Drums,by Pastaman (2018)
The Barrington,Unknown Artist (Ruff Kut!),Electronic / Dance,Drums,by Unknown Artist (Ruff Kut!) (1992)
Namida,DJ Sailor Moon,Electronic / Dance,Drums,by DJ Sailor Moon (2013)
Sound Ceased,Xedos,Electronic / Dance,Drums,by Xedos (1996)
Roll It Up,Taunton Manor,Electronic / Dance,Multiple Elements,by Taunton Manor (2015)
Ain't No Sunshine,Illicit (Jungle),Electronic / Dance,Drums,by Illicit (Jungle) (2006)
Drunken DSP,Stazma the Junglechrist,Electronic / Dance,Drums,by Stazma the Junglechrist (2013)
The Depths,John B,Electronic / Dance,Drums,by John B (2021)
"On Beat, Off Beat",Omen Breaks,Electronic / Dance,Drums,by Omen Breaks (2017)
Time & Space,DJ Future,Electronic / Dance,Drums,by DJ Future (2017)
Soundbwoy Killah,Nkogliaz,Electronic / Dance,Drums,by Nkogliaz (2005)
Jah Fucking Jungle,Sum,Electronic / Dance,Drums,by Sum and Left Lucas (2020)
Jah Fucking Jungle,Left Lucas,Electronic / Dance,Drums,by Sum and Left Lucas (2020)
Untitled (AA2),Dark Mark,Electronic / Dance,Drums,by Dark Mark (1992)
Apocalypso Kung Fu,Smiley Maxx,Electronic / Dance,Multiple Elements,by Smiley Maxx (2014)
Calling Me Home,Freestylers,Electronic / Dance,Drums,by Freestylers feat. DV (2014)
Calling Me Home,DV,Electronic / Dance,Drums,by Freestylers feat. DV (2014)
XTC,Pressa (Breakbeat),Electronic / Dance,Drums,by Pressa (Breakbeat) (2020)
Yo Yo Yo Mufucka Bitchez in Da Hood I Shot That Bitch Fo' Shizzle My Nizzle...,DJ Sailor Moon,Electronic / Dance,Drums,by DJ Sailor Moon (2013)
Foundation,Acid Lab,Electronic / Dance,Drums,by Acid Lab (2013)
"Mind, Body & Soul",Mystical,Electronic / Dance,Drums,by Mystical (1993)
Poisonous Eye,C++,Electronic / Dance,Drums,by C++ (2015)
Mellow (Original Limit Mix),Deamonds,Electronic / Dance,Drums,by Deamonds (2014)
Cutting Loose,Foul Play,Electronic / Dance,Drums,by Foul Play (1994)
OHM Track,Borai,Electronic / Dance,Drums,by Borai (2015)
Perfect Picture,Donnie Murdo,Electronic / Dance,Drums,by Donnie Murdo (2020)
In the Mood Part 2,Kid Lib,Electronic / Dance,Drums,by Kid Lib (2013)
The Killer,Tango,Electronic / Dance,Drums,by Tango and Ratty (Hardcore Producer) (1993)
The Killer,Ratty (Hardcore Producer),Electronic / Dance,Drums,by Tango and Ratty (Hardcore Producer) (1993)
Take It Easy,Hyson,Electronic / Dance,Drums,by Hyson and Freegroove (2020)
Take It Easy,Freegroove,Electronic / Dance,Drums,by Hyson and Freegroove (2020)
Time Space Continuem,Intense,Electronic / Dance,Drums,by Intense (1993)
Whats Up,Majistrate,Electronic / Dance,Drums,by Majistrate (1995)
Best of My Love,Turbo B,Electronic / Dance,Drums,by Turbo B (1993)
Rappers Delight 1990,Rob Harvey,Hip-Hop / Rap / R&B,Drums,by Rob Harvey (1990)
Tell Me,Digital,Electronic / Dance,Drums,by Digital and Response (2019)
Tell Me,Response,Electronic / Dance,Drums,by Digital and Response (2019)
Bandsaw,Drumsound & Bassline Smith,Electronic / Dance,Drums,by Drumsound & Bassline Smith (2004)
To a Brighter Day (O' Happy Day) (Happiness Mix),Beatsystem,Electronic / Dance,Drums,by Beatsystem (1993)
B-Boy Convention (Spirit Rmx),DJ Ink,Hip-Hop / Rap / R&B,Drums,by DJ Ink (2004)
Rainbow Tune,Manaia Toa,Electronic / Dance,Drums,by Manaia Toa (2019)
Monkey Track 2 (El Pingon RRR Remix),Leskin,Electronic / Dance,Drums,by Leskin (2014)
After Hours,DJ Lewi,Electronic / Dance,Drums,by DJ Lewi feat. Daddy Freddy (1995)
After Hours,Daddy Freddy,Electronic / Dance,Drums,by DJ Lewi feat. Daddy Freddy (1995)
Murdarah,Sumone,Electronic / Dance,Drums,by Sumone (2005)
2 Deep,DJ Lee (Drum & Bass),Electronic / Dance,Drums,by DJ Lee (Drum & Bass) and DJ Gwange (1994)
2 Deep,DJ Gwange,Electronic / Dance,Drums,by DJ Lee (Drum & Bass) and DJ Gwange (1994)
Str8 Gangsta (Mac),Black A.G.,Hip-Hop / Rap / R&B,Vocals / Lyrics,by Black A.G. (2013)
9MM (VIP Special),B.U.G.G. K.A.A.N.,Electronic / Dance,Drums,by B.U.G.G. K.A.A.N. (1995)
"Lightning, Earthquake & Thunder",Abyss,Electronic / Dance,Drums,by Abyss (2015)
Rugged and Raw,Stakka & K.Tee,Electronic / Dance,Drums,by Stakka & K.Tee (1995)
Gira Que Gira,Lynda,Rock / Pop,Drums,by Lynda (1996)
Wagamama (Dawn Patrol Mix),Monday Michiru,Hip-Hop / Rap / R&B,Drums,by Monday Michiru feat. Krush Posse (1991)
Wagamama (Dawn Patrol Mix),Krush Posse,Hip-Hop / Rap / R&B,Drums,by Monday Michiru feat. Krush Posse (1991)
Give It All 2 (Locked Groove),DJ Shark,Electronic / Dance,Drums,by DJ Shark (2015)
Intelligence,The Essence (Drum and Bass),Electronic / Dance,Drums,by The Essence (Drum and Bass) (1995)
Plateau,Redshift,Electronic / Dance,Drums,by Redshift (2020)
Nigerian Rhyme Shoota,Doomsday,Hip-Hop / Rap / R&B,Drums,by Doomsday (1994)
Snow Tires,Soichi Terada,Electronic / Dance,Drums,by Soichi Terada (2016)
Ganjah Smuggling,Truspin,Electronic / Dance,Drums,by Truspin (2013)
2 Definitions,DJ Isaac,Electronic / Dance,Drums,by DJ Isaac and DJ Pagan (1995)
2 Definitions,DJ Pagan,Electronic / Dance,Drums,by DJ Isaac and DJ Pagan (1995)
Out West,The Soul Dawgs,Hip-Hop / Rap / R&B,Vocals / Lyrics,by The Soul Dawgs (1999)
Go Off,M. Doc,Hip-Hop / Rap / R&B,Drums,by M. Doc (1991)
All My Dreams,Spiralhead,Electronic / Dance,Drums,by Spiralhead (1998)
Dolphins '97 (Game Version),The Surf Coasters,Rock / Pop,Drums,by The Surf Coasters (1997)
Lone Wolf Persian,Persian,Electronic / Dance,Drums,by Persian and DJ Texta (2020)
Lone Wolf Persian,DJ Texta,Electronic / Dance,Drums,by Persian and DJ Texta (2020)
Highgrade Music,Hooverian Blur,Electronic / Dance,Drums,by Hooverian Blur feat. Slarta John (2020)
Highgrade Music,Slarta John,Electronic / Dance,Drums,by Hooverian Blur feat. Slarta John (2020)
Standard Affair,Addison Groove,Electronic / Dance,Drums,by Addison Groove and DJ Die (2016)
Standard Affair,DJ Die,Electronic / Dance,Drums,by Addison Groove and DJ Die (2016)
Dance All Nite (House Mix),Poison Clan,Electronic / Dance,Drums,by Poison Clan (1991)
Step 2 Me,Dope Jam,Electronic / Dance,Drums,by Dope Jam (1995)
Bon Voyager,JUICEB☮X,Hip-Hop / Rap / R&B,Drums,by JUICEB☮X (2017)
What Goes On,Hired Gun (Chris Howell),Electronic / Dance,Drums,by Hired Gun (Chris Howell) (1995)
Freak Out,Sumone,Electronic / Dance,Drums,by Sumone (2005)
La Drogue Est Un Poison,Les Little,Hip-Hop / Rap / R&B,Drums,by Les Little (1992)
We Enter (Optical Remix V.2.0),Ryme Tyme,Electronic / Dance,Drums,by Ryme Tyme (1999)
Unodosthressquattro,The Goats,Hip-Hop / Rap / R&B,Drums,by The Goats (1992)
Kinetic Pioneers,Future Loop Foundation,Electronic / Dance,Drums,by Future Loop Foundation (1996)
I Wish Time Didn't Matter,Special Request,Electronic / Dance,Drums,by Special Request (2020)
Gone (PFM Remix),David Holmes,Electronic / Dance,Drums,by David Holmes (1996)
125th Street,Click 'N Cycle,Electronic / Dance,Drums,by Click 'N Cycle (1996)
Timeless Insight of Kaos (Remix),Kaos & Mystro,Hip-Hop / Rap / R&B,Drums,by Kaos & Mystro (1990)
Knock You Out,DJ Rectangle,Hip-Hop / Rap / R&B,Drums,by DJ Rectangle (1992)
All Night Long,Glen White,Electronic / Dance,Drums,by Glen White (1992)
Untitled (Side B),DJ Fokus,Electronic / Dance,Drums,by DJ Fokus (1994)
Space Mist,Luke Vibert,Electronic / Dance,Drums,by Luke Vibert and Voafose (2008)
Space Mist,Voafose,Electronic / Dance,Drums,by Luke Vibert and Voafose (2008)
Just a Little Hip Hop,The Dream Team,Electronic / Dance,Drums,by The Dream Team (1995)
Can't Find My Tribe,Strugglin Souls,Hip-Hop / Rap / R&B,Drums,by Strugglin Souls (1992)
True Romance,DJ Pulse,Electronic / Dance,Drums,by DJ Pulse (1996)
Renegade (SPL Remix),Mustard Pimp,Electronic / Dance,Drums,by Mustard Pimp (2015)
Manic,Audio Assault,Electronic / Dance,Drums,by Audio Assault (1992)
I Like It Funky,Silk Tymes Leather,Hip-Hop / Rap / R&B,Drums,by Silk Tymes Leather (1990)
113.3,S.F.C.,Hip-Hop / Rap / R&B,Drums,by S.F.C. (1992)
A Rougher Version,Dub-Liner,Electronic / Dance,Drums,by Dub-Liner feat. General T.K. (2020)
A Rougher Version,General T.K.,Electronic / Dance,Drums,by Dub-Liner feat. General T.K. (2020)
Ooh Boy,Ellis Dee,Electronic / Dance,Drums,by Ellis Dee feat. The Specialist (1994)
Ooh Boy,The Specialist,Electronic / Dance,Drums,by Ellis Dee feat. The Specialist (1994)
Sweet Sunshine,Ils & Solo,Electronic / Dance,Drums,by Ils & Solo (1995)
Pangs,J. Albert,Electronic / Dance,Drums,by J. Albert (2016)
I Know,Donyale Fredericks,Soundtrack / Library,Multiple Elements,by Donyale Fredericks (1998)
Can't Come Close,Natives in Black,Hip-Hop / Rap / R&B,Drums,by Natives in Black (1992)
Borg Mind,Technical Itch,Electronic / Dance,Drums,by Technical Itch (2001)
I'm Not Afraid,Earth Trax,Electronic / Dance,Drums,by Earth Trax (2020)
Down With the Lites,Souljah,Electronic / Dance,Drums,by Souljah (1995)
Detroit Murderous,Triplex (2),Hip-Hop / Rap / R&B,Drums,by Triplex (2) (1991)
Money Money Money,Black Machine,Electronic / Dance,Drums,by Black Machine (1992)
Gypsy Woman (DieMantle RaveYard Mix),Crystal Waters,Electronic / Dance,Drums,by Crystal Waters (2017)
Embrace (SPL Remix),Muffler,Electronic / Dance,Drums,by Muffler (2005)
T.S.U.,Silk Tymes Leather,Hip-Hop / Rap / R&B,Drums,by Silk Tymes Leather (1990)
Don't Think You Gonna Make It,Precise and the Boys,Hip-Hop / Rap / R&B,Drums,by Precise and the Boys (1992)
Happiness,Freestylers,Electronic / Dance,Drums,by Freestylers (2020)
Time to Make the Floor Burn,Todd 1,Hip-Hop / Rap / R&B,Drums,by Todd 1 (1990)
BX-18 Theme,Astral Pariah,Electronic / Dance,Drums,by Astral Pariah (2017)
Dream Tracking,DJ Kingsize,Electronic / Dance,Drums,by DJ Kingsize (2021)
Portland (Tuff City Kids TB Mix),Sparky,Electronic / Dance,Drums,by Sparky (2014)
Ghosties,Ghosties,Electronic / Dance,Drums,by Ghosties (1991)
Bliss,Source Direct,Electronic / Dance,Drums,by Source Direct (1995)
Double Sunset,DJ Shark,Electronic / Dance,Drums,by DJ Shark (2015)
Vibeology (Ultimix),Paula Abdul,Rock / Pop,Drums,by Paula Abdul (1991)
All the Way,Scott Blackwell,Gospel,Multiple Elements,by Scott Blackwell feat. Sandra Stephens and Allegra Parks (1992)
All the Way,Sandra Stephens,Gospel,Multiple Elements,by Scott Blackwell feat. Sandra Stephens and Allegra Parks (1992)
All the Way,Allegra Parks,Gospel,Multiple Elements,by Scott Blackwell feat. Sandra Stephens and Allegra Parks (1992)
I Want U,Shalamar,Hip-Hop / Rap / R&B,Drums,by Shalamar (1990)
Skull Smasher,Moving Fusion,Electronic / Dance,Drums,by Moving Fusion (2000)
Floorquake (Dynamite Mix),"Doo Lally ""D""",Electronic / Dance,Drums,"by Doo Lally ""D"" feat. Hibrid (1991)"
Floorquake (Dynamite Mix),Hibrid,Electronic / Dance,Drums,"by Doo Lally ""D"" feat. Hibrid (1991)"
"A Beat Called Love (7"" Version)",The Grid,Electronic / Dance,Drums,by The Grid (1990)
Gone,Globe (Producer),Electronic / Dance,Drums,by Globe (Producer) and The Hardcore Massive (1992)
Gone,The Hardcore Massive,Electronic / Dance,Drums,by Globe (Producer) and The Hardcore Massive (1992)
Sex Drive (Single Cut),Glam,Electronic / Dance,Drums,by Glam and Pete Burns (1994)
Sex Drive (Single Cut),Pete Burns,Electronic / Dance,Drums,by Glam and Pete Burns (1994)
So Groovy,Wendell Williams,Hip-Hop / Rap / R&B,Drums,by Wendell Williams (1991)
Leap Into the Light,Cirrus,Electronic / Dance,Drums,by Cirrus (1997)
Taste of the Bass,X-Tra Bass,Hip-Hop / Rap / R&B,Drums,by X-Tra Bass (1990)
Incident on Main Street,Hoax,Electronic / Dance,Drums,by Hoax (1995)
River,Yves Tomas,Electronic / Dance,Drums,by Yves Tomas (2020)
The Rhyme Goes On,Silk Tymes Leather,Hip-Hop / Rap / R&B,Drums,by Silk Tymes Leather (1990)
Original Wootang,Dr Wootang,Electronic / Dance,Drums,by Dr Wootang (1996)
Twenty Four Ways,24k,Hip-Hop / Rap / R&B,Drums,by 24k (1990)
I Stąd Światło,Slums Attack,Hip-Hop / Rap / R&B,Drums,by Slums Attack (1999)
Peace Sign (Ray Keith Remix),Shades of Rhythm,Electronic / Dance,Drums,by Shades of Rhythm (1994)
Montana,JMJ & Richie,Electronic / Dance,Drums,by JMJ & Richie (1997)
Taxi Sadness,μ-Ziq,Electronic / Dance,Drums,by μ-Ziq (2014)
My Sound,Freestylers,Electronic / Dance,Drums,by Freestylers feat. $pyda (2021)
My Sound,$pyda,Electronic / Dance,Drums,by Freestylers feat. $pyda (2021)
C701,Nico (Drum & Bass),Electronic / Dance,Drums,by Nico (Drum & Bass) and Davis (1998)
C701,Davis,Electronic / Dance,Drums,by Nico (Drum & Bass) and Davis (1998)
Peak Dub,Special Request,Electronic / Dance,Drums,by Special Request (2015)
It Is Done,16:16,Hip-Hop / Rap / R&B,Drums,by 16:16 (1990)
Só Por Ser,MGDRV,Hip-Hop / Rap / R&B,Drums,by MGDRV feat. Kruss (2021)
Só Por Ser,Kruss,Hip-Hop / Rap / R&B,Drums,by MGDRV feat. Kruss (2021)
Modulate,Corticyte,Electronic / Dance,Drums,by Corticyte (2014)
Missile Boy,DJ Hype,Electronic / Dance,Drums,by DJ Hype (1994)
You Got to Slow Down (Nookie Remix),Tek 9,Electronic / Dance,Drums,by Tek 9 (1997)
Take Me Higher,LUM!X,Electronic / Dance,Drums,"by LUM!X, DES3ETT and Georgia Meek (2023)"
Take Me Higher,DES3ETT,Electronic / Dance,Drums,"by LUM!X, DES3ETT and Georgia Meek (2023)"
Take Me Higher,Georgia Meek,Electronic / Dance,Drums,"by LUM!X, DES3ETT and Georgia Meek (2023)"
You Gotta Be Down for Yours,Detroit Boxx & Step 2,Hip-Hop / Rap / R&B,Drums,by Detroit Boxx & Step 2 (1990)
Surprise (Open Your Eyes Mix),Crystal Waters,Rock / Pop,Drums,by Crystal Waters (1991)
Big Time,MC Skat Kat and the Stray Mob,Hip-Hop / Rap / R&B,Drums,by MC Skat Kat and the Stray Mob (1991)
Set the Record Straight,BYB,Hip-Hop / Rap / R&B,Drums,by BYB (1991)
Real Smooth,The Kay LC,Hip-Hop / Rap / R&B,Drums,by The Kay LC (1991)
Мишины Дельфины,Дубовый Гаайъ,Hip-Hop / Rap / R&B,Drums,by Дубовый Гаайъ (1995)
No Ice Cream,FFF (2),Electronic / Dance,Drums,by FFF (2) (2020)
"More, More, More (I Can't Techno More Mix)",Bananarama,Rock / Pop,Drums,by Bananarama (1993)
Worries in the Dance (Tom & Jerry Remix),New Blood,Electronic / Dance,Drums,by New Blood (2020)
New Element,Forme,Electronic / Dance,Drums,by Forme (1996)
Surprise (The Surprise Mix),Crystal Waters,Rock / Pop,Drums,by Crystal Waters (1991)
Ayakashi,Coco Bryce,Electronic / Dance,Drums,by Coco Bryce (2017)
Blow,E-Z Rollers,Electronic / Dance,Multiple Elements,by E-Z Rollers (1996)
So This Is Love,Essence of Aura,Electronic / Dance,Drums,by Essence of Aura (1995)
Sunny Smiles...(People),Dextrous,Electronic / Dance,Drums,by Dextrous (1995)
Shimmer (G.H.O.S.T Remix),Villem,Electronic / Dance,Drums,by Villem (2016)
8-Bits (Kid Chameleon Remix),Manu Twister,Electronic / Dance,Drums,by Manu Twister (2012)
Muthafucka,Dillinja,Electronic / Dance,Drums,by Dillinja (1995)
Megalith,Akkord,Electronic / Dance,Drums,by Akkord (2015)
Check the Skillz (Freestylers Meet DJ Z-Trip),Freestylers,Hip-Hop / Rap / R&B,Drums,by Freestylers (2000)
King of the Bongo (Breaks Mix),Cut & Run,Electronic / Dance,Drums,by Cut & Run (2005)
Sax 'N' Ting (Mix 1),Ruf Intelligence,Electronic / Dance,Drums,by Ruf Intelligence (1995)
Parce Qu'On Est Jeunes,Benny B,Hip-Hop / Rap / R&B,Drums,by Benny B feat. DJ Daddy K (1991)
Parce Qu'On Est Jeunes,DJ Daddy K,Hip-Hop / Rap / R&B,Drums,by Benny B feat. DJ Daddy K (1991)
She Said She Loves Me,Londonbeat,Rock / Pop,Drums,by Londonbeat (1990)
I Like It (Remix),Da Intalex,Electronic / Dance,Drums,by Da Intalex (1995)
Love Let Love,Tony Scott,Hip-Hop / Rap / R&B,Drums,by Tony Scott (1991)
"I Can, Can You?",Vanessa-Mae,Classical,Drums,by Vanessa-Mae (1997)
Rockin' by Myself,Aurora (Hardcore Group),Electronic / Dance,Drums,by Aurora (Hardcore Group) (1992)
Queen,Stray (Drum & Bass),Electronic / Dance,Drums,by Stray (Drum & Bass) (2015)
F. P. O. P.,Klute,Electronic / Dance,Drums,by Klute (1995)
Ether (Eprom Old School Deconstruction),Zeds Dead,Electronic / Dance,Drums,by Zeds Dead and Deathpact (2020)
Ether (Eprom Old School Deconstruction),Deathpact,Electronic / Dance,Drums,by Zeds Dead and Deathpact (2020)
Benvenuto,Piombo a Tempo,Hip-Hop / Rap / R&B,Drums,by Piombo a Tempo (1995)
Warning,Potential Bad Boy,Electronic / Dance,Drums,by Potential Bad Boy (1994)
Gunman (Junglist Ricochet),Michael Prophet,Electronic / Dance,Drums,by Michael Prophet and Beenie Man (1995)
Gunman (Junglist Ricochet),Beenie Man,Electronic / Dance,Drums,by Michael Prophet and Beenie Man (1995)
Wicked Style,Mental-Bombin',Electronic / Dance,Drums,by Mental-Bombin' (1994)
Get Up (The Funky Bunch Theme),Marky Mark and the Funky Bunch,Hip-Hop / Rap / R&B,Drums,by Marky Mark and the Funky Bunch (1992)
New York New York (Ragga Hip Hop Mix),Doctor K,Hip-Hop / Rap / R&B,Drums,by Doctor K and DJ Daddy (1989)
New York New York (Ragga Hip Hop Mix),DJ Daddy,Hip-Hop / Rap / R&B,Drums,by Doctor K and DJ Daddy (1989)
Keep Your Eyes on the Prize,Young MC,Hip-Hop / Rap / R&B,Drums,by Young MC (1991)
Temptation,Indra,Rock / Pop,Drums,by Indra (1991)
Cold Win (Special Request Remix),Ghostpoet,Electronic / Dance,Drums,by Ghostpoet (2013)
Aquanor,Simon Robertson,Soundtrack / Library,Drums,by Simon Robertson and Stephen Root (1998)
Aquanor,Stephen Root,Soundtrack / Library,Drums,by Simon Robertson and Stephen Root (1998)
Get Funky in Cardington Hangers,Return of the Living Acid,Electronic / Dance,Multiple Elements,by Return of the Living Acid (1991)
Let's Get Crazy,2 Raw,Electronic / Dance,Drums,by 2 Raw (1991)
It's Time,Cotton Club,Electronic / Dance,Drums,by Cotton Club (1993)
Nightcrawler (BB Mix),Route 8,Electronic / Dance,Drums,by Route 8 (2017)
Anybody From London,Borai,Electronic / Dance,Drums,by Borai (2015)
Johnny the Dipper,Dana Dane,Hip-Hop / Rap / R&B,Drums,by Dana Dane (1990)
A Man of Soul,D.A.M.N.,Hip-Hop / Rap / R&B,Drums,by D.A.M.N. (1989)
Want My Love,Code 23,Electronic / Dance,Drums,by Code 23 (2016)
Aprovecha (Extended Rock Mix),Latino Party,Electronic / Dance,Drums,by Latino Party (1992)
Le Rap Est Ma Vie,Les Little,Hip-Hop / Rap / R&B,Drums,by Les Little (1992)
"Good Stuff (12"" Remix)",The B-52's,Rock / Pop,Drums,by The B-52's (1992)
Take Me,Special Request,Electronic / Dance,Multiple Elements,by Special Request (2015)
The Ephemeris,Future Bound,Electronic / Dance,Drums,by Future Bound (1997)
W.1.3,Gnork,Electronic / Dance,Drums,by Gnork (2013)
Straight Checkn 'Em (B Mix),Compton's Most Wanted,Hip-Hop / Rap / R&B,Drums,by Compton's Most Wanted (1991)
2Wicky (DJ Pulse Remix),Hooverphonic,Electronic / Dance,Multiple Elements,by Hooverphonic (1996)
Chronologie 4 (Atomium Mix Full Version),Jean-Michel Jarre,Electronic / Dance,Drums,by Jean-Michel Jarre (1993)
Don't Fuck Around,Luke Vibert,Electronic / Dance,Drums,by Luke Vibert (2015)
Untitled (A),Stu. J.,Electronic / Dance,Drums,by Stu. J. (1992)
Hidden Rooms,Sounds of Life,Electronic / Dance,Drums,by Sounds of Life (1995)
Pump That Body,Mr. Lee (Chicago House),Electronic / Dance,Drums,by Mr. Lee (Chicago House) (1990)
Gang Related,Swift,Electronic / Dance,Drums,by Swift (1995)
Dedicated 2 U,24k,Hip-Hop / Rap / R&B,Drums,by 24k (1990)
Children of the New Breed,Atari Teenage Riot,Electronic / Dance,Drums,by Atari Teenage Riot (2008)
Oaktowns Finest,A.P.G. Crew,Hip-Hop / Rap / R&B,Drums,by A.P.G. Crew (1991)
Let's Go,Nasty Habits,Electronic / Dance,Drums,by Nasty Habits (1992)
We're Here,Pauly & the DP Boyz,Hip-Hop / Rap / R&B,Drums,by Pauly & the DP Boyz (1993)
Kingdom of Sweets,Alchemy,Electronic / Dance,Drums,by Alchemy (1991)
Gangsta Kid,Shy FX,Electronic / Dance,Multiple Elements,by Shy FX (1995)
Cooling,Yoshinori Hayashi,Electronic / Dance,Drums,by Yoshinori Hayashi (2017)
Ту-ту-ла,Чичерина,Rock / Pop,Drums,by Чичерина (2000)
Diselo a Mi Corazon,Amistades Peligrosas,Rock / Pop,Drums,by Amistades Peligrosas (1993)
Love to Hate You (Bruce Forest Mix),Erasure,Electronic / Dance,Drums,by Erasure (1991)
Comin' on (Culture Mix),The Shamen,Electronic / Dance,Drums,by The Shamen (1993)
Back in the Time,Kamera,Electronic / Dance,Drums,by Kamera (1991)
Daktari,Coco Bryce,Electronic / Dance,Drums,by Coco Bryce (2022)
Finish Them,Tkay Maidza,Electronic / Dance,Drums,by Tkay Maidza (2014)
One Time,Jeremy Black,Electronic / Dance,Drums,by Jeremy Black (2021)
Summertime Bad Bwoy,Sumone,Electronic / Dance,Drums,by Sumone (2005)
You Can Make Me Feel Good,Twenty 4 Seven,Electronic / Dance,Drums,by Twenty 4 Seven (1990)
Sputnik of Life (Mix 1),New Composers,Electronic / Dance,Drums,by New Composers (1990)
Pace Maker,Zero Tolerance,Electronic / Dance,Drums,by Zero Tolerance (2002)
Play It for Divine,Divine Styler,Hip-Hop / Rap / R&B,Drums,by Divine Styler (1989)
Smokin Hornz,Smokey Joe,Electronic / Dance,Drums,by Smokey Joe (1995)
Perfect Drug,Cut & Run,Electronic / Dance,Drums,by Cut & Run (2010)
Within My Heart,Voyce,Electronic / Dance,Drums,by Voyce (1991)
Ruff Neck Bizznizz,Ellis Dee,Electronic / Dance,Drums,by Ellis Dee and DJ Swanne (1992)
Ruff Neck Bizznizz,DJ Swanne,Electronic / Dance,Drums,by Ellis Dee and DJ Swanne (1992)
Shakers,Shades of Rhythm,Electronic / Dance,Drums,by Shades of Rhythm (1991)
Time to Move,Dextrous,Electronic / Dance,Drums,by Dextrous and H Pee (1994)
Time to Move,H Pee,Electronic / Dance,Drums,by Dextrous and H Pee (1994)
Dub Fe Dub,DJ D Lux,Electronic / Dance,Drums,by DJ D Lux (1994)
710,Plug,Electronic / Dance,Drums,by Plug (1995)
Saiko Sokudo,Man Machine,Electronic / Dance,Drums,by Man Machine (1992)
Time for Temptation,Duran Duran,Rock / Pop,Drums,by Duran Duran (1993)
Get Lifted,West Norwood Cassette Library,Electronic / Dance,Drums,by West Norwood Cassette Library (2011)
Signalrød,Luca Lozano,Electronic / Dance,Drums,by Luca Lozano and DJ Fett Burger (2015)
Signalrød,DJ Fett Burger,Electronic / Dance,Drums,by Luca Lozano and DJ Fett Burger (2015)
Intro,Nazión Sur,Hip-Hop / Rap / R&B,Drums,by Nazión Sur (1993)
Peace,The GR8 T.J.,Hip-Hop / Rap / R&B,Drums,by The GR8 T.J. (1992)
Charms,Sully,Electronic / Dance,Drums,by Sully (2014)
Mo,FaltyDL,Electronic / Dance,Drums,by FaltyDL (2014)
Touch Me (All Night Long) (Club Mix),Cathy Dennis,Electronic / Dance,Drums,by Cathy Dennis (1993)
Desidia,Eat Meat,Hip-Hop / Rap / R&B,Drums,by Eat Meat (1993)
Ruddy's Loop,Ponty Mython,Electronic / Dance,Drums,by Ponty Mython (2016)
Rain Fall,LTJ Bukem,Electronic / Dance,Drums,by LTJ Bukem (1995)
The Mystics,PFM,Electronic / Dance,Drums,by PFM (1996)
Edith,Destroy Man,Hip-Hop / Rap / R&B,Drums,by Destroy Man (1992)
Dangerous Jungle,Conroy Smith,Electronic / Dance,Drums,by Conroy Smith (1995)
Here's a Party Jam (Club Mix),High Performance,Hip-Hop / Rap / R&B,Drums,by High Performance (1990)
Sicilian Brown,Bass Cube,Electronic / Dance,Drums,by Bass Cube (1993)
You Gotta Believe,Def Duo,Hip-Hop / Rap / R&B,Drums,by Def Duo (1989)
"Bitter Tears (Lorimer 12"" Mix)",INXS,Rock / Pop,Drums,by INXS (2004)
Satisfaction (Rapitup),MC Juice,Soul / Funk / Disco,Drums,by MC Juice (1990)
To Go Crazy (In the 20th Century) (Extended Version),Lee Marrow,Electronic / Dance,Drums,by Lee Marrow (1991)
I Need U Now,Nasty Jungle,Electronic / Dance,Drums,by Nasty Jungle (1994)
Release the Bells,Sounds of Life,Electronic / Dance,Drums,by Sounds of Life (1994)
Too Many Times,Randomer,Electronic / Dance,Drums,by Randomer and Fife (2010)
Too Many Times,Fife,Electronic / Dance,Drums,by Randomer and Fife (2010)
Street Groove,Clio & Kay,Electronic / Dance,Drums,by Clio & Kay (1990)
Buckwheat the Rebel,Unity 2,Hip-Hop / Rap / R&B,Drums,by Unity 2 (1989)
Radio Version of the Underground,Parts Unknown,Hip-Hop / Rap / R&B,Drums,by Parts Unknown (1990)
So Damn Funky,Rhythm Mode:D,Hip-Hop / Rap / R&B,Drums,by Rhythm Mode:D (1989)
Songs to Elevate Pure Hearts (KiNK & Rachel Remix),Neville Watson,Electronic / Dance,Drums,by Neville Watson (2013)
After the Love,Boy George,Rock / Pop,Drums,by Boy George (1989)
Tribal Base (Foundation Mix),Rebel MC,Electronic / Dance,Drums,by Rebel MC feat. Tenor Fly and Barrington Levy (1991)
Tribal Base (Foundation Mix),Tenor Fly,Electronic / Dance,Drums,by Rebel MC feat. Tenor Fly and Barrington Levy (1991)
Tribal Base (Foundation Mix),Barrington Levy,Electronic / Dance,Drums,by Rebel MC feat. Tenor Fly and Barrington Levy (1991)
On a Warpath,T La Rock,Hip-Hop / Rap / R&B,Drums,by T La Rock (1989)
4 Letter Word,D.A.M.N.,Hip-Hop / Rap / R&B,Drums,by D.A.M.N. (1989)
Chronologie 4 (Remix Spécial Pour Swatch SA),Jean-Michel Jarre,Electronic / Dance,Drums,by Jean-Michel Jarre (1993)
Desire,Dica,Electronic / Dance,Drums,by Dica and Big Vern (1992)
Desire,Big Vern,Electronic / Dance,Drums,by Dica and Big Vern (1992)
"Eo, Eo, Eo, Eo (Medley Da Banheira)",Dream Water,Soundtrack / Library,Drums,by Dream Water feat. Luiza Ambiel (1996)
"Eo, Eo, Eo, Eo (Medley Da Banheira)",Luiza Ambiel,Soundtrack / Library,Drums,by Dream Water feat. Luiza Ambiel (1996)
On the House Tip (Extended Remix),Marky Mark and the Funky Bunch,Hip-Hop / Rap / R&B,Drums,by Marky Mark and the Funky Bunch (1992)
Smoke Filled Thoughts,Fresh 4,Electronic / Dance,Drums,by Fresh 4 (1989)
We Want to Rock You,Sway & King Tech,Hip-Hop / Rap / R&B,Drums,by Sway & King Tech (1988)
Ali Ba-Ba,Hopa & Bones,Electronic / Dance,Drums,by Hopa & Bones (1994)
"Line 2 Line, Rhyme 4 Rhyme",Larry Larr,Hip-Hop / Rap / R&B,Drums,by Larry Larr (1991)
Silver Sun,Clark,Electronic / Dance,Drums,by Clark (2015)
The Promise of a New Day (Extended Club Version),Paula Abdul,Rock / Pop,Drums,by Paula Abdul (1991)
Deadman DJ,Venetian Snares,Electronic / Dance,Drums,by Venetian Snares (2002)
MC Killer,Body Snatchers,Hip-Hop / Rap / R&B,Vocals / Lyrics,by Body Snatchers (1997)
House of Magic,DJ Magic Mike,Electronic / Dance,Drums,by DJ Magic Mike (1990)
Here,Mella Dee,Electronic / Dance,Drums,by Mella Dee (2015)
Titan,RAM Trilogy,Electronic / Dance,Drums,by RAM Trilogy (2000)
Move On,Seba,Electronic / Dance,Drums,by Seba and Paradox feat. Robert Manos (2005)
Move On,Paradox,Electronic / Dance,Drums,by Seba and Paradox feat. Robert Manos (2005)
Move On,Robert Manos,Electronic / Dance,Drums,by Seba and Paradox feat. Robert Manos (2005)
Hearing Is Believing,MA2,Electronic / Dance,Drums,by MA2 (1994)
Trivial Pursuit,J.V.C. F.O.R.C.E.,Hip-Hop / Rap / R&B,Drums,by J.V.C. F.O.R.C.E. (1990)
I Rhyme the World in 80 Days,Kish,Hip-Hop / Rap / R&B,Drums,by Kish (1991)
Free Our Brother,Boogie Down & the Keyboard Band,Hip-Hop / Rap / R&B,Drums,by Boogie Down & the Keyboard Band (1988)
Wicked in Mombassa (Original),Mark Summers,Hip-Hop / Rap / R&B,Drums,by Mark Summers (1990)
Fantasy (Masters of the Universe Remix),Fantasy U.F.O.,Electronic / Dance,Drums,by Fantasy U.F.O. (1990)
Stepping Stones,DJ Zinc,Electronic / Dance,Drums,by DJ Zinc (2004)
Brooklyn-Queens (Dub Base Mix),3rd Bass,Hip-Hop / Rap / R&B,Drums,by 3rd Bass (1990)
Mainline,Omni Trio,Electronic / Dance,Drums,by Omni Trio (1993)
Brinca (Extended Mix),Proyecto Uno,Hip-Hop / Rap / R&B,Drums,by Proyecto Uno (1991)
Bitch Stop Lyin',NATAS,Hip-Hop / Rap / R&B,Drums,by NATAS (1992)
Lets Roll,Chill E.B.,Hip-Hop / Rap / R&B,Drums,by Chill E.B. (1990)
Let It Go,The Mistress and DJ Madame E,Hip-Hop / Rap / R&B,Drums,by The Mistress and DJ Madame E (1989)
Steinbolt,Squarepusher,Electronic / Dance,Drums,by Squarepusher (2004)
I Ain't Wid Dat,Funkmaster Wizard Wiz,Hip-Hop / Rap / R&B,Drums,by Funkmaster Wizard Wiz (1988)
Technology,Doc Scott,Electronic / Dance,Drums,by Doc Scott (1994)
This Style Relick (Shy FX V.I.P. Mix),Shy FX,Electronic / Dance,Drums,by Shy FX (1996)
Keep on Jammin' (Loading Mix),Stefano Secchi,Electronic / Dance,Drums,by Stefano Secchi (1991)
Lockjaw,Special Request,Electronic / Dance,Drums,by Special Request (2013)
Yoohoo (LTJ Bukem Remix),Dusky,Electronic / Dance,Drums,by Dusky (2014)
Back to Haunt You,Vicious Base,Hip-Hop / Rap / R&B,Drums,by Vicious Base and DJ Magic Mike (1991)
Back to Haunt You,DJ Magic Mike,Hip-Hop / Rap / R&B,Drums,by Vicious Base and DJ Magic Mike (1991)
Fatal Attraction,Tone Loc,Hip-Hop / Rap / R&B,Drums,by Tone Loc (1991)
Ruff Revival,Run Tings,Electronic / Dance,Drums,by Run Tings (1994)
Kites (Fantasy Flite Part One),Ultraviolet,Electronic / Dance,Drums,by Ultraviolet (1990)
Mash Dem Down,Rude and Deadly,Electronic / Dance,Drums,by Rude and Deadly (1995)
Original Dope!,Outlaw Posse,Hip-Hop / Rap / R&B,Drums,by Outlaw Posse (1990)
B With Me,Zomby,Electronic / Dance,Drums,by Zomby (2008)
SMD#3 (Side A),SMD,Electronic / Dance,Drums,by SMD (1994)
Music Is So Special,Brothers With Soul,Electronic / Dance,Drums,by Brothers With Soul (1995)
Interludio 5,Panteras Negras,Hip-Hop / Rap / R&B,Drums,by Panteras Negras (1993)
Danger Zone,Poe Hustlers,Hip-Hop / Rap / R&B,Drums,by Poe Hustlers (1990)
Lost in the Bass (Bad Boy Bill) ('89 Mix),The Bass Boyz,Electronic / Dance,Drums,by The Bass Boyz (1989)
Rave On,Latino Party,Electronic / Dance,Drums,by Latino Party (1990)
Una Tribù Che Balla (Black Box Remix),Jovanotti,Hip-Hop / Rap / R&B,Drums,by Jovanotti (1992)
Got Kinda Hi,The Goats,Hip-Hop / Rap / R&B,Drums,by The Goats (1992)
Original,Sub Focus,Electronic / Dance,Drums,by Sub Focus (2013)
Make You Flex,Equinox,Electronic / Dance,Drums,by Equinox (2009)
Mindwash,Special Request,Electronic / Dance,Drums,by Special Request (2013)
Pum Pum Mus Smoke Ganja,DJ Hype,Electronic / Dance,Drums,by DJ Hype and Ganja Max (1995)
Pum Pum Mus Smoke Ganja,Ganja Max,Electronic / Dance,Drums,by DJ Hype and Ganja Max (1995)
Barlow - Hoverbike Race,David Bergeaud,Soundtrack / Library,Drums,by David Bergeaud (2003)
Feel the Rhythm,Jazzi P,Electronic / Dance,Drums,by Jazzi P (1990)
Bush Killa,Paris,Hip-Hop / Rap / R&B,Drums,by Paris (1992)
The Plague (DJ Trace Remix),Keaton,Electronic / Dance,Drums,by Keaton and Hive (2003)
The Plague (DJ Trace Remix),Hive,Electronic / Dance,Drums,by Keaton and Hive (2003)
Rich Ah Getting Richer,Rebel MC,Soul / Funk / Disco,Drums,by Rebel MC (1991)
Djevojka Sa Sela,Severina,Rock / Pop,Drums,by Severina (1997)
"Are You Free (12"" Spearmint Mix)",Mint Condition,Hip-Hop / Rap / R&B,Drums,by Mint Condition (1991)
Ripgroove (Fixate Version),Double 99,Electronic / Dance,Drums,by Double 99 and Fixate (2019)
Ripgroove (Fixate Version),Fixate,Electronic / Dance,Drums,by Double 99 and Fixate (2019)
Too Much (Remix),Dune (Ray Keith),Electronic / Dance,Drums,by Dune (Ray Keith) (1991)
Situation Funky,Original M.C.,Hip-Hop / Rap / R&B,Drums,by Original M.C. (1991)
I Wanna Stay in the Jungle,Ed Rush,Electronic / Dance,Drums,by Ed Rush (1992)
Reach Out,DJ Zinc,Electronic / Dance,Drums,by DJ Zinc (1996)
Bring Forth the Guillotine (Darkside Mix),Silver Bullet,Hip-Hop / Rap / R&B,Drums,by Silver Bullet (1989)
Emotion,Rhythm Section,Electronic / Dance,Drums,by Rhythm Section (1991)
This Style Relick (DJ Krust Remix),Shy FX,Electronic / Dance,Drums,by Shy FX (1996)
The Exorcist,Shades of Rhythm,Electronic / Dance,Drums,by Shades of Rhythm (1990)
Break in (Transatlantic Move Mix),Cirrus,Electronic / Dance,Drums,by Cirrus (1996)
Through the Murk,Dntel,Soundtrack / Library,Drums,by Dntel (2015)
Unity,Röyksopp,Electronic / Dance,Drums,by Röyksopp and Karen Harding (2022)
Unity,Karen Harding,Electronic / Dance,Drums,by Röyksopp and Karen Harding (2022)
We Nuh Ease Up,Shy FX,Electronic / Dance,Drums,by Shy FX feat. MC Det (1995)
We Nuh Ease Up,MC Det,Electronic / Dance,Drums,by Shy FX feat. MC Det (1995)
Warning,Leviticus,Electronic / Dance,Drums,by Leviticus and Jr Tucker (2003)
Warning,Jr Tucker,Electronic / Dance,Drums,by Leviticus and Jr Tucker (2003)
Pure Energy,King Sun,Hip-Hop / Rap / R&B,Drums,by King Sun (1990)
Never Let Go,Hyper Go Go,Electronic / Dance,Multiple Elements,by Hyper Go Go (1993)
Pop Muzik (Hip Hop 1989 Club Mix),M,Electronic / Dance,Drums,by M (1989)
Broken Dreams,Special Request,Electronic / Dance,Drums,by Special Request (2013)
Express the Mind,7A3,Hip-Hop / Rap / R&B,Drums,by 7A3 (1988)
Soul Tip,Blue Eyes,Hip-Hop / Rap / R&B,Drums,by Blue Eyes (1991)
Move Your Body,Tyree,Electronic / Dance,Drums,by Tyree feat. J.M.D. (1989)
Move Your Body,J.M.D.,Electronic / Dance,Drums,by Tyree feat. J.M.D. (1989)
Big Brother,The Real Milli Vanilli,Soul / Funk / Disco,Drums,by The Real Milli Vanilli (1991)
She's Mine,Basic Black,Hip-Hop / Rap / R&B,Drums,by Basic Black (1990)
I Can´t Get No Sleep,Rebel MC,Hip-Hop / Rap / R&B,Drums,by Rebel MC (1992)
Computerised Cops,DJ Hype,Electronic / Dance,Drums,by DJ Hype (1994)
Drop Bear,DJ Die,Electronic / Dance,Drums,by DJ Die (1999)
Be Good Ta Me,J.J. Fad,Hip-Hop / Rap / R&B,Drums,by J.J. Fad (1990)
Return of the Hooligans,DJ Normal 4,Electronic / Dance,Drums,by DJ Normal 4 (2018)
Sorrow,Future Bound,Electronic / Dance,Drums,by Future Bound (1996)
Satin Storm 1999,Satin Storm,Electronic / Dance,Drums,by Satin Storm (1991)
It's Nice to Have Money,Jazzy Grooves,Electronic / Dance,Drums,by Jazzy Grooves (1995)
Jovanotti Sound,Jovanotti,Hip-Hop / Rap / R&B,Drums,by Jovanotti (1988)
I Need You (Master Mix),Space Master,Electronic / Dance,Drums,by Space Master (1992)
Untitled 1985,Muslimgauze,Electronic / Dance,Drums,by Muslimgauze (2016)
Ibiza Mix Numero 6,Los Hijos Del Sol,Electronic / Dance,Drums,by Los Hijos Del Sol (1989)
Being With You,Foul Play,Electronic / Dance,Drums,by Foul Play (1994)
Stop the World,"Black, Rock & Ron",Hip-Hop / Rap / R&B,Drums,"by Black, Rock & Ron (1989)"
Back From Eternity,Alaska,Electronic / Dance,Drums,by Alaska and Seba (2006)
Back From Eternity,Seba,Electronic / Dance,Drums,by Alaska and Seba (2006)
"20,000 Hardcore Members",Messiah,Electronic / Dance,Multiple Elements,by Messiah (1991)
Iced Jem,μ-Ziq,Electronic / Dance,Drums,by μ-Ziq (1995)
Rap De La Mili,Codigo Mortal,Hip-Hop / Rap / R&B,Drums,by Codigo Mortal (1989)
Release Yo' Delf (New Blood Mix),Method Man,Electronic / Dance,Drums,by Method Man (1995)
My Feelings (Original Mix),P.P. Orange,Electronic / Dance,Drums,by P.P. Orange (1992)
Step by Step (Remix),New Kids on the Block,Rock / Pop,Drums,by New Kids on the Block (1990)
Who Stole the D.J.,DJ Jazzy Jeff & the Fresh Prince,Hip-Hop / Rap / R&B,Drums,by DJ Jazzy Jeff & the Fresh Prince (1991)
Hyakugojyuuichi 2003,Lemon Demon,Rock / Pop,Drums,by Lemon Demon (2003)
Brainkiller,U96,Electronic / Dance,Drums,by U96 (1993)
Westberlin (Koka Remix),Alles Ist Die Sekte,Hip-Hop / Rap / R&B,Drums,by Alles Ist Die Sekte (2002)
Whitelabel Unity,Shitmat,Electronic / Dance,Drums,by Shitmat (2009)
From Da Giddy - Up,3-D,Hip-Hop / Rap / R&B,Drums,by 3-D (1988)
Positive Notions,Intense,Electronic / Dance,Drums,by Intense (1996)
Woo-Hah!! Got You All in Check (Origin Unknown Mix),Busta Rhymes,Hip-Hop / Rap / R&B,Drums,by Busta Rhymes (1996)
The Man Who Would Be King,Billy Woods,Hip-Hop / Rap / R&B,Drums,by Billy Woods (2012)
What Would We Do,DSK,Electronic / Dance,Drums,by DSK (1991)
Give Me the Music,B.G. The Prince of Rap,Hip-Hop / Rap / R&B,Drums,by B.G. The Prince of Rap (1991)
101 Breaks,A-Sides,Electronic / Dance,Drums,by A-Sides (2002)
Groove Me (Club Mix),Seduction,Electronic / Dance,Drums,by Seduction (1990)
Never Wanna Lose You,Doc Daneeka,Electronic / Dance,Drums,by Doc Daneeka (2016)
Dance Classics - the Mix,Ben Liebrand,Soul / Funk / Disco,Drums,by Ben Liebrand (1989)
Ace Is in the House,Tone Loc,Hip-Hop / Rap / R&B,Drums,by Tone Loc (1994)
Complexities,Source Direct,Electronic / Dance,Drums,by Source Direct (1996)
Bang Bang,DJ Fresh,Electronic / Dance,Drums,"by DJ Fresh and Diplo feat. R. City, Selah Sue and Craig David (2016)"
Bang Bang,Diplo,Electronic / Dance,Drums,"by DJ Fresh and Diplo feat. R. City, Selah Sue and Craig David (2016)"
Bang Bang,R. City,Electronic / Dance,Drums,"by DJ Fresh and Diplo feat. R. City, Selah Sue and Craig David (2016)"
Bang Bang,Selah Sue,Electronic / Dance,Drums,"by DJ Fresh and Diplo feat. R. City, Selah Sue and Craig David (2016)"
Bang Bang,Craig David,Electronic / Dance,Drums,"by DJ Fresh and Diplo feat. R. City, Selah Sue and Craig David (2016)"
"Cool, Daddy Cool",Kid Rock,Hip-Hop / Rap / R&B,Drums,by Kid Rock feat. Joe C. (2001)
"Cool, Daddy Cool",Joe C.,Hip-Hop / Rap / R&B,Drums,by Kid Rock feat. Joe C. (2001)
Rock to Dis (House Mix),Jamaica Mean Time,Electronic / Dance,Vocals / Lyrics,by Jamaica Mean Time (1989)
Who Are You? (Aqua Sky Mix),Omni Trio,Electronic / Dance,Drums,by Omni Trio (1996)
Tonight,Scooter,Electronic / Dance,Drums,by Scooter (1997)
Sex Drive (Direct Hit Remix),Glam,Electronic / Dance,Drums,by Glam and Pete Burns (1994)
Sex Drive (Direct Hit Remix),Pete Burns,Electronic / Dance,Drums,by Glam and Pete Burns (1994)
Dis Is Da Drum,Herbie Hancock,Jazz / Blues,Drums,by Herbie Hancock (1994)
HydroPump,DJ Die,Electronic / Dance,Drums,by DJ Die and Addison Groove (2013)
HydroPump,Addison Groove,Electronic / Dance,Drums,by DJ Die and Addison Groove (2013)
Aaron's Party (Come Get It),Aaron Carter,Rock / Pop,Drums,by Aaron Carter (2000)
Somebody Dance With Me,DJ Bobo,Electronic / Dance,Drums,by DJ Bobo (1993)
I Can Do This,Monie Love,Hip-Hop / Rap / R&B,Drums,by Monie Love (1988)
Bonus Beat (Dave & Rob),Chubb Rock,Hip-Hop / Rap / R&B,Drums,by Chubb Rock (1989)
Starship Edelweiss,Edelweiss,Electronic / Dance,Drums,by Edelweiss (1992)
Rilgar - Hovercon Intergalactic Hoverboarding Competition,David Bergeaud,Soundtrack / Library,Drums,by David Bergeaud (2002)
Quest,Shimon,Electronic / Dance,Drums,by Shimon and Andy C (1996)
Quest,Andy C,Electronic / Dance,Drums,by Shimon and Andy C (1996)
You Know How to Love Me,The Good 2 Bad and Hugly,Electronic / Dance,Drums,by The Good 2 Bad and Hugly (1992)
Message in the Music,Ultramagnetic MC's,Hip-Hop / Rap / R&B,Drums,by Ultramagnetic MC's (1996)
Gypsy Woman (Rave Yard Mix),DieMantle,Electronic / Dance,Drums,by DieMantle (2017)
Ooops Up (AMV Remix),Snap!,Electronic / Dance,Drums,by Snap! (1990)
I'm Comin',"Hardcore, Inc.",Hip-Hop / Rap / R&B,Vocals / Lyrics,"by Hardcore, Inc. (1990)"
DBC,Plug,Electronic / Dance,Drums,by Plug (1996)
Do You Love What You Feel (Wilson's Hit House Mix),Inner City,Electronic / Dance,Drums,by Inner City (1989)
Forward,Blade,Hip-Hop / Rap / R&B,Drums,by Blade (1990)
Яйца,Дискотека Авария,Hip-Hop / Rap / R&B,Drums,by Дискотека Авария (2001)
I'm Too Sexy (Betty's Mix),Right Said Fred,Rock / Pop,Drums,by Right Said Fred (1991)
Fantasy,Dread Flimstone,Hip-Hop / Rap / R&B,Drums,by Dread Flimstone (1991)
Vibeology,Paula Abdul,Electronic / Dance,Drums,by Paula Abdul (1991)
Pengar,Maskinen,Hip-Hop / Rap / R&B,Multiple Elements,by Maskinen (2009)
Rock the Funky Beat,Natural Born Chillers,Electronic / Dance,Drums,by Natural Born Chillers (1997)
Once More (You Hear the Dope Stuff),3-D,Hip-Hop / Rap / R&B,Drums,by 3-D (1988)
Dance Like You're Selling Nails,Venetian Snares,Electronic / Dance,Drums,by Venetian Snares (2002)
Kaos,Dr. Baker,Electronic / Dance,Drums,by Dr. Baker (1990)
La Serenissima,DNA,Electronic / Dance,Drums,by DNA (1990)
The Lover's Got What You Need,Heavy D & the Boyz,Hip-Hop / Rap / R&B,Sound Effect / Other,by Heavy D & the Boyz (1991)
I Got the Rhythm,Beautiful People,Electronic / Dance,Drums,by Beautiful People (1991)
Jump!,The Movement,Electronic / Dance,Drums,by The Movement (1992)
Truly One,Origin Unknown,Electronic / Dance,Drums,by Origin Unknown (1995)
Blue Savannah (Der Deutsche Mix II),Erasure,Electronic / Dance,Drums,by Erasure (1990)
Temples,Lone,Electronic / Dance,Drums,by Lone (2018)
Replicant,Special Request,Electronic / Dance,Drums,by Special Request (2017)
Nation Rap,Sidney,Hip-Hop / Rap / R&B,Drums,by Sidney and David Guetta (1990)
Nation Rap,David Guetta,Hip-Hop / Rap / R&B,Drums,by Sidney and David Guetta (1990)
Y Yo Sigo Aqui,Paulina Rubio,Rock / Pop,Drums,by Paulina Rubio (2000)
Baptised by Dub,The Criminal Minds,Electronic / Dance,Drums,by The Criminal Minds (1992)
Nobody (Can Love Me),Tongue N Cheek,Electronic / Dance,Drums,by Tongue N Cheek (1988)
Set Speed,DJ Krust,Electronic / Dance,Drums,by DJ Krust (1995)
Blu 4 U,Big Bud,Electronic / Dance,Drums,by Big Bud (2003)
Had I Known,Alix Perez,Electronic / Dance,Drums,by Alix Perez (2016)
Hear Me,Slipmatt,Electronic / Dance,Drums,by Slipmatt (1994)
(I've Got Your) Pleasure Control,Simon Harris,Electronic / Dance,Drums,by Simon Harris feat. Lonnie Gordon (1989)
(I've Got Your) Pleasure Control,Lonnie Gordon,Electronic / Dance,Drums,by Simon Harris feat. Lonnie Gordon (1989)
Move Like Vibert,Kettama,Electronic / Dance,Drums,by Kettama (2021)
Trans-Jungle-Ride,DJ Sotofett,Electronic / Dance,Multiple Elements,by DJ Sotofett (2014)
Real Time Status,Altern 8,Electronic / Dance,Drums,by Altern 8 (1991)
I'm Going Straight to Heaven,MC 900 Ft. Jesus,Hip-Hop / Rap / R&B,Drums,by MC 900 Ft. Jesus and DJ Zero (1989)
I'm Going Straight to Heaven,DJ Zero,Hip-Hop / Rap / R&B,Drums,by MC 900 Ft. Jesus and DJ Zero (1989)
Could This Be Real (Sub Focus Drum and Bass Remix),Sub Focus,Electronic / Dance,Drums,by Sub Focus (2010)
Soloflex,M.C. J.T.,Hip-Hop / Rap / R&B,Drums,by M.C. J.T. (1989)
Goes Like Dis,7A3,Hip-Hop / Rap / R&B,Drums,by 7A3 (1988)
Full Term Love,Monie Love,Hip-Hop / Rap / R&B,Drums,by Monie Love (1992)
Boulevard of Broken Dreams,The Beatmasters,Electronic / Dance,Drums,by The Beatmasters (1991)
Together,Shogun (Drum & Bass),Electronic / Dance,Drums,by Shogun (Drum & Bass) (1996)
Bludclot Artattack,Ed Rush,Electronic / Dance,Drums,by Ed Rush (1993)
Gangsta,Trinity (Dillinja),Electronic / Dance,Drums,by Trinity (Dillinja) (1995)
Come on and Dance (Maxi Version),Hi Tek 3,Electronic / Dance,Drums,by Hi Tek 3 (1990)
Cutter (Mix),Blow,Electronic / Dance,Drums,by Blow (1991)
Everyman,D.R.S.,Electronic / Dance,Drums,by D.R.S. feat. Kenny Ken (1994)
Everyman,Kenny Ken,Electronic / Dance,Drums,by D.R.S. feat. Kenny Ken (1994)
And the Day Turned to Fright (Eat Static Remix),Shpongle,Electronic / Dance,Drums,by Shpongle (2003)
Nostep,Christoph De Babalon,Electronic / Dance,Drums,by Christoph De Babalon (1997)
A.B.C.,Another Bad Creation,Hip-Hop / Rap / R&B,Drums,by Another Bad Creation (1991)
Better World,Rebel MC,Hip-Hop / Rap / R&B,Drums,by Rebel MC (1990)
Arriba!,Latino Party,Electronic / Dance,Drums,by Latino Party (1990)
Damn That DJ (The Wizard M.E.),Kid 'N Play,Hip-Hop / Rap / R&B,Drums,by Kid 'N Play (1988)
Acid 2000,Luke Vibert,Electronic / Dance,Drums,by Luke Vibert (2002)
Get Wit' It,Vanilla Ice,Hip-Hop / Rap / R&B,Drums,by Vanilla Ice (1991)
From Da Giddy Up,Three Times Dope,Hip-Hop / Rap / R&B,Drums,by Three Times Dope (1988)
Go West (1992 Twelve-Inch Mix),Pet Shop Boys,Electronic / Dance,Drums,by Pet Shop Boys (2001)
Tribute to James B. (L.L. Lupo´s D.J. Mix),Captain Hollywood,Hip-Hop / Rap / R&B,Drums,by Captain Hollywood (1988)
Groove Me,Friction & Spice,Electronic / Dance,Drums,by Friction & Spice (1994)
My Love,Collapse,Electronic / Dance,Drums,by Collapse (1990)
Ricky,Remarc,Electronic / Dance,Drums,by Remarc (1994)
Dangerous,DJ Ron,Electronic / Dance,Drums,by DJ Ron (1994)
Drop XTC,DJ Crystl,Electronic / Dance,Drums,by DJ Crystl (1992)
Drum N' Bass Wise,Remarc,Electronic / Dance,Drums,by Remarc (1994)
Put Ya' Hands Together (Parkside Mix),Eric B. & Rakim,Hip-Hop / Rap / R&B,Drums,by Eric B. & Rakim (1988)
Dale Huevo,M.C. Ninja,Hip-Hop / Rap / R&B,Drums,by M.C. Ninja (1991)
Go on Girl (The Hip Hop Mix),Roxanne Shanté,Hip-Hop / Rap / R&B,Drums,by Roxanne Shanté (1989)
Soldier,Capone (Dillinja),Electronic / Dance,Drums,by Capone (Dillinja) (1995)
1 Shot Killer Pussy,Amen Andrews,Electronic / Dance,Drums,by Amen Andrews and Spac Hand Luke (2006)
1 Shot Killer Pussy,Spac Hand Luke,Electronic / Dance,Drums,by Amen Andrews and Spac Hand Luke (2006)
Stick Up!,Elementz of Noize,Electronic / Dance,Drums,by Elementz of Noize and MC Det (1995)
Stick Up!,MC Det,Electronic / Dance,Drums,by Elementz of Noize and MC Det (1995)
Love & Happiness,PFM,Electronic / Dance,Drums,by PFM (1995)
Boss Drum (The Beatmasters Boss Mix),The Shamen,Electronic / Dance,Drums,by The Shamen (1992)
"Hallelujah, the Fifth Is Here (It's a Demo)",Fifth Platoon,Hip-Hop / Rap / R&B,Drums,by Fifth Platoon (1991)
Nothing Can Stop Us Now,B.A.D. Rep,Hip-Hop / Rap / R&B,Drums,by B.A.D. Rep (1990)
Warning (Powder Mix),Firefox,Electronic / Dance,Drums,by Firefox and 4-Tree (1994)
Warning (Powder Mix),4-Tree,Electronic / Dance,Drums,by Firefox and 4-Tree (1994)
"Come On, Yea",The Plastic Clothes Mechanics,Electronic / Dance,Drums,by The Plastic Clothes Mechanics (1990)
Money (Fire Island Radio Edit),Michael Jackson,Rock / Pop,Drums,by Michael Jackson (1997)
Comin' on Strong,Rebel MC,Electronic / Dance,Drums,by Rebel MC (1991)
Amusement Park,Hidenori Shoji,Soundtrack / Library,Drums,by Hidenori Shoji (2002)
Lunar Bass,Origin Unknown,Electronic / Dance,Drums,by Origin Unknown (1996)
Hagamos Algo Superficial Y Vulgar,Fangoria,Electronic / Dance,Drums,by Fangoria (1990)
Permanent Green,Voodoo Child,Electronic / Dance,Drums,by Voodoo Child (1991)
Smoke,DJ Icey,Electronic / Dance,Drums,by DJ Icey (1996)
Fiesta Loca,M.C. Ninja,Hip-Hop / Rap / R&B,Drums,by M.C. Ninja (1991)
Rock-A-Hula Baby,Pop Will Eat Itself,Rock / Pop,Drums,by Pop Will Eat Itself (1990)
I Need You (Street Remix),49ers,Electronic / Dance,Drums,by 49ers (1990)
Are You Dreaming?,Twenty 4 Seven,Electronic / Dance,Drums,by Twenty 4 Seven feat. Captain Hollywood (1990)
Are You Dreaming?,Captain Hollywood,Electronic / Dance,Drums,by Twenty 4 Seven feat. Captain Hollywood (1990)
Simple Rhythm,Soul Rebellion,Electronic / Dance,Drums,by Soul Rebellion (1990)
The Sax Lick,Intense,Electronic / Dance,Drums,by Intense (1996)
To the Moon Please,Sens Unik,Hip-Hop / Rap / R&B,Drums,by Sens Unik (1991)
Spring Theory (Moomin Rework),Acasual,Electronic / Dance,Drums,by Acasual (2016)
Cool Down,Andy C,Electronic / Dance,Drums,by Andy C (1995)
Dayz,Roni Size,Electronic / Dance,Drums,by Roni Size (1996)
My Fantasy (Rap),Teddy Riley,Hip-Hop / Rap / R&B,Multiple Elements,by Teddy Riley feat. Guy (1989)
My Fantasy (Rap),Guy,Hip-Hop / Rap / R&B,Multiple Elements,by Teddy Riley feat. Guy (1989)
Let's Go Crazy,Indra,Electronic / Dance,Drums,by Indra (1990)
Synchophantom,DJ NB,Electronic / Dance,Drums,by DJ NB (2017)
Pulse of Life,The Sentinel,Electronic / Dance,Drums,by The Sentinel (1994)
Handful of Promises,Big Fun,Rock / Pop,Drums,by Big Fun (1990)
The Getdown Is Funky,Zee Rocks the Copy,Hip-Hop / Rap / R&B,Drums,by Zee Rocks the Copy (1989)
Thinrider,Amen Andrews,Electronic / Dance,Drums,by Amen Andrews (2003)
Bad Habit,Whistle,Electronic / Dance,Drums,by Whistle (1990)
The Official Voice of Hip Hop,Simon Harris,Hip-Hop / Rap / R&B,Drums,by Simon Harris (1989)
Get Involved,MC's Logik,Hip-Hop / Rap / R&B,Drums,by MC's Logik (1989)
The Payback Mix (Keep on Doing What You're Doing but Make It Funky),James Brown,Soul / Funk / Disco,Drums,by James Brown (1988)
Let It Move You,Area 51,Electronic / Dance,Drums,by Area 51 (1992)
Jump to the Beat,Dannii Minogue,Electronic / Dance,Drums,by Dannii Minogue (1991)
Gonna Be Mine,Greg Packer,Electronic / Dance,Drums,by Greg Packer (2003)
Manalyze This!,Wagon Christ,Electronic / Dance,Drums,by Wagon Christ (2011)
Murder Tonight,Red Light,Electronic / Dance,Drums,by Red Light (1994)
Surprise (Naughty Boy Hump),Crystal Waters,Rock / Pop,Drums,by Crystal Waters (1991)
I Like It (Blow Out Dub) (The Maghreban Revenge Mix),Landlord,Electronic / Dance,Drums,by Landlord (2019)
Roll On,Andy C,Electronic / Dance,Drums,by Andy C (1995)
Black Meaning Good (Slavery Mix),Rebel MC,Electronic / Dance,Drums,by Rebel MC (1991)
Look Out for the Cook Out,RaCola Jam,Hip-Hop / Rap / R&B,Drums,by RaCola Jam (1991)
The End (Alternative Version),The Invisible Man (Hardcore),Electronic / Dance,Drums,by The Invisible Man (Hardcore) (1993)
By Any Means Necessary,DJ Trace,Electronic / Dance,Drums,by DJ Trace (1995)
I Want You,One II One,Electronic / Dance,Drums,by One II One (1992)
Jack You Boyz,The Fastman,Electronic / Dance,Drums,by The Fastman (1992)
Pump It Up (Yeah Baby!) (The Hip-Pusher Mix),Journey Into Sound,Electronic / Dance,Drums,by Journey Into Sound and M.C. X (1990)
Pump It Up (Yeah Baby!) (The Hip-Pusher Mix),M.C. X,Electronic / Dance,Drums,by Journey Into Sound and M.C. X (1990)
The Untouchable,Overlord X,Hip-Hop / Rap / R&B,Drums,by Overlord X (1990)
Steek 'M Op!,Osdorp Posse,Hip-Hop / Rap / R&B,Drums,by Osdorp Posse (1993)
Don Teifion,Omen Breaks,Electronic / Dance,Drums,by Omen Breaks (2020)
Insane,Criminal Nation,Hip-Hop / Rap / R&B,Drums,by Criminal Nation (1990)
Looking at You,Sunscreem,Electronic / Dance,Drums,by Sunscreem (1996)
Most Wanted,III Most Wanted,Hip-Hop / Rap / R&B,Drums,by III Most Wanted (1989)
Osiris Resurrected (Palms Trax Remix),Photonz,Electronic / Dance,Drums,by Photonz (2014)
Don't Distress This Groove,Private Party,Hip-Hop / Rap / R&B,Drums,by Private Party (1988)
Jazz Don't Make Them Wait,Robbie B,Hip-Hop / Rap / R&B,Drums,by Robbie B and DJ Jazz (1990)
Jazz Don't Make Them Wait,DJ Jazz,Hip-Hop / Rap / R&B,Drums,by Robbie B and DJ Jazz (1990)
Insane Like,Inner City Posse,Hip-Hop / Rap / R&B,Drums,by Inner City Posse (1991)
All Over the World (I See MONSTAS Remix),Above & Beyond,Electronic / Dance,Drums,by Above & Beyond feat. Alex Vargas (2015)
All Over the World (I See MONSTAS Remix),Alex Vargas,Electronic / Dance,Drums,by Above & Beyond feat. Alex Vargas (2015)
Niggarz in a State of Emergency,E.L. Me and the Street Products,Hip-Hop / Rap / R&B,Drums,by E.L. Me and the Street Products (1992)
Time Rock,Evren Omer,Electronic / Dance,Drums,by Evren Omer and Tony Crooks (1992)
Time Rock,Tony Crooks,Electronic / Dance,Drums,by Evren Omer and Tony Crooks (1992)
"Now That We Found Love (""Remix by David Meyer"")",Heavy D & the Boyz,Hip-Hop / Rap / R&B,Drums,by Heavy D & the Boyz (1991)
Let's Move,MC Fixx It,Electronic / Dance,Drums,by MC Fixx It (1990)
Rebel Woman,DNA,Electronic / Dance,Drums,by DNA feat. Jazzi P (1991)
Rebel Woman,Jazzi P,Electronic / Dance,Drums,by DNA feat. Jazzi P (1991)
Anything V.2.1,A Guy Called Gerald,Electronic / Dance,Drums,by A Guy Called Gerald (1993)
The Creator,The Creator,Electronic / Dance,Drums,by The Creator (1992)
Thing Called Love (Alotta Love Mix),The Boys,Hip-Hop / Rap / R&B,Drums,by The Boys (1990)
The Power (Extended '92 Power Remix),Stylz & the J.I.Z.,Hip-Hop / Rap / R&B,Drums,by Stylz & the J.I.Z. (1992)
Bookaloo,FaltyDL,Electronic / Dance,Drums,by FaltyDL (2015)
Profits of Unity (Daddy-O Remix),The Next School,Hip-Hop / Rap / R&B,Drums,by The Next School (1990)
Kaguya,Coco Bryce,Electronic / Dance,Drums,by Coco Bryce (2017)
Coming From the Heart (Revel-Mix),Bombast Broz,Hip-Hop / Rap / R&B,Drums,by Bombast Broz (1991)
A.C.I.D,Boymerang,Electronic / Dance,Drums,by Boymerang (1997)
You Got Me Running,Techno Grooves,Electronic / Dance,Drums,by Techno Grooves (1992)
Baby Talk,Local Group,Electronic / Dance,Drums,by Local Group (2020)
"Torero! (12"" Remix)",Azucar Moreno,Rock / Pop,Drums,by Azucar Moreno (1991)
Rollin' Heights,Omni Trio,Electronic / Dance,Drums,by Omni Trio (1994)
Feel Dat Funky Groove,Master Freez,Hip-Hop / Rap / R&B,Drums,by Master Freez (1992)
Slammin' Ragga Bootleg Track,Kid606,Electronic / Dance,Drums,by Kid606 (2004)
Really Wanna Party,Portal,Electronic / Dance,Drums,by Portal (2006)
C'mon N Shake Yer Butts (Tim Schommer's Shake It Mix),2 Young Brothers,Electronic / Dance,Drums,by 2 Young Brothers (1991)
In the House,Gental Touch,Hip-Hop / Rap / R&B,Drums,by Gental Touch (1991)
You Better Move,Stormski,Electronic / Dance,Drums,by Stormski (2018)
24 Horas / Pensando en Ti,Jazzy Mel,Hip-Hop / Rap / R&B,Drums,by Jazzy Mel (1992)
Got to Get to a Party,Cartouche,Hip-Hop / Rap / R&B,Drums,by Cartouche (1991)
Pull Over for My Bass,Bassotronics,Electronic / Dance,Drums,by Bassotronics (2011)
Calmante,Kjell,Electronic / Dance,Drums,by Kjell (2009)
Ragatere,Foul Play,Electronic / Dance,Drums,by Foul Play (1992)
I Believe,Denine,Electronic / Dance,Drums,by Denine (1998)
Exile via Freestyle,DJ Magic Mike,Hip-Hop / Rap / R&B,Drums,by DJ Magic Mike and MC Madness (1991)
Exile via Freestyle,MC Madness,Hip-Hop / Rap / R&B,Drums,by DJ Magic Mike and MC Madness (1991)
Simulation,Special Request,Electronic / Dance,Drums,by Special Request (2015)
16 Track Ting (Original Re-Edit),Bizzy B,Electronic / Dance,Drums,by Bizzy B (1996)
Blaze the Fire (Rah!) (Stray Remix),Danny Byrd,Electronic / Dance,Drums,by Danny Byrd feat. General Levy (2012)
Blaze the Fire (Rah!) (Stray Remix),General Levy,Electronic / Dance,Drums,by Danny Byrd feat. General Levy (2012)
You Got Played by Hoochie,Black Is Black,Hip-Hop / Rap / R&B,Drums,by Black Is Black feat. Solo (1992)
You Got Played by Hoochie,Solo,Hip-Hop / Rap / R&B,Drums,by Black Is Black feat. Solo (1992)
Ninety Three,Cluekid,Electronic / Dance,Drums,by Cluekid (2012)
Chop Chop Boom,Triplex (2),Hip-Hop / Rap / R&B,Drums,by Triplex (2) (1991)
Rise Up Over,Manix,Electronic / Dance,Drums,by Manix (2013)
Wasted (Out of Skins Mix),Wishdokta,Electronic / Dance,Drums,by Wishdokta (1992)
Let You in (Wax Doctor Remix),DJ Pulse,Electronic / Dance,Drums,by DJ Pulse feat. Professor Stretch (1995)
Let You in (Wax Doctor Remix),Professor Stretch,Electronic / Dance,Drums,by DJ Pulse feat. Professor Stretch (1995)
Sky,Gang Related & Mask,Electronic / Dance,Drums,by Gang Related & Mask (1996)
Total Control,Foul Play,Electronic / Dance,Drums,by Foul Play (1995)
Let the People Sing,Heavy D & the Boyz,Hip-Hop / Rap / R&B,Drums,by Heavy D & the Boyz (1991)
Not All There (Area 1),Sizlla Gainsbourg,Soundtrack / Library,Drums,"by Sizlla Gainsbourg, Megumi Matsuura and Masaki Kase (1993)"
Not All There (Area 1),Megumi Matsuura,Soundtrack / Library,Drums,"by Sizlla Gainsbourg, Megumi Matsuura and Masaki Kase (1993)"
Not All There (Area 1),Masaki Kase,Soundtrack / Library,Drums,"by Sizlla Gainsbourg, Megumi Matsuura and Masaki Kase (1993)"
Obsession,Fem 2 Fem,Electronic / Dance,Drums,by Fem 2 Fem (1993)
I Don't Burn,Def Defiance,Hip-Hop / Rap / R&B,Drums,by Def Defiance (1992)
Sniffer Dogs,Shitmat,Electronic / Dance,Drums,by Shitmat (2009)
Like Life,Lifelike (2),Electronic / Dance,Drums,by Lifelike (2) (1992)
Delusions Pt. 2,JMJ,Electronic / Dance,Drums,by JMJ and Flytronix (1996)
Delusions Pt. 2,Flytronix,Electronic / Dance,Drums,by JMJ and Flytronix (1996)
Archaeology,Shitmat,Electronic / Dance,Drums,by Shitmat (2009)
Violin Feelings,Marco Lazovic,Electronic / Dance,Drums,by Marco Lazovic (2018)
Timebomb,Narkim,Hip-Hop / Rap / R&B,Drums,by Narkim (1992)
One Style,Brainkillers,Electronic / Dance,Drums,by Brainkillers and Lewi Cifer (1993)
One Style,Lewi Cifer,Electronic / Dance,Drums,by Brainkillers and Lewi Cifer (1993)
Nightmoves,Foul Play,Electronic / Dance,Drums,by Foul Play (1995)
Echo Ins,Stavrogin,Electronic / Dance,Drums,by Stavrogin (2019)
Daddy's Dance,Benny B,Hip-Hop / Rap / R&B,Drums,by Benny B (1992)
Side B (ILL 004),Ill Behaviour,Electronic / Dance,Drums,by Ill Behaviour (2020)
Gimme What's Real,Indra,Rock / Pop,Drums,by Indra (1992)
Creep,Marvellous Cain,Electronic / Dance,Drums,by Marvellous Cain (1995)
Warp Ten (Heavyweight Mix),Rude Bwoy Monty,Electronic / Dance,Drums,by Rude Bwoy Monty (1995)
Course Poursuite (Electric Universe Remix),Joking Sphinx,Electronic / Dance,Drums,by Joking Sphinx (1997)
Tractor Beam,Special Request,Electronic / Dance,Multiple Elements,by Special Request (2015)
Fresh86,Tim Reaper,Electronic / Dance,Drums,by Tim Reaper (2011)
Poetry,S.W.A.T. (Success With Accurate Timing),Hip-Hop / Rap / R&B,Drums,by S.W.A.T. (Success With Accurate Timing) (1990)
Burn in His Hands (Trendy Remix Version),P. Lion,Electronic / Dance,Drums,by P. Lion (1992)
Murder Most Foul,Foul Play,Electronic / Dance,Drums,by Foul Play (1993)
Ocean Currents,Tim Reaper,Electronic / Dance,Drums,by Tim Reaper and Kloke (2021)
Ocean Currents,Kloke,Electronic / Dance,Drums,by Tim Reaper and Kloke (2021)
Can't Keep a Black Man Down,The Brother/hood Nation,Hip-Hop / Rap / R&B,Drums,by The Brother/hood Nation (1992)
Leo 9,Klute,Electronic / Dance,Drums,by Klute (1996)
Do You Dream,Mikey James,Electronic / Dance,Drums,by Mikey James (1995)
Supa Dupa,Kane & the Paraquat,Electronic / Dance,Drums,by Kane & the Paraquat (1994)
Chill Out,DJ Fokus,Electronic / Dance,Drums,by DJ Fokus (1993)
Long Jam (3-1),Deamonds,Electronic / Dance,Drums,by Deamonds (2014)
People of Paradise,DJ Infinity & the Basics,Electronic / Dance,Drums,by DJ Infinity & the Basics (1994)
Essa E Pra Zuar,Edu K,Electronic / Dance,Drums,by Edu K (2008)
Yume Name Koro,East of Eden (Deep House),Electronic / Dance,Drums,by East of Eden (Deep House) (2019)
Midnite,Universal Traveller,Electronic / Dance,Drums,by Universal Traveller (1996)
Keep on Pushing Me,Try 'N' B,Hip-Hop / Rap / R&B,Drums,by Try 'N' B (1992)
Rollin-Strong,Natives in Black,Hip-Hop / Rap / R&B,Drums,by Natives in Black (1992)
Make a Move,P.F.,Electronic / Dance,Drums,by P.F. (1991)
Detroit,1.8.7,Electronic / Dance,Drums,by 1.8.7 (2000)
Enclosed Spaces (Aquasky Remix),Skin Divers,Electronic / Dance,Drums,by Skin Divers (1996)
Dancers of the Stars,ARPXP,Electronic / Dance,Drums,by ARPXP (2016)
China Town,Suburban Architecture,Electronic / Dance,Drums,by Suburban Architecture (2020)
Yes,Elementz of Noize,Electronic / Dance,Drums,by Elementz of Noize (1996)
Rockin' Music,IBM Nation,Hip-Hop / Rap / R&B,Drums,by IBM Nation (2015)
Revel,Bluematter,Electronic / Dance,Drums,by Bluematter (2019)
Zion,Digital,Electronic / Dance,Drums,by Digital (2015)
Hot Pants,Mary Droppinz,Electronic / Dance,Drums,by Mary Droppinz feat. Rowa (2022)
Hot Pants,Rowa,Electronic / Dance,Drums,by Mary Droppinz feat. Rowa (2022)
Syntax,DJ Trace,Electronic / Dance,Drums,by DJ Trace (2001)
Stuck in My Mind,Indica's Rhythm,Electronic / Dance,Drums,by Indica's Rhythm (1996)
Dope Man,Timide Et Sans Complexe,Hip-Hop / Rap / R&B,Drums,by Timide Et Sans Complexe (1992)
Je Ne Plaisante Pas,Timide Et Sans Complexe,Hip-Hop / Rap / R&B,Drums,by Timide Et Sans Complexe (1992)
Give Me Da Weed,Ron Tom,Electronic / Dance,Drums,by Ron Tom (1995)
Kisses,DJ Stretch,Electronic / Dance,Drums,by DJ Stretch (2020)
Try Me Out,Lee Marrow,Electronic / Dance,Drums,by Lee Marrow feat. Charme (1993)
Try Me Out,Charme,Electronic / Dance,Drums,by Lee Marrow feat. Charme (1993)
Don't Talk Just Kiss,Right Said Fred,Rock / Pop,Drums,by Right Said Fred (1991)
Qu'Est Ce Qu'On Fait Maintenant? (Hip Hop Mix),Benny B,Hip-Hop / Rap / R&B,Drums,by Benny B feat. DJ Daddy K (1990)
Qu'Est Ce Qu'On Fait Maintenant? (Hip Hop Mix),DJ Daddy K,Hip-Hop / Rap / R&B,Drums,by Benny B feat. DJ Daddy K (1990)
Hypnosis,Psychotropic,Electronic / Dance,Drums,by Psychotropic (1990)
6 Million Ways,Dope Skillz,Electronic / Dance,Drums,by Dope Skillz (1995)
Snake Pass,Squarepusher,Electronic / Dance,Drums,by Squarepusher (1999)
Yeah,Haddaway,Rock / Pop,Drums,by Haddaway (1993)
Break 'Em,Reso,Electronic / Dance,Drums,by Reso (2014)
Sweet Perfection,Lab Technicians,Electronic / Dance,Drums,by Lab Technicians (1991)
Plutonic,Bizarre Inc,Electronic / Dance,Drums,by Bizarre Inc (1991)
Je Rap,Suprême NTM,Hip-Hop / Rap / R&B,Drums,by Suprême NTM (1990)
Payback (The Final Mixdown),James Brown,Soul / Funk / Disco,Drums,by James Brown (1988)
One Time's Got No Case,Sir Mix-a-Lot,Hip-Hop / Rap / R&B,Sound Effect / Other,by Sir Mix-a-Lot (1992)
Chick on the Side,Salt-N-Pepa,Hip-Hop / Rap / R&B,Drums,by Salt-N-Pepa (1986)
Papa Was a Rolling Stone,Was (Not Was),Soul / Funk / Disco,Drums,by Was (Not Was) (1990)
Flatliners,S1000,Electronic / Dance,Drums,by S1000 (1992)
So You Like What You See,Samuelle,Hip-Hop / Rap / R&B,Drums,by Samuelle (1990)
Drop the Needle,Maestro Fresh Wes,Hip-Hop / Rap / R&B,Drums,by Maestro Fresh Wes (1989)
Moments in Soul,J.T. And the Big Family,Electronic / Dance,Drums,by J.T. And the Big Family (1989)
Expand,Jazz Cartel,Electronic / Dance,Drums,by Jazz Cartel (1996)
Viva La Revolución,2 in Line,Electronic / Dance,Drums,by 2 in Line (1993)
Gateway,Tessela,Electronic / Dance,Drums,by Tessela (2013)
Follow 4 Now,Sway & King Tech,Hip-Hop / Rap / R&B,Drums,by Sway & King Tech (1991)
Trippin' on Sunshine,Pizzaman,Electronic / Dance,Drums,by Pizzaman (1994)
Synergy,Alix Perez,Electronic / Dance,Drums,by Alix Perez and Spectrasoul (2017)
Synergy,Spectrasoul,Electronic / Dance,Drums,by Alix Perez and Spectrasoul (2017)
Hell's Party,Glam,Electronic / Dance,Drums,by Glam (1992)
It's Time,Zomby,Electronic / Dance,Drums,by Zomby (2013)
Metropolis,Adam F,Electronic / Dance,Drums,by Adam F (1996)
Airport '89,Wood Allen,Electronic / Dance,Drums,by Wood Allen (1989)
Kinetic (Frank De Wulf Remix),Golden Girls,Electronic / Dance,Drums,by Golden Girls (1992)
Move Any Mountain (The Bones Break Mastermix),The Shamen,Electronic / Dance,Drums,by The Shamen (1991)
The Music Is Movin' (Mars Plastic Mix),Fargetta,Electronic / Dance,Drums,by Fargetta (1992)
Breathe,Moby,Electronic / Dance,Drums,by Moby (1991)
Just Get Up and Dance,Afrika Bambaataa,Electronic / Dance,Drums,by Afrika Bambaataa (1990)
Rapper's Delight (Ben Liebrand 89 Mix),Sugarhill Gang,Hip-Hop / Rap / R&B,Drums,by Sugarhill Gang (1989)
Go (Special Request Warehouse Remix),The Chemical Brothers,Electronic / Dance,Drums,by The Chemical Brothers feat. Q-Tip (2015)
Go (Special Request Warehouse Remix),Q-Tip,Electronic / Dance,Drums,by The Chemical Brothers feat. Q-Tip (2015)
I Want You (Forever),Carl Cox,Electronic / Dance,Drums,by Carl Cox (1991)
Bring Forth the Guillotine,Silver Bullet,Hip-Hop / Rap / R&B,Drums,by Silver Bullet (1989)
The Western Tune,PFM,Electronic / Dance,Drums,by PFM (1995)
Conversations,Mutt,Electronic / Dance,Drums,by Mutt feat. Kevin King (2009)
Conversations,Kevin King,Electronic / Dance,Drums,by Mutt feat. Kevin King (2009)
Heat,Wax Doctor,Electronic / Dance,Drums,by Wax Doctor (1996)
Finger on the Trigger,JAK3,Hip-Hop / Rap / R&B,Drums,by JAK3 (2018)
Inception,DJ Trace,Electronic / Dance,Drums,by DJ Trace (1991)
The Devil Made Me Do It,Paris,Hip-Hop / Rap / R&B,Drums,by Paris (1989)
Believe It,Calibre,Electronic / Dance,Drums,by Calibre (2015)
Everybody Jump Around,Richard Jacques,Soul / Funk / Disco,Drums,by Richard Jacques (2001)
SMD#2 (Side A),SMD,Electronic / Dance,Drums,by SMD (1993)
Vibrate,DJ Sliink,Electronic / Dance,Multiple Elements,by DJ Sliink (2012)
Lemon (Jeep Mix),U2,Rock / Pop,Drums,by U2 (1993)
Everytime You Touch Me,Moby,Electronic / Dance,Drums,by Moby (1994)
Crumbs,2 Boasters (A Digestive & a Jammy Dodger),Electronic / Dance,Drums,by 2 Boasters (A Digestive & a Jammy Dodger) (1991)
Doin' the Do,Betty Boo,Rock / Pop,Drums,by Betty Boo (1990)
aTENTion,M.I.A.,Electronic / Dance,Drums,by M.I.A. (2013)
Jump They Say,David Bowie,Electronic / Dance,Drums,by David Bowie (1993)
Happy All the Time,Danny L Harle,Electronic / Dance,Drums,by Danny L Harle (2017)
One Love,The Stone Roses,Rock / Pop,Drums,by The Stone Roses (1990)
Rescue Me,Madonna,Rock / Pop,Drums,by Madonna (1990)
Rainbow Road,Asuka Ohta,Soundtrack / Library,Drums,by Asuka Ohta and Ryo Nagamatsu (2008)
Rainbow Road,Ryo Nagamatsu,Soundtrack / Library,Drums,by Asuka Ohta and Ryo Nagamatsu (2008)
What the World Is Waiting For,The Stone Roses,Rock / Pop,Drums,by The Stone Roses (1989)
Live on Stage,Roxanne Shanté,Hip-Hop / Rap / R&B,Sound Effect / Other,by Roxanne Shanté (1989)
I Don't Know Anybody Else (Hurley's House Mix),Black Box,Electronic / Dance,Drums,by Black Box feat. Martha Wash (1990)
I Don't Know Anybody Else (Hurley's House Mix),Martha Wash,Electronic / Dance,Drums,by Black Box feat. Martha Wash (1990)
Kemistry,Metalheads,Electronic / Dance,Drums,by Metalheads (1992)
Drop the Bass,The Prodigy,Electronic / Dance,Drums,by The Prodigy (1990)
Move Your Feet,49ers,Electronic / Dance,Drums,by 49ers feat. Ann Marie Smith (1991)
Move Your Feet,Ann Marie Smith,Electronic / Dance,Drums,by 49ers feat. Ann Marie Smith (1991)
Count on Me,Chase & Status,Electronic / Dance,Drums,by Chase & Status feat. Moko (2013)
Count on Me,Moko,Electronic / Dance,Drums,by Chase & Status feat. Moko (2013)
Posers and Camera Phones,Venetian Snares,Electronic / Dance,Drums,by Venetian Snares (2010)
Every Time I Get Up,Alexander O'Neal,Hip-Hop / Rap / R&B,Sound Effect / Other,by Alexander O'Neal (1991)
It Began in Africa,Urban All Stars,Electronic / Dance,Drums,by Urban All Stars (1988)
Gonna Catch You,Lonnie Gordon,Electronic / Dance,Drums,by Lonnie Gordon (1991)
Ghetto Heaven,The Family Stand,Hip-Hop / Rap / R&B,Sound Effect / Other,by The Family Stand (1990)
Louder,"Sport ""G"" and Mastermind",Hip-Hop / Rap / R&B,Drums,"by Sport ""G"" and Mastermind (1987)"
I Can't Stand It!,Twenty 4 Seven,Electronic / Dance,Drums,by Twenty 4 Seven feat. Captain Hollywood (1990)
I Can't Stand It!,Captain Hollywood,Electronic / Dance,Drums,by Twenty 4 Seven feat. Captain Hollywood (1990)
Feenin' (L.T.J. Bukem Remix),Jodeci,Electronic / Dance,Drums,by Jodeci (1995)
Shelter Me (Helter Skelter Mix),Circuit,Electronic / Dance,Drums,by Circuit feat. Koffi (1990)
Shelter Me (Helter Skelter Mix),Koffi,Electronic / Dance,Drums,by Circuit feat. Koffi (1990)
Industrial Bass,Project 86,Electronic / Dance,Drums,by Project 86 (1990)
I Wanna Be a Hippy (Dreadlock Holiday),Technohead,Electronic / Dance,Drums,by Technohead (1995)
Found Love,Double Dee,Electronic / Dance,Drums,by Double Dee feat. Dany (1990)
Found Love,Dany,Electronic / Dance,Drums,by Double Dee feat. Dany (1990)
Ride on Time (The Bright on Mix),Black Box,Electronic / Dance,Drums,by Black Box (1990)
Mary Had a Little Boy,Snap!,Electronic / Dance,Drums,by Snap! (1990)
Brother Madonna,Kitsune²,Electronic / Dance,Drums,by Kitsune² (2008)
Survivors,Zomboy,Electronic / Dance,Drums,by Zomboy and MUST DIE! (2014)
Survivors,MUST DIE!,Electronic / Dance,Drums,by Zomboy and MUST DIE! (2014)
Nuff Respect,Big Daddy Kane,Hip-Hop / Rap / R&B,Sound Effect / Other,by Big Daddy Kane (1991)
Gangsta Beat 4 Tha Street,Eazy-E,Hip-Hop / Rap / R&B,Drums,by Eazy-E feat. B.G. Knocc Out & Dresta and Menajahtwa (1995)
Gangsta Beat 4 Tha Street,B.G. Knocc Out & Dresta,Hip-Hop / Rap / R&B,Drums,by Eazy-E feat. B.G. Knocc Out & Dresta and Menajahtwa (1995)
Gangsta Beat 4 Tha Street,Menajahtwa,Hip-Hop / Rap / R&B,Drums,by Eazy-E feat. B.G. Knocc Out & Dresta and Menajahtwa (1995)
Sniper,DJ Trace,Electronic / Dance,Drums,by DJ Trace and Pete Parsons (1999)
Sniper,Pete Parsons,Electronic / Dance,Drums,by DJ Trace and Pete Parsons (1999)
Take Me Away (Pinned Up Mix),True Faith,Electronic / Dance,Drums,by True Faith and Final Cut feat. Bridgett Grace (1991)
Take Me Away (Pinned Up Mix),Final Cut,Electronic / Dance,Drums,by True Faith and Final Cut feat. Bridgett Grace (1991)
Take Me Away (Pinned Up Mix),Bridgett Grace,Electronic / Dance,Drums,by True Faith and Final Cut feat. Bridgett Grace (1991)
Charly (Trip Into Drum and Bass Version),The Prodigy,Electronic / Dance,Drums,by The Prodigy (1992)
Terminator,Metalheads,Electronic / Dance,Drums,by Metalheads (1992)
On & on (Blu Mar Ten Remix),Erykah Badu,Electronic / Dance,Drums,by Erykah Badu (1997)
Machine Gun,Chase & Status,Electronic / Dance,Drums,by Chase & Status feat. Pusha T (2013)
Machine Gun,Pusha T,Electronic / Dance,Drums,by Chase & Status feat. Pusha T (2013)
Sex Nigga,Dhat Nigga,Hip-Hop / Rap / R&B,Drums,by Dhat Nigga (1993)
Happenin' All Over Again,Lonnie Gordon,Electronic / Dance,Drums,by Lonnie Gordon (1990)
Maiden,Alix Perez,Electronic / Dance,Drums,by Alix Perez and Ivy Lab (2016)
Maiden,Ivy Lab,Electronic / Dance,Drums,by Alix Perez and Ivy Lab (2016)
"Was It Weird I Listened to ""Im God"" by Clams Casino's When I Lost My Virginity",Sewerslvt,Electronic / Dance,Drums,by Sewerslvt (2018)
Get Busy,Mr. Lee (Chicago House),Electronic / Dance,Sound Effect / Other,by Mr. Lee (Chicago House) (1989)
Hypnagogic (I Can't Wait),Love Regenerator,Electronic / Dance,Drums,by Love Regenerator (2020)
Cool as Ice,Vanilla Ice,Hip-Hop / Rap / R&B,Sound Effect / Other,by Vanilla Ice (1991)
Music (Happy Raw),LTJ Bukem,Electronic / Dance,Drums,by LTJ Bukem (1993)
Estoy Aquí,Shakira,Rock / Pop,Drums,by Shakira (1995)
"Caught, Can We Get a Witness?",Public Enemy,Hip-Hop / Rap / R&B,Drums,by Public Enemy (1988)
Champion Sound,Q Project,Electronic / Dance,Drums,by Q Project (1993)
Mr. Kill Myself,Sewerslvt,Other,Drums,by Sewerslvt (2020)
Hear the Drummer (Get Wicked),Chad Jackson,Electronic / Dance,Drums,by Chad Jackson (1990)
Begin Again,Knife Party,Electronic / Dance,Drums,by Knife Party (2014)
Nu Grooves,London Steppers,Electronic / Dance,Drums,by London Steppers (1993)
Moment,Vierre Cloud,Electronic / Dance,Drums,by Vierre Cloud (2019)
Break the Grip of Shame,Paris,Hip-Hop / Rap / R&B,Drums,by Paris (1989)
Let the Warriors Dance,Addis Posse,Electronic / Dance,Drums,by Addis Posse (1989)
Can't Do Nuttin' for Ya Man,Public Enemy,Hip-Hop / Rap / R&B,Sound Effect / Other,by Public Enemy (1990)
World (The Price of Love),New Order,Electronic / Dance,Drums,by New Order (1993)
Piggy (Nothing Can Stop Me Now),Nine Inch Nails,Rock / Pop,Drums,by Nine Inch Nails (1995)
Buck Bumble Main Theme,Justin Scharvona,Soundtrack / Library,Drums,by Justin Scharvona (1998)
Step Back in Time,Kylie Minogue,Electronic / Dance,Drums,by Kylie Minogue (1990)
