Bring Da Ruckus,Wu-Tang Clan,Hip-Hop / Rap / R&B,Drums,by Wu-Tang Clan (1993)
New God Flow,Pusha T,Hip-Hop / Rap / R&B,Drums,by Pusha T and Kanye West (2012)
New God Flow,Kanye West,Hip-Hop / Rap / R&B,Drums,by Pusha T and Kanye West (2012)
O.P.P.,Naughty by Nature,Hip-Hop / Rap / R&B,Drums,by Naughty by Nature (1991)
Ego Trippin',Ultramagnetic MC's,Hip-Hop / Rap / R&B,Multiple Elements,by Ultramagnetic MC's (1986)
Don't Believe the Hype,Public Enemy,Hip-Hop / Rap / R&B,Drums,by Public Enemy (1988)
You Be Killin' 'Em,Fabolous,Hip-Hop / Rap / R&B,Multiple Elements,by Fabolous (2010)
DWYCK,Gang Starr,Hip-Hop / Rap / R&B,Drums,by Gang Starr feat. Nice & Smooth (1992)
DWYCK,Nice & Smooth,Hip-Hop / Rap / R&B,Drums,by Gang Starr feat. Nice & Smooth (1992)
Mighty Healthy,Ghostface Killah,Hip-Hop / Rap / R&B,Drums,by Ghostface Killah (2000)
My Life,50 Cent,Hip-Hop / Rap / R&B,Drums,by 50 Cent feat. Eminem and Adam Levine (2012)
My Life,Eminem,Hip-Hop / Rap / R&B,Drums,by 50 Cent feat. Eminem and Adam Levine (2012)
My Life,Adam Levine,Hip-Hop / Rap / R&B,Drums,by 50 Cent feat. Eminem and Adam Levine (2012)
Code of the Streets,Gang Starr,Hip-Hop / Rap / R&B,Drums,by Gang Starr (1994)
The Champ (Original Version),Ghostface Killah,Hip-Hop / Rap / R&B,Drums,by Ghostface Killah (2006)
Black Balloons Reprise,Flying Lotus,Hip-Hop / Rap / R&B,Drums,by Flying Lotus feat. Denzel Curry (2019)
Black Balloons Reprise,Denzel Curry,Hip-Hop / Rap / R&B,Drums,by Flying Lotus feat. Denzel Curry (2019)
Knock the Hustle,Cozz,Hip-Hop / Rap / R&B,Drums,by Cozz (2014)
All I Need,Method Man,Hip-Hop / Rap / R&B,Drums,by Method Man feat. Streetlife (1994)
All I Need,Streetlife,Hip-Hop / Rap / R&B,Drums,by Method Man feat. Streetlife (1994)
Delinquents Never Pray (Amen 2),DJ Delinquent,Hip-Hop / Rap / R&B,Drums,by DJ Delinquent (2009)
Clan in Da Front,Wu-Tang Clan,Hip-Hop / Rap / R&B,Drums,by Wu-Tang Clan (1993)
Bring Da Ruckus,Wu-Tang Clan,Hip-Hop / Rap / R&B,Drums,by Wu-Tang Clan (1993)
New God Flow,Pusha T,Hip-Hop / Rap / R&B,Drums,by Pusha T and Kanye West (2012)
New God Flow,Kanye West,Hip-Hop / Rap / R&B,Drums,by Pusha T and Kanye West (2012)
O.P.P.,Naughty by Nature,Hip-Hop / Rap / R&B,Drums,by Naughty by Nature (1991)
Ego Trippin',Ultramagnetic MC's,Hip-Hop / Rap / R&B,Multiple Elements,by Ultramagnetic MC's (1986)
Don't Believe the Hype,Public Enemy,Hip-Hop / Rap / R&B,Drums,by Public Enemy (1988)
You Be Killin' 'Em,Fabolous,Hip-Hop / Rap / R&B,Multiple Elements,by Fabolous (2010)
DWYCK,Gang Starr,Hip-Hop / Rap / R&B,Drums,by Gang Starr feat. Nice & Smooth (1992)
DWYCK,Nice & Smooth,Hip-Hop / Rap / R&B,Drums,by Gang Starr feat. Nice & Smooth (1992)
Mighty Healthy,Ghostface Killah,Hip-Hop / Rap / R&B,Drums,by Ghostface Killah (2000)
My Life,50 Cent,Hip-Hop / Rap / R&B,Drums,by 50 Cent feat. Eminem and Adam Levine (2012)
My Life,Eminem,Hip-Hop / Rap / R&B,Drums,by 50 Cent feat. Eminem and Adam Levine (2012)
My Life,Adam Levine,Hip-Hop / Rap / R&B,Drums,by 50 Cent feat. Eminem and Adam Levine (2012)
Code of the Streets,Gang Starr,Hip-Hop / Rap / R&B,Drums,by Gang Starr (1994)
The Champ (Original Version),Ghostface Killah,Hip-Hop / Rap / R&B,Drums,by Ghostface Killah (2006)
Black Balloons Reprise,Flying Lotus,Hip-Hop / Rap / R&B,Drums,by Flying Lotus feat. Denzel Curry (2019)
Black Balloons Reprise,Denzel Curry,Hip-Hop / Rap / R&B,Drums,by Flying Lotus feat. Denzel Curry (2019)
Knock the Hustle,Cozz,Hip-Hop / Rap / R&B,Drums,by Cozz (2014)
All I Need,Method Man,Hip-Hop / Rap / R&B,Drums,by Method Man feat. Streetlife (1994)
All I Need,Streetlife,Hip-Hop / Rap / R&B,Drums,by Method Man feat. Streetlife (1994)
Delinquents Never Pray (Amen 2),DJ Delinquent,Hip-Hop / Rap / R&B,Drums,by DJ Delinquent (2009)
Clan in Da Front,Wu-Tang Clan,Hip-Hop / Rap / R&B,Drums,by Wu-Tang Clan (1993)
Ear Damage,DJ Delinquent,Hip-Hop / Rap / R&B,Drums,by DJ Delinquent (2010)
All Gone,Fraughman,Electronic / Dance,Drums,by Fraughman (2000)
What They All Say,Kyo Itachi,Hip-Hop / Rap / R&B,Drums,by Kyo Itachi feat. Krondon (2018)
What They All Say,Krondon,Hip-Hop / Rap / R&B,Drums,by Kyo Itachi feat. Krondon (2018)
J.B.'s Revenge,Joe Blakk,Hip-Hop / Rap / R&B,Drums,by Joe Blakk (1994)
Various Muthafuckas,J-Bad,Hip-Hop / Rap / R&B,Drums,by J-Bad (1993)
Step in the Wrong Direction (Remix),NoDōz,Hip-Hop / Rap / R&B,Drums,by NoDōz (2013)
The Agenda,Long Ova Due,Hip-Hop / Rap / R&B,Drums,by Long Ova Due (1993)
BOT,Chuck D,Hip-Hop / Rap / R&B,Drums,by Chuck D and Jahi (2018)
BOT,Jahi,Hip-Hop / Rap / R&B,Drums,by Chuck D and Jahi (2018)
Turn It Out,RM,Hip-Hop / Rap / R&B,Drums,by RM (1993)
Mehr Schein Als Sein,Fettes Brot,Spoken Word,Drums,by Fettes Brot (1998)
Kompass,Arturs Skutelis,Hip-Hop / Rap / R&B,Multiple Elements,by Arturs Skutelis (2011)
Wizard of Large,Derrick Dee,Hip-Hop / Rap / R&B,Drums,by Derrick Dee (1995)
Following Me,Wolverine,Hip-Hop / Rap / R&B,Drums,by Wolverine (2007)
Pimpin 101,Kilo,Hip-Hop / Rap / R&B,Drums,by Kilo (1993)
Heartcore,Too Strong,Hip-Hop / Rap / R&B,Drums,by Too Strong (2009)
De La Costa Al Valle,Perros Callejeros,Hip-Hop / Rap / R&B,Drums,by Perros Callejeros (2005)
Step in the Wrong Direction (Hypnotic),NoDōz,Hip-Hop / Rap / R&B,Drums,by NoDōz (1992)
6:AM,Brain Damage,Hip-Hop / Rap / R&B,Drums,by Brain Damage (1990)
I Don't Belong,Fraughman,Electronic / Dance,Drums,by Fraughman (2003)
Let It Smoke,J-Bad,Hip-Hop / Rap / R&B,Drums,by J-Bad (1993)
1200 Technics,P Dap,Hip-Hop / Rap / R&B,Drums,by P Dap (1997)
Da' Clipz Go On,Ruff Draf,Hip-Hop / Rap / R&B,Drums,by Ruff Draf (1994)
Do or Die,Gee Rock & Tha C.N.D. Coalition,Hip-Hop / Rap / R&B,Drums,by Gee Rock & Tha C.N.D. Coalition (1993)
King of Tomorrow,Doddodo,Hip-Hop / Rap / R&B,Hook / Riff,by Doddodo (2006)
I'm the Man,Cooly Live,Hip-Hop / Rap / R&B,Drums,by Cooly Live (1992)
Going Badd Fast,Jazzie Redd,Hip-Hop / Rap / R&B,Drums,by Jazzie Redd (1995)
Shortkut to Disk,Invisibl Skratch Piklz,Hip-Hop / Rap / R&B,Multiple Elements,by Invisibl Skratch Piklz (2000)
I Gotz Da Phunk,M.C. Gee Wiz,Hip-Hop / Rap / R&B,Drums,by M.C. Gee Wiz (1996)
2 Philadelphie a Paris,Emmigrands,Hip-Hop / Rap / R&B,Drums,by Emmigrands (1996)
Har Gunga (Underground Mix),Achanak,Hip-Hop / Rap / R&B,Drums,by Achanak feat. Double Impact (British Rapper) (1992)
Har Gunga (Underground Mix),Double Impact (British Rapper),Hip-Hop / Rap / R&B,Drums,by Achanak feat. Double Impact (British Rapper) (1992)
Runnin Amok,Def Wish Cast,Hip-Hop / Rap / R&B,Drums,by Def Wish Cast (1993)
U an I U.N.I.T.E.,A.D.,Hip-Hop / Rap / R&B,Drums,by A.D. (1995)
"No Future Ring, No Future Wife",E-Play Smooth,Hip-Hop / Rap / R&B,Drums,by E-Play Smooth (1993)
Gangsta Rave Girl,DJ Delinquent,Hip-Hop / Rap / R&B,Drums,by DJ Delinquent (2009)
Not Emcee'n,Dooley-O,Hip-Hop / Rap / R&B,Drums,by Dooley-O and Lic Shot (2006)
Not Emcee'n,Lic Shot,Hip-Hop / Rap / R&B,Drums,by Dooley-O and Lic Shot (2006)
Unration-AL,Art of Origin,Hip-Hop / Rap / R&B,Drums,by Art of Origin (1993)
Down With Reality,Zig Zag,Hip-Hop / Rap / R&B,Drums,by Zig Zag (1994)
Ombre,Sunshine,Hip-Hop / Rap / R&B,Drums,by Sunshine (1996)
On & On,Yall So Stupid,Hip-Hop / Rap / R&B,Drums,by Yall So Stupid (1993)
No More Games,Kid Power Posse,Hip-Hop / Rap / R&B,Drums,by Kid Power Posse (1993)
Love Me Right,Blu Cab,Hip-Hop / Rap / R&B,Drums,by Blu Cab (1996)
Daddy's Comin Home Wit Da Loot,B.F.T.B.,Hip-Hop / Rap / R&B,Drums,by B.F.T.B. (1993)
Northside,Ruffnexet,Hip-Hop / Rap / R&B,Drums,by Ruffnexet (1994)
Da Shoota,Tabb Doe,Hip-Hop / Rap / R&B,Multiple Elements,by Tabb Doe (1995)
Klutch Da Nutz,E-Play Smooth,Hip-Hop / Rap / R&B,Drums,by E-Play Smooth (1993)
Go Off,M. Doc,Hip-Hop / Rap / R&B,Drums,by M. Doc (1991)
Wegotrippin,Silent Majority (2),Hip-Hop / Rap / R&B,Drums,by Silent Majority (2) (1994)
Da Boom,Parental Advisory,Hip-Hop / Rap / R&B,Drums,by Parental Advisory (1993)
The Breaks,Ripp,Hip-Hop / Rap / R&B,Drums,by Ripp (2015)
Take Your Time,RM,Hip-Hop / Rap / R&B,Drums,by RM (1993)
Rebel-Arte,JHT,Hip-Hop / Rap / R&B,Drums,by JHT (2006)
Knock It Off (Extended Mix),Ace Dog,Hip-Hop / Rap / R&B,Drums,by Ace Dog (1994)
Die Dunkelsequenz,WestBam,Electronic / Dance,Drums,by WestBam (1997)
Somethin' to Drink a 40-2,E-Play Smooth,Hip-Hop / Rap / R&B,Drums,by E-Play Smooth (1992)
No Peace,Natives in Black,Hip-Hop / Rap / R&B,Drums,by Natives in Black (1994)
Side A,Butchwax,Hip-Hop / Rap / R&B,Sound Effect / Other,by Butchwax (1999)
Put Our Thing Down,Rhythm Radicals,Hip-Hop / Rap / R&B,Drums,by Rhythm Radicals (1992)
Do It Att Will,Att Will,Hip-Hop / Rap / R&B,Drums,by Att Will (1993)
"The Ox Tail, the Burger & Chic",Resident Alien,Hip-Hop / Rap / R&B,Drums,by Resident Alien (1991)
Dring Dring Quoi?,Sens Unik,Hip-Hop / Rap / R&B,Drums,by Sens Unik (1992)
Energy,Syco,Hip-Hop / Rap / R&B,Drums,by Syco (1993)
Those Hoes Don't Know We the Brothers (Pay Mix),Brothers 4 the Struggle,Hip-Hop / Rap / R&B,Drums,by Brothers 4 the Struggle (1994)
Rez-n-8,8-Bza,Hip-Hop / Rap / R&B,Drums,by 8-Bza feat. Ink Rezin and DJ Bob E (2013)
Rez-n-8,Ink Rezin,Hip-Hop / Rap / R&B,Drums,by 8-Bza feat. Ink Rezin and DJ Bob E (2013)
Rez-n-8,DJ Bob E,Hip-Hop / Rap / R&B,Drums,by 8-Bza feat. Ink Rezin and DJ Bob E (2013)
Dirty Money,Life Afta Death,Hip-Hop / Rap / R&B,Drums,by Life Afta Death (1993)
Marga Breaks a Leg,Katch 22,Hip-Hop / Rap / R&B,Drums,by Katch 22 (1993)
On the Real Tip,Hansom Harm,Hip-Hop / Rap / R&B,Multiple Elements,by Hansom Harm (1993)
County Blues (Rikers Mix),Jewel-T,Hip-Hop / Rap / R&B,Drums,by Jewel-T (1992)
Ease Back,Rumble Town,Hip-Hop / Rap / R&B,Drums,"by Rumble Town, Black Anthem and Thorobredz (1993)"
Ease Back,Black Anthem,Hip-Hop / Rap / R&B,Drums,"by Rumble Town, Black Anthem and Thorobredz (1993)"
Ease Back,Thorobredz,Hip-Hop / Rap / R&B,Drums,"by Rumble Town, Black Anthem and Thorobredz (1993)"
Rock Dis Land,The Maniac,Hip-Hop / Rap / R&B,Drums,by The Maniac (1991)
Collette Da Pet,Brothers Uv Da Blakmarket,Hip-Hop / Rap / R&B,Drums,by Brothers Uv Da Blakmarket (1992)
You Got Me Cryin',The Boys,Hip-Hop / Rap / R&B,Drums,by The Boys (1992)
Madd Skills & Unpaid Bills,Northern Exposure,Hip-Hop / Rap / R&B,Drums,by Northern Exposure (1994)
Hard (Short),Wreckx-N-Effect,Hip-Hop / Rap / R&B,Drums,by Wreckx-N-Effect (1992)
Who Freaked Who,Apache,Hip-Hop / Rap / R&B,Drums,by Apache feat. Nikki D (1993)
Who Freaked Who,Nikki D,Hip-Hop / Rap / R&B,Drums,by Apache feat. Nikki D (1993)
Don't Smile at Me,Ruff & Rugged,Hip-Hop / Rap / R&B,Drums,by Ruff & Rugged (1992)
Kremenko,Sunshine,Hip-Hop / Rap / R&B,Drums,by Sunshine (1996)
Give the People,MC Freeze,Hip-Hop / Rap / R&B,Drums,by MC Freeze (1992)
Can You Kick the Flavor,Flavor Rap Productions,Hip-Hop / Rap / R&B,Multiple Elements,"by Flavor Rap Productions, MC Rome and Jocko (1992)"
Can You Kick the Flavor,MC Rome,Hip-Hop / Rap / R&B,Multiple Elements,"by Flavor Rap Productions, MC Rome and Jocko (1992)"
Can You Kick the Flavor,Jocko,Hip-Hop / Rap / R&B,Multiple Elements,"by Flavor Rap Productions, MC Rome and Jocko (1992)"
Niggaz Come Alive for 95' (It's On),Militant Mind State,Hip-Hop / Rap / R&B,Drums,by Militant Mind State (1995)
Flex the Flavour,Flexforce,Hip-Hop / Rap / R&B,Drums,by Flexforce (1993)
...From the Crypt,DJ Sensei,Electronic / Dance,Drums,by DJ Sensei (1996)
Bloody Fetus,The K-Otic Family,Hip-Hop / Rap / R&B,Drums,by The K-Otic Family (1995)
Mr. Trick Daddy,Lyric Lords,Hip-Hop / Rap / R&B,Drums,by Lyric Lords (1993)
Deaf,Liberal Shimmering,Hip-Hop / Rap / R&B,Drums,by Liberal Shimmering (2016)
The Map,Blythe Joustra Productions,Soundtrack / Library,Drums,by Blythe Joustra Productions (1993)
Thief's Theme,Bassi Maestro,Hip-Hop / Rap / R&B,Drums,by Bassi Maestro (2010)
Test Da Rocket Launcha,Chocolate Bam Boo,Hip-Hop / Rap / R&B,Drums,by Chocolate Bam Boo (1993)
Reyes Not Fall,Parental Advisory,Hip-Hop / Rap / R&B,Multiple Elements,by Parental Advisory (1993)
B.S.D.,Black Nubian Cartel,Hip-Hop / Rap / R&B,Drums,by Black Nubian Cartel feat. Zolo (1993)
B.S.D.,Zolo,Hip-Hop / Rap / R&B,Drums,by Black Nubian Cartel feat. Zolo (1993)
It May Not Seem,Four Sure,Hip-Hop / Rap / R&B,Drums,by Four Sure (1993)
I Do My Dirt,Mass Kunfusion,Hip-Hop / Rap / R&B,Drums,by Mass Kunfusion (1996)
Atitude,Codigo 13,Hip-Hop / Rap / R&B,Multiple Elements,by Codigo 13 (1994)
"Emergency ""911""",Pure Dee Funk,Hip-Hop / Rap / R&B,Drums,by Pure Dee Funk (1994)
On the Real Tip,Crazy Rak,Hip-Hop / Rap / R&B,Drums,by Crazy Rak (1993)
Naughty Hip Hop,Da Homlez,Hip-Hop / Rap / R&B,Drums,by Da Homlez (1995)
B-Boy Moonstomp,Underdog,Hip-Hop / Rap / R&B,Drums,by Underdog (1996)
Caught in the Flow,Homicide (2),Hip-Hop / Rap / R&B,Drums,by Homicide (2) (1993)
We Real,Trife,Hip-Hop / Rap / R&B,Drums,by Trife and DJ M80 feat. Iesha Green (2018)
We Real,DJ M80,Hip-Hop / Rap / R&B,Drums,by Trife and DJ M80 feat. Iesha Green (2018)
We Real,Iesha Green,Hip-Hop / Rap / R&B,Drums,by Trife and DJ M80 feat. Iesha Green (2018)
Ca You Get Wreck,M.C. Evil,Hip-Hop / Rap / R&B,Drums,by M.C. Evil (1992)
Criminel,Timide Et Sans Complexe,Hip-Hop / Rap / R&B,Drums,by Timide Et Sans Complexe (1993)
Down With Tha Program,Trouble Shooter,Hip-Hop / Rap / R&B,Drums,by Trouble Shooter (1991)
A.U.S.T.,Def Wish Cast,Hip-Hop / Rap / R&B,Drums,by Def Wish Cast (1993)
Keep It Goin',2 Kannon,Hip-Hop / Rap / R&B,Drums,by 2 Kannon (1992)
Schwicky,Animals Crew,Hip-Hop / Rap / R&B,Hook / Riff,by Animals Crew (2001)
Back in the Days,FSTE,Hip-Hop / Rap / R&B,Drums,by FSTE (2015)
Mr. Policeman,King Sun,Hip-Hop / Rap / R&B,Drums,by King Sun (1993)
Treći Svijet,Del Arno Band,Reggae / Dub,Drums,by Del Arno Band (1995)
Can I Pump That,IIID,Hip-Hop / Rap / R&B,Drums,by IIID (1994)
Spinning,Agent Provocateur,Electronic / Dance,Drums,by Agent Provocateur (1994)
Steven and Billy,Plastic Little,Hip-Hop / Rap / R&B,Drums,by Plastic Little (2006)
This Jam Is Black,The BTX,Hip-Hop / Rap / R&B,Drums,by The BTX (1991)
Mr. Dynamite,Lonnie O,Hip-Hop / Rap / R&B,Drums,by Lonnie O (1992)
Sounds of Hip-Hop,Divine Beings,Hip-Hop / Rap / R&B,Drums,by Divine Beings (1993)
Flavor Station,No Further Xcuses,Hip-Hop / Rap / R&B,Drums,by No Further Xcuses (1994)
Rhyme Time,Prose and Concepts,Hip-Hop / Rap / R&B,Drums,by Prose and Concepts (1993)
Your Name Is...(Summer Resort Guitar Mix Featuring Hata),Guido (2),Soundtrack / Library,Drums,by Guido (2) (1996)
Trio the Caps Aratame,Scha Dara Parr,Hip-Hop / Rap / R&B,Drums,by Scha Dara Parr (1993)
Can't Fade Ma Shit,Bad N-Flewenz,Hip-Hop / Rap / R&B,Drums,by Bad N-Flewenz (1993)
I Want It All,The Mighty Quinn,Hip-Hop / Rap / R&B,Drums,by The Mighty Quinn (1994)
Numlock (Promo Edit),Libby Shimmz,Hip-Hop / Rap / R&B,Drums,by Libby Shimmz (2020)
Top Choice (Jeep Mix),High Authority,Hip-Hop / Rap / R&B,Drums,by High Authority and Choice (1993)
Top Choice (Jeep Mix),Choice,Hip-Hop / Rap / R&B,Drums,by High Authority and Choice (1993)
Meglio Così,Bassi Maestro,Hip-Hop / Rap / R&B,Drums,by Bassi Maestro (1998)
In Da Hood,Belgrade Ghetto,Hip-Hop / Rap / R&B,Drums,by Belgrade Ghetto feat. Gru (1997)
In Da Hood,Gru,Hip-Hop / Rap / R&B,Drums,by Belgrade Ghetto feat. Gru (1997)
Bass in Your Face,Timide Et Sans Complexe,Hip-Hop / Rap / R&B,Drums,by Timide Et Sans Complexe (1992)
Corners 2 Corporations,Corner 2 Corner,Hip-Hop / Rap / R&B,Hook / Riff,by Corner 2 Corner (1996)
Phunkaponatime,Gee Rock & Tha C.N.D. Coalition,Hip-Hop / Rap / R&B,Drums,by Gee Rock & Tha C.N.D. Coalition (1993)
Don't Call It a Comeback,MC Shan,Hip-Hop / Rap / R&B,Drums,by MC Shan (1993)
Da Soul Man,2nd Power,Hip-Hop / Rap / R&B,Drums,by 2nd Power (1991)
The Word,Nefateri,Hip-Hop / Rap / R&B,Drums,by Nefateri (1991)
Uptown,3rd Rail,Hip-Hop / Rap / R&B,Drums,by 3rd Rail (1994)
The Penis Lord,Suicidal Rap Orgy,Hip-Hop / Rap / R&B,Drums,by Suicidal Rap Orgy (2003)
Now They Wanna See Me (Vocal),Percee P,Hip-Hop / Rap / R&B,Drums,by Percee P (1992)
Ratta'tat,Counter Attack (3),Hip-Hop / Rap / R&B,Drums,by Counter Attack (3) (1993)
Gangsta,S.E. Sekator,Hip-Hop / Rap / R&B,Drums,by S.E. Sekator (1996)
Ponto De Vista,Sistema Negro,Hip-Hop / Rap / R&B,Drums,by Sistema Negro (1993)
Not Cha' Average Rapper,Royal Flush (Rap Group),Hip-Hop / Rap / R&B,Drums,by Royal Flush (Rap Group) (1991)
Lips Together Teeth Apart,Soul Party,Hip-Hop / Rap / R&B,Drums,by Soul Party (1992)
The Eastside,MC Twist,Hip-Hop / Rap / R&B,Drums,by MC Twist (1990)
The Underground Phunk,Phunk Squad,Hip-Hop / Rap / R&B,Drums,by Phunk Squad (1994)
Flip Off the Vibe,Real II Reel,Hip-Hop / Rap / R&B,Drums,by Real II Reel (1993)
"Manta, Manta",Äi-Tiem,Hip-Hop / Rap / R&B,Drums,by Äi-Tiem (1992)
Talk to Me,Sexmachine,Hip-Hop / Rap / R&B,Drums,by Sexmachine (1992)
Eloquent Gangster,Darc Mind,Hip-Hop / Rap / R&B,Drums,by Darc Mind (1993)
Rough Luxury,L.O.E.,Hip-Hop / Rap / R&B,Drums,by L.O.E. (1992)
Dokud Budem Zdravý,Deph,Hip-Hop / Rap / R&B,Drums,by Deph (1997)
L.E.S.,Tha Lowa,Hip-Hop / Rap / R&B,Drums,by Tha Lowa (1994)
Let the Bass Boom,Rhyme 2 Rhythm,Hip-Hop / Rap / R&B,Drums,by Rhyme 2 Rhythm (1993)
On a Hoe Stroll,Lord-Pre N' the Funk Legacy,Hip-Hop / Rap / R&B,Drums,by Lord-Pre N' the Funk Legacy (1993)
Thigh Ride,Def Dames,Hip-Hop / Rap / R&B,Drums,by Def Dames (1991)
Scratch Sentence One,The Turntablist,Hip-Hop / Rap / R&B,Sound Effect / Other,by The Turntablist (1996)
"Front, Back, Side 2 Side",Renegades From the Underground,Hip-Hop / Rap / R&B,Drums,by Renegades From the Underground (1994)
Gigolo 7,Scha Dara Parr,Hip-Hop / Rap / R&B,Drums,by Scha Dara Parr (1995)
Gotta Be a Mack,Eric Dope,Hip-Hop / Rap / R&B,Drums,by Eric Dope (1993)
Suck No Dick,King Sun,Hip-Hop / Rap / R&B,Drums,by King Sun (1994)
Universal 1,Izzy Real,Hip-Hop / Rap / R&B,Drums,by Izzy Real (1992)
The Dirt,Edgar Allen Floe,Hip-Hop / Rap / R&B,Drums,by Edgar Allen Floe feat. Mal Demolish (2008)
The Dirt,Mal Demolish,Hip-Hop / Rap / R&B,Drums,by Edgar Allen Floe feat. Mal Demolish (2008)
Главный Удар,Via Чаппа,Hip-Hop / Rap / R&B,Drums,by Via Чаппа (1997)
Unified Hip Hop Nation,Gello the Hip Hop Scholar,Hip-Hop / Rap / R&B,Multiple Elements,by Gello the Hip Hop Scholar (1994)
Ya Brother Does,The Real Roxanne,Hip-Hop / Rap / R&B,Drums,by The Real Roxanne (1992)
Not My Girl,Evil Mind Gangsta's,Hip-Hop / Rap / R&B,Drums,by Evil Mind Gangsta's (1993)
People Can Talk,Ultramagnetic MC's,Hip-Hop / Rap / R&B,Drums,by Ultramagnetic MC's (1996)
Needle Sharpening in 7 Parts,Waxolutionists,Hip-Hop / Rap / R&B,Sound Effect / Other,by Waxolutionists (1999)
We All Lost Time,Daniel Jordan,Hip-Hop / Rap / R&B,Drums,by Daniel Jordan (2009)
Il Tempo Non Passa Mai,AK47,Hip-Hop / Rap / R&B,Drums,by AK47 (1996)
Life Ain't...,Envelope,Hip-Hop / Rap / R&B,Drums,by Envelope (2004)
Dane-Se O Sistema,Baseado Nas Ruas,Hip-Hop / Rap / R&B,Drums,by Baseado Nas Ruas (1992)
Mom Dukes,Private Investigators,Hip-Hop / Rap / R&B,Drums,by Private Investigators (1993)
Journée De Fou,Les Little,Hip-Hop / Rap / R&B,Drums,by Les Little (1992)
Carmen Sandiego,Misato,Hip-Hop / Rap / R&B,Drums,by Misato and FLOOR BABA (2019)
Carmen Sandiego,FLOOR BABA,Hip-Hop / Rap / R&B,Drums,by Misato and FLOOR BABA (2019)
Ironía,Pakal,Hip-Hop / Rap / R&B,Drums,by Pakal (2005)
Budd Dwyer,Lord Dice,Hip-Hop / Rap / R&B,Drums,by Lord Dice feat. Entry3way and Dubz (2017)
Budd Dwyer,Entry3way,Hip-Hop / Rap / R&B,Drums,by Lord Dice feat. Entry3way and Dubz (2017)
Budd Dwyer,Dubz,Hip-Hop / Rap / R&B,Drums,by Lord Dice feat. Entry3way and Dubz (2017)
Comin' Correct,Robbie B,Hip-Hop / Rap / R&B,Drums,by Robbie B and DJ Jazz (1990)
Comin' Correct,DJ Jazz,Hip-Hop / Rap / R&B,Drums,by Robbie B and DJ Jazz (1990)
N.W.A.,Curt Laisi,Hip-Hop / Rap / R&B,Drums,by Curt Laisi (2015)
Arkanoid : Title Theme,Matt Gray,Electronic / Dance,Drums,by Matt Gray (2019)
Seems You Forgot,C.E.B.,Hip-Hop / Rap / R&B,Drums,by C.E.B. (1993)
Still the One,The 45 King,Hip-Hop / Rap / R&B,Drums,by The 45 King feat. Big Poo and Champain (2005)
Still the One,Big Poo,Hip-Hop / Rap / R&B,Drums,by The 45 King feat. Big Poo and Champain (2005)
Still the One,Champain,Hip-Hop / Rap / R&B,Drums,by The 45 King feat. Big Poo and Champain (2005)
Ladies,3'Da Hard Way,Hip-Hop / Rap / R&B,Drums,by 3'Da Hard Way (1990)
Gimme Dat,II Ta' Lyfe,Hip-Hop / Rap / R&B,Drums,by II Ta' Lyfe (1991)
Hookas,Da Phlayva,Hip-Hop / Rap / R&B,Drums,by Da Phlayva feat. Igod Eron and Spec the Spectacular (1993)
Hookas,Igod Eron,Hip-Hop / Rap / R&B,Drums,by Da Phlayva feat. Igod Eron and Spec the Spectacular (1993)
Hookas,Spec the Spectacular,Hip-Hop / Rap / R&B,Drums,by Da Phlayva feat. Igod Eron and Spec the Spectacular (1993)
Peanut Gallery,Prose and Concepts,Hip-Hop / Rap / R&B,Drums,by Prose and Concepts (1994)
Insecure,Hez,Hip-Hop / Rap / R&B,Drums,by Hez (1997)
Panicky,The Brotherhood,Hip-Hop / Rap / R&B,Drums,by The Brotherhood (2002)
Back Up in Da Joint,C.E.B.,Hip-Hop / Rap / R&B,Drums,by C.E.B. (1993)
Love Crazy,Prince Johnny C,Hip-Hop / Rap / R&B,Drums,by Prince Johnny C (1992)
Peace in the Hood,Rhythm K,Hip-Hop / Rap / R&B,Drums,by Rhythm K (1992)
No Move (Hip Hop Mix),Louie Rankin,Hip-Hop / Rap / R&B,Drums,by Louie Rankin (1991)
Da Hunters,Bound E! Hunters,Hip-Hop / Rap / R&B,Drums,by Bound E! Hunters (1994)
Ding Dong,Kwamé,Hip-Hop / Rap / R&B,Drums,by Kwamé and A New Beginning (1992)
Ding Dong,A New Beginning,Hip-Hop / Rap / R&B,Drums,by Kwamé and A New Beginning (1992)
This Is It Y'all,Poizon Posse,Hip-Hop / Rap / R&B,Drums,by Poizon Posse feat. Sweet Tee (1993)
This Is It Y'all,Sweet Tee,Hip-Hop / Rap / R&B,Drums,by Poizon Posse feat. Sweet Tee (1993)
Behave Yourself,Takatsuki (a.k.a. Tree),Hip-Hop / Rap / R&B,Drums,by Takatsuki (a.k.a. Tree) (2007)
Liquid Hip Hop,DJ Cam,Hip-Hop / Rap / R&B,Drums,by DJ Cam (2004)
Pump Ya Fist,X-tra Pleza,Hip-Hop / Rap / R&B,Drums,by X-tra Pleza (1994)
Trouble in the Hood,Criminal Nation,Hip-Hop / Rap / R&B,Drums,by Criminal Nation (1992)
My Conscience,Shakespeare and the Last Empire,Hip-Hop / Rap / R&B,Drums,by Shakespeare and the Last Empire (1989)
Uhh,5ive-O,Hip-Hop / Rap / R&B,Drums,by 5ive-O (1994)
Ride the Rhythm,Kid Sensation,Hip-Hop / Rap / R&B,Drums,by Kid Sensation (1992)
Put on Your X (Bishop's Original Recipe),Knowledge (2),Hip-Hop / Rap / R&B,Drums,by Knowledge (2) (1992)
Hang 'Um High,Kam,Hip-Hop / Rap / R&B,Drums,by Kam (1993)
Slippin',X-Military,Hip-Hop / Rap / R&B,Drums,by X-Military feat. Mike Chesser (1996)
Slippin',Mike Chesser,Hip-Hop / Rap / R&B,Drums,by X-Military feat. Mike Chesser (1996)
Cruzin' in the Benz,Fonz,Hip-Hop / Rap / R&B,Drums,by Fonz (1992)
Cyazback,C-YA,Hip-Hop / Rap / R&B,Drums,by C-YA (1998)
School of Hardknocks,Jewel-T,Hip-Hop / Rap / R&B,Drums,by Jewel-T (1992)
Great Pretender,Choice,Hip-Hop / Rap / R&B,Drums,by Choice (1992)
Daddy Freddy's in Town,Daddy Freddy,Hip-Hop / Rap / R&B,Drums,by Daddy Freddy (1991)
Out of Love,Shad,Hip-Hop / Rap / R&B,Drums,by Shad (2005)
"Live and Learn (12"" Remix)",Joe Public,Hip-Hop / Rap / R&B,Drums,by Joe Public (1992)
Brothers Wanna Clown Around,Born Discipline,Hip-Hop / Rap / R&B,Drums,by Born Discipline (1993)
Here Come Tha Hitmen - Street,Tha Hitmen,Hip-Hop / Rap / R&B,Drums,by Tha Hitmen (1993)
Rainbow Thief,Elephant Pavilion,Electronic / Dance,Drums,by Elephant Pavilion (2020)
Crazie Handel,Know Frills,Hip-Hop / Rap / R&B,Drums,by Know Frills (1992)
Clocking Pesos,Pesos,Hip-Hop / Rap / R&B,Multiple Elements,by Pesos (1992)
Sweet Memories,1-O.A.K.,Hip-Hop / Rap / R&B,Drums,by 1-O.A.K. (2014)
Check Us Out,Tymz Up,Hip-Hop / Rap / R&B,Drums,by Tymz Up (1993)
What U Mean 2 Me,Another Smooth Alliance,Hip-Hop / Rap / R&B,Drums,by Another Smooth Alliance (1992)
Wild Side (Club Mix),MC Jr. Cas,Hip-Hop / Rap / R&B,Multiple Elements,by MC Jr. Cas (1991)
They Like It Like We Do,JCD and the Dawg LB.,Hip-Hop / Rap / R&B,Drums,by JCD and the Dawg LB. (1992)
Boyz Wit Da Bass,Boyz Wit Da Bass,Hip-Hop / Rap / R&B,Drums,by Boyz Wit Da Bass (1993)
The Story of Homicide,Donnie Menace,Hip-Hop / Rap / R&B,Drums,by Donnie Menace (2008)
Down Low,Vandals on Da Run,Hip-Hop / Rap / R&B,Drums,by Vandals on Da Run (1994)
Legendy,Konstruktor,Hip-Hop / Rap / R&B,Drums,by Konstruktor (2009)
The Come Up,C.E.B.,Hip-Hop / Rap / R&B,Drums,by C.E.B. (2016)
Sorel,Cassa Loco,Hip-Hop / Rap / R&B,Drums,by Cassa Loco (2000)
Puppet Capers,Private Party,Hip-Hop / Rap / R&B,Drums,by Private Party (1987)
Nigga Magnetic,Poison Ladd S.L.R.,Hip-Hop / Rap / R&B,Drums,by Poison Ladd S.L.R. (1991)
Penz -N- Needlez,Pen Powz,Hip-Hop / Rap / R&B,Drums,by Pen Powz (1994)
Abracadabra,DJ Magic Mike,Hip-Hop / Rap / R&B,Drums,by DJ Magic Mike and MC Madness (1991)
Abracadabra,MC Madness,Hip-Hop / Rap / R&B,Drums,by DJ Magic Mike and MC Madness (1991)
Invisbl Skratch Piklz vs. Da Klamz Uv Deth,Invisibl Skratch Piklz,Hip-Hop / Rap / R&B,Drums,by Invisibl Skratch Piklz (1997)
Foil,Plastic Little,Hip-Hop / Rap / R&B,Drums,by Plastic Little (2003)
Mirror Mirror I See a Killer (Hatespells),F-1 Network,Hip-Hop / Rap / R&B,Drums,by F-1 Network (1991)
Diggi-Dun-Dun,C.E.B.,Hip-Hop / Rap / R&B,Hook / Riff,by C.E.B. (2016)
Broadcastin',Ebony Broadcast System,Hip-Hop / Rap / R&B,Drums,by Ebony Broadcast System (1992)
Kay Cee Is Nasty,Grand Daddy I.U.,Hip-Hop / Rap / R&B,Drums,by Grand Daddy I.U. (1990)
L.A. Is the Place (Street Mix),LA Attitude,Hip-Hop / Rap / R&B,Drums,by LA Attitude and G-Lo (1992)
L.A. Is the Place (Street Mix),G-Lo,Hip-Hop / Rap / R&B,Drums,by LA Attitude and G-Lo (1992)
My Science Is Deep,Suicide Posse,Hip-Hop / Rap / R&B,Drums,by Suicide Posse (1992)
Real Def Y'All,Raw Material & Def Intelligence,Hip-Hop / Rap / R&B,Drums,by Raw Material & Def Intelligence (1990)
Takin-Charge,Black Pearl Productions,Hip-Hop / Rap / R&B,Hook / Riff,by Black Pearl Productions (1990)
Está Pega'o (Hip Hop Mix),Proyecto Uno,Hip-Hop / Rap / R&B,Drums,by Proyecto Uno (1993)
45 Fieber,Die Fantastischen Vier,Hip-Hop / Rap / R&B,Drums,by Die Fantastischen Vier (1991)
Words We Speak,Dynamic Twins,Hip-Hop / Rap / R&B,Drums,by Dynamic Twins (1993)
Go Cocoa!,Kings of Swing,Hip-Hop / Rap / R&B,Drums,by Kings of Swing (1990)
Przykazanie Juniora,Karramba,Hip-Hop / Rap / R&B,Drums,by Karramba (1997)
Into Your Dreamworld,Freestylers,Electronic / Dance,Drums,by Freestylers (1996)
Edit,Princess Tee,Hip-Hop / Rap / R&B,Multiple Elements,by Princess Tee (1993)
Mecca & Ice,Vanilla Ice,Hip-Hop / Rap / R&B,Drums,by Vanilla Ice (2005)
Terra Di Nessuno,Assalti Frontali,Hip-Hop / Rap / R&B,Drums,by Assalti Frontali (1992)
Rapmatics,Da Great Deity Dah,Hip-Hop / Rap / R&B,Drums,by Da Great Deity Dah (1998)
Cold Young Niggaz,Havoc & Prodeje,Hip-Hop / Rap / R&B,Drums,by Havoc & Prodeje (1993)
"One, Two",Constant Deviants,Hip-Hop / Rap / R&B,Drums,by Constant Deviants (2012)
Madcap,B-Chill,Hip-Hop / Rap / R&B,Drums,by B-Chill (1991)
Start My Mission,The Bancheez,Hip-Hop / Rap / R&B,Drums,by The Bancheez (1994)
U Know I Love Ya Baby (Audio Two Remix),Kings of Swing,Hip-Hop / Rap / R&B,Drums,by Kings of Swing (1990)
Az Eredeti Gengszter,Dopeman,Hip-Hop / Rap / R&B,Drums,by Dopeman feat. Kicsi Dope (2008)
Az Eredeti Gengszter,Kicsi Dope,Hip-Hop / Rap / R&B,Drums,by Dopeman feat. Kicsi Dope (2008)
Too True,Rock Da Mo$T,Hip-Hop / Rap / R&B,Hook / Riff,by Rock Da Mo$T (1989)
Dead Ass Broke,Balli & the Fat Daddy,Hip-Hop / Rap / R&B,Drums,by Balli & the Fat Daddy (1990)
Watch Me,James Brown,Hip-Hop / Rap / R&B,Drums,by James Brown (1992)
Dead End,Leo Kottke,Country / Folk,Drums,by Leo Kottke (1997)
Raise,Greg Osby,Hip-Hop / Rap / R&B,Drums,by Greg Osby feat. C.L. Smooth (1993)
Raise,C.L. Smooth,Hip-Hop / Rap / R&B,Drums,by Greg Osby feat. C.L. Smooth (1993)
Funky Roll Outro,Intelligent Hoodlum,Hip-Hop / Rap / R&B,Drums,by Intelligent Hoodlum (1993)
The Old Me,Tracey Lee,Hip-Hop / Rap / R&B,Drums,by Tracey Lee (2020)
Good Time,Trilogy,Hip-Hop / Rap / R&B,Drums,by Trilogy (1992)
Listen to the Light,Nile Kings,Hip-Hop / Rap / R&B,Drums,by Nile Kings (1989)
Across 110th St.,Pretty Tone Capone,Hip-Hop / Rap / R&B,Drums,by Pretty Tone Capone (1993)
Our House,Our House (2),Hip-Hop / Rap / R&B,Drums,by Our House (2) (1992)
"Ready, Aim, Shoot",Brokin English Klik,Hip-Hop / Rap / R&B,Drums,by Brokin English Klik (1993)
Hardcore Funk,Figure Uv Speech,Hip-Hop / Rap / R&B,Drums,by Figure Uv Speech (1993)
La Ultima Palabra,La Pozze Latina,Hip-Hop / Rap / R&B,Drums,by La Pozze Latina (1993)
Εραστής,Ημισκούμπρια,Hip-Hop / Rap / R&B,Drums,by Ημισκούμπρια (1996)
Bounce Ta Dis,Azim,Hip-Hop / Rap / R&B,Drums,by Azim (1993)
Planeta Opic,Chaozz,Hip-Hop / Rap / R&B,Drums,by Chaozz (1996)
My Sensation,Sharod,Hip-Hop / Rap / R&B,Drums,by Sharod (1989)
Pinuchosky,Fritz Da Cat,Hip-Hop / Rap / R&B,Drums,by Fritz Da Cat feat. Ensi (2013)
Pinuchosky,Ensi,Hip-Hop / Rap / R&B,Drums,by Fritz Da Cat feat. Ensi (2013)
Boss Clock,Styles P,Hip-Hop / Rap / R&B,Drums,by Styles P and Snyp Life (2015)
Boss Clock,Snyp Life,Hip-Hop / Rap / R&B,Drums,by Styles P and Snyp Life (2015)
The Night Scene,Chubb Rock,Hip-Hop / Rap / R&B,Drums,by Chubb Rock (1991)
A Crazy Break,WC and the Maad Circle,Hip-Hop / Rap / R&B,Drums,by WC and the Maad Circle (1991)
It's on You,Super Lover Cee & Casanova Rud,Hip-Hop / Rap / R&B,Drums,by Super Lover Cee & Casanova Rud (1993)
To the Grove,Ljones,Hip-Hop / Rap / R&B,Drums,by Ljones (2012)
Yajaha,Taalam,Hip-Hop / Rap / R&B,Drums,by Taalam (1992)
Ain't Nuttin' Changed! (Remix),Bell Biv DeVoe,Hip-Hop / Rap / R&B,Drums,by Bell Biv DeVoe (1991)
Da' Microphonist,Too Smooth,Hip-Hop / Rap / R&B,Drums,by Too Smooth (1992)
Black City,Troublemakers,Electronic / Dance,Drums,by Troublemakers (2001)
Datumultuousnite,Bulljun,Hip-Hop / Rap / R&B,Drums,by Bulljun (2008)
Love Hurts,The Poetess,Hip-Hop / Rap / R&B,Drums,by The Poetess (1992)
Preaching to the Perverted Remixed,Pop Will Eat Itself,Hip-Hop / Rap / R&B,Drums,by Pop Will Eat Itself (1990)
Represent (Villain Version),The Troubleneck Brothers,Hip-Hop / Rap / R&B,Drums,by The Troubleneck Brothers (1992)
(T.V.),T.B.F.,Hip-Hop / Rap / R&B,Drums,by T.B.F. (1997)
Settin' the Record Straight,Nemesis,Hip-Hop / Rap / R&B,Multiple Elements,by Nemesis (1991)
We Can Do Dis,Richie Rich & MC Supreme,Hip-Hop / Rap / R&B,Multiple Elements,by Richie Rich & MC Supreme (1991)
P.T.P,New Breed of Hustlas,Hip-Hop / Rap / R&B,Drums,by New Breed of Hustlas (1993)
Digga Bigga Ditch (Evil Radio Mix),DFC,Hip-Hop / Rap / R&B,Drums,by DFC (1994)
Battle Breaks (Side B),Invisibl Skratch Piklz,Hip-Hop / Rap / R&B,Drums,by Invisibl Skratch Piklz (1992)
Policiais,De Menos Crime,Hip-Hop / Rap / R&B,Drums,by De Menos Crime and DJ Hum (1995)
Policiais,DJ Hum,Hip-Hop / Rap / R&B,Drums,by De Menos Crime and DJ Hum (1995)
Féltelek,Auth Csilla,Easy Listening,Drums,by Auth Csilla feat. Szolnoki Péter (1998)
Féltelek,Szolnoki Péter,Easy Listening,Drums,by Auth Csilla feat. Szolnoki Péter (1998)
Jock Itch,The Hard Boys,Hip-Hop / Rap / R&B,Drums,by The Hard Boys (1991)
Ο Εραστής,Ημισκούμπρια,Hip-Hop / Rap / R&B,Drums,by Ημισκούμπρια (1996)
The Meaning of the Name,Lyrically Distorted,Hip-Hop / Rap / R&B,Drums,by Lyrically Distorted (1992)
Ho Perso La Direzione,Jovanotti,Hip-Hop / Rap / R&B,Drums,by Jovanotti (1992)
I Can Do That,Grand Daddy I.U.,Hip-Hop / Rap / R&B,Drums,by Grand Daddy I.U. (1994)
Chance,Freddie Joachim,Hip-Hop / Rap / R&B,Drums,by Freddie Joachim (2010)
Role Model,Intelligent Hoodlum,Hip-Hop / Rap / R&B,Drums,by Intelligent Hoodlum (1993)
Invocation,Rasheed Chappell,Hip-Hop / Rap / R&B,Drums,by Rasheed Chappell (2011)
Troubleman,Boogie K,Hip-Hop / Rap / R&B,Drums,by Boogie K (2011)
Dirtchamber Track 2,The Prodigy,Electronic / Dance,Drums,by The Prodigy (1999)
Rough Potential,MC Cardi,Hip-Hop / Rap / R&B,Drums,by MC Cardi (1989)
Steppin' Out,E. Jones,Hip-Hop / Rap / R&B,Multiple Elements,by E. Jones (2019)
Intro Murder,MC Bushpig,Hip-Hop / Rap / R&B,Drums,by MC Bushpig (2017)
We Can Do This,Young MC,Hip-Hop / Rap / R&B,Drums,by Young MC (1993)
Dreptu' La Vorbire,Delikt,Hip-Hop / Rap / R&B,Drums,by Delikt (1998)
Trunk O' Funk,AMG,Hip-Hop / Rap / R&B,Drums,by AMG (1991)
Represent,Balance & Terror,Hip-Hop / Rap / R&B,Drums,by Balance & Terror (1992)
Miss Lee (F.U.),Resident Alien,Hip-Hop / Rap / R&B,Drums,by Resident Alien (1991)
Slip Into Long Beach,RBX,Hip-Hop / Rap / R&B,Drums,by RBX (1995)
Jah Jah Gives Me Vibe,Daddy Freddy,Hip-Hop / Rap / R&B,Drums,by Daddy Freddy (1992)
GFY,Nems,Hip-Hop / Rap / R&B,Drums,by Nems (2010)
Malcolm X,Lou X,Hip-Hop / Rap / R&B,Drums,by Lou X (1991)
The RZA Hits Mega Mix,Funkmaster Flex,Hip-Hop / Rap / R&B,Drums,by Funkmaster Flex (1999)
Disco,Irakli Charkviani,Hip-Hop / Rap / R&B,Drums,by Irakli Charkviani (2001)
Man Bites Dog,Kinetic Effect,Hip-Hop / Rap / R&B,Drums,by Kinetic Effect (1997)
Black and White United,Dope Posse,Hip-Hop / Rap / R&B,Drums,by Dope Posse (1993)
Do It Again,Whodini,Hip-Hop / Rap / R&B,Drums,by Whodini (1994)
Heaven,Blitz the Ambassador,Hip-Hop / Rap / R&B,Drums,by Blitz the Ambassador feat. Tumi (2016)
Heaven,Tumi,Hip-Hop / Rap / R&B,Drums,by Blitz the Ambassador feat. Tumi (2016)
A Little Help From My Friends,K7,Hip-Hop / Rap / R&B,Drums,by K7 (1993)
Dedicated,Atban Klann,Hip-Hop / Rap / R&B,Drums,by Atban Klann (1992)
I Know You Wanna (Hit It),Lyrically Distorted,Hip-Hop / Rap / R&B,Drums,by Lyrically Distorted (1992)
"Blood, Sweat & No Tears",Stetsasonic,Hip-Hop / Rap / R&B,Drums,by Stetsasonic (1991)
Ghetto Celebrity,Menace 2 Society,Hip-Hop / Rap / R&B,Drums,by Menace 2 Society (1991)
Do or Die,Flux Pavilion,Electronic / Dance,Drums,by Flux Pavilion feat. Childish Gambino (2013)
Do or Die,Childish Gambino,Electronic / Dance,Drums,by Flux Pavilion feat. Childish Gambino (2013)
Klash Anthem,Klashnekoff,Hip-Hop / Rap / R&B,Drums,by Klashnekoff (2010)
Revenge of the Ghetto Child,Pointblank (UK Hip Hop),Hip-Hop / Rap / R&B,Drums,by Pointblank (UK Hip Hop) (1992)
Art of Rap,String Theory,Hip-Hop / Rap / R&B,Drums,by String Theory feat. Halfcut (2014)
Art of Rap,Halfcut,Hip-Hop / Rap / R&B,Drums,by String Theory feat. Halfcut (2014)
Viva Zapata,A Lighter Shade of Brown,Hip-Hop / Rap / R&B,Drums,by A Lighter Shade of Brown (1992)
Fame,Vanilla Ice,Hip-Hop / Rap / R&B,Drums,by Vanilla Ice (1994)
London's Finest,Simon Harris,Electronic / Dance,Drums,by Simon Harris (1989)
Mad Dog,Tim Dog,Hip-Hop / Rap / R&B,Drums,by Tim Dog (1993)
Uhh in You,Snow,Hip-Hop / Rap / R&B,Drums,by Snow (1993)
Kidds From the Terror,Terminator X,Hip-Hop / Rap / R&B,Drums,by Terminator X and The Godfathers of Threatt feat. Punk Barbarians (1994)
Kidds From the Terror,The Godfathers of Threatt,Hip-Hop / Rap / R&B,Drums,by Terminator X and The Godfathers of Threatt feat. Punk Barbarians (1994)
Kidds From the Terror,Punk Barbarians,Hip-Hop / Rap / R&B,Drums,by Terminator X and The Godfathers of Threatt feat. Punk Barbarians (1994)
Guavafish Centipede (Aquatic Meditations),Justin Warfield,Hip-Hop / Rap / R&B,Drums,by Justin Warfield (1993)
O Formatze Muzicală,Matze,Hip-Hop / Rap / R&B,Drums,by Matze feat. Deceneu and Piele (1999)
O Formatze Muzicală,Deceneu,Hip-Hop / Rap / R&B,Drums,by Matze feat. Deceneu and Piele (1999)
O Formatze Muzicală,Piele,Hip-Hop / Rap / R&B,Drums,by Matze feat. Deceneu and Piele (1999)
The Elephant,B.o.B,Hip-Hop / Rap / R&B,Multiple Elements,by B.o.B (2019)
Mail It Frosty,The UBC,Hip-Hop / Rap / R&B,Drums,by The UBC (1990)
Mint a Filmeken,Animal Cannibals,Hip-Hop / Rap / R&B,Drums,by Animal Cannibals (2005)
New Tattoo,James Arthur,Hip-Hop / Rap / R&B,Drums,by James Arthur (2013)
Do the Digs Dug,The Goats,Hip-Hop / Rap / R&B,Drums,by The Goats (1992)
Now Here It,DJ Cuca,Hip-Hop / Rap / R&B,Drums,by DJ Cuca (1993)
Losin' Myself (G-Man / Marz Alternate ''Hot'' Mix),Debbie Gibson,Rock / Pop,Drums,by Debbie Gibson (1992)
Átlagos Genkszter,Animal Cannibals,Hip-Hop / Rap / R&B,Drums,by Animal Cannibals (1995)
Industry Outcast's,Sadat X,Hip-Hop / Rap / R&B,Drums,by Sadat X feat. R.A. The Rugged Man and Thirstin Howl III (2016)
Industry Outcast's,R.A. The Rugged Man,Hip-Hop / Rap / R&B,Drums,by Sadat X feat. R.A. The Rugged Man and Thirstin Howl III (2016)
Industry Outcast's,Thirstin Howl III,Hip-Hop / Rap / R&B,Drums,by Sadat X feat. R.A. The Rugged Man and Thirstin Howl III (2016)
Microworlds,Momus,Rock / Pop,Drums,by Momus (1995)
M.V.P.s,Ice-T,Hip-Hop / Rap / R&B,Drums,by Ice-T (1991)
Y-Ya-Tryin to Play Me,Da Youngsta's,Hip-Hop / Rap / R&B,Drums,by Da Youngsta's (1992)
The Saga Continues...,The Boys,Hip-Hop / Rap / R&B,Drums,by The Boys (1992)
Политики,ДеЦл,Hip-Hop / Rap / R&B,Drums,by ДеЦл (2001)
Hellofasong,Godfather Don,Hip-Hop / Rap / R&B,Drums,by Godfather Don (1991)
Vendetta,Ed Rush & Optical,Electronic / Dance,Drums,by Ed Rush & Optical (2005)
Fade to Black,LA Star,Hip-Hop / Rap / R&B,Drums,by LA Star (1990)
Pick It Up,Akapel,Hip-Hop / Rap / R&B,Drums,by Akapel (1992)
Dalmations,Mazzi,Hip-Hop / Rap / R&B,Drums,by Mazzi feat. Soul Purpose (2016)
Dalmations,Soul Purpose,Hip-Hop / Rap / R&B,Drums,by Mazzi feat. Soul Purpose (2016)
Front,Maddoggz,Hip-Hop / Rap / R&B,Drums,by Maddoggz (1997)
Triflin Nigga,King Tee,Hip-Hop / Rap / R&B,Drums,by King Tee (1993)
Here Comes the Break,Mad Kap,Hip-Hop / Rap / R&B,Drums,by Mad Kap (1993)
Mr. Manic & Sister Cool (Manic Cuts),Shakatak,Soul / Funk / Disco,Drums,by Shakatak (1987)
Mood Swings,Flatbush Zombies,Hip-Hop / Rap / R&B,Drums,by Flatbush Zombies feat. OverDoz and World's Fair (2013)
Mood Swings,OverDoz,Hip-Hop / Rap / R&B,Drums,by Flatbush Zombies feat. OverDoz and World's Fair (2013)
Mood Swings,World's Fair,Hip-Hop / Rap / R&B,Drums,by Flatbush Zombies feat. OverDoz and World's Fair (2013)
Anónimo,El Cuarteto De Nos,Rock / Pop,Drums,by El Cuarteto De Nos (2019)
Ο Μοναχός,Ημισκούμπρια,Hip-Hop / Rap / R&B,Drums,by Ημισκούμπρια (1996)
"Easy to Love (Silky Soul 7"")",For Real,Hip-Hop / Rap / R&B,Drums,by For Real (1994)
Jail Sale,Professor Griff,Hip-Hop / Rap / R&B,Drums,by Professor Griff (1991)
I Ain't Takin No Shorts,Tim Dog,Hip-Hop / Rap / R&B,Drums,by Tim Dog (1991)
Dark Forest,KLIM Beats,Hip-Hop / Rap / R&B,Drums,by KLIM Beats (2019)
Dirt Road White Girl,Yall So Stupid,Hip-Hop / Rap / R&B,Drums,by Yall So Stupid (1993)
Dresseur De Mic,Original M.C.,Hip-Hop / Rap / R&B,Drums,by Original M.C. (1991)
Intre Noapte Si Zi,B.U.G. Mafia,Hip-Hop / Rap / R&B,Drums,by B.U.G. Mafia feat. Moni-K (2000)
Intre Noapte Si Zi,Moni-K,Hip-Hop / Rap / R&B,Drums,by B.U.G. Mafia feat. Moni-K (2000)
Hard,Wreckx-N-Effect,Hip-Hop / Rap / R&B,Drums,by Wreckx-N-Effect (1992)
Synthetic Substitution,Ol' Dirty Bastard,Hip-Hop / Rap / R&B,Multiple Elements,by Ol' Dirty Bastard feat. Method Man (2007)
Synthetic Substitution,Method Man,Hip-Hop / Rap / R&B,Multiple Elements,by Ol' Dirty Bastard feat. Method Man (2007)
ЛЕТО,Ритм-у,Hip-Hop / Rap / R&B,Drums,by Ритм-у (1997)
Put the F'in Gun Away,Willie D,Hip-Hop / Rap / R&B,Drums,by Willie D (1989)
Black Meaning Good,Rebel MC,Electronic / Dance,Drums,by Rebel MC (1991)
Remember the Love Rap,Dred Scott,Hip-Hop / Rap / R&B,Drums,by Dred Scott feat. Adriana Evans (2005)
Remember the Love Rap,Adriana Evans,Hip-Hop / Rap / R&B,Drums,by Dred Scott feat. Adriana Evans (2005)
Sexual Healin',Lord Finesse,Hip-Hop / Rap / R&B,Multiple Elements,by Lord Finesse and DJ Mike Smooth (2008)
Sexual Healin',DJ Mike Smooth,Hip-Hop / Rap / R&B,Multiple Elements,by Lord Finesse and DJ Mike Smooth (2008)
This Is How It Should Be Done,Von Love,Hip-Hop / Rap / R&B,Multiple Elements,by Von Love (1988)
Adams Nightmare,Tony D,Hip-Hop / Rap / R&B,Drums,by Tony D (1989)
Real Hip Hop - Part II,KRS-One,Hip-Hop / Rap / R&B,Drums,by KRS-One (1997)
Love,Gerardo,Hip-Hop / Rap / R&B,Drums,by Gerardo (1992)
Lil Ass Gee,Ice Cube,Hip-Hop / Rap / R&B,Drums,by Ice Cube (1993)
Now They Wanna See Me,Percee P,Hip-Hop / Rap / R&B,Drums,by Percee P and Ekim (1992)
Now They Wanna See Me,Ekim,Hip-Hop / Rap / R&B,Drums,by Percee P and Ekim (1992)
African Child,The C.O.D.,Hip-Hop / Rap / R&B,Multiple Elements,by The C.O.D. (1991)
Only Natural,Resolute,Hip-Hop / Rap / R&B,Drums,by Resolute feat. AZ (2014)
Only Natural,AZ,Hip-Hop / Rap / R&B,Drums,by Resolute feat. AZ (2014)
Gangster Bitch,Slum Village,Hip-Hop / Rap / R&B,Drums,by Slum Village and Mick Boogie feat. Action Figures and Denmark Vessey (2013)
Gangster Bitch,Mick Boogie,Hip-Hop / Rap / R&B,Drums,by Slum Village and Mick Boogie feat. Action Figures and Denmark Vessey (2013)
Gangster Bitch,Action Figures,Hip-Hop / Rap / R&B,Drums,by Slum Village and Mick Boogie feat. Action Figures and Denmark Vessey (2013)
Gangster Bitch,Denmark Vessey,Hip-Hop / Rap / R&B,Drums,by Slum Village and Mick Boogie feat. Action Figures and Denmark Vessey (2013)
I Wreck the Mic (Funky Sax Mix),Da Head Huntaz,Hip-Hop / Rap / R&B,Drums,by Da Head Huntaz (1993)
Un Urlo,Articolo 31,Hip-Hop / Rap / R&B,Drums,by Articolo 31 (1996)
Side B,London Beats,Soul / Funk / Disco,Multiple Elements,by London Beats (1987)
Rep Družina,Prti Bee Gee,Hip-Hop / Rap / R&B,Drums,by Prti Bee Gee feat. Bvana Iz Lagune (2021)
Rep Družina,Bvana Iz Lagune,Hip-Hop / Rap / R&B,Drums,by Prti Bee Gee feat. Bvana Iz Lagune (2021)
Skill Trade,Nice & Smooth,Hip-Hop / Rap / R&B,Multiple Elements,by Nice & Smooth (1989)
Ready for Dem,Naughty by Nature,Hip-Hop / Rap / R&B,Drums,by Naughty by Nature feat. Heavy D (1993)
Ready for Dem,Heavy D,Hip-Hop / Rap / R&B,Drums,by Naughty by Nature feat. Heavy D (1993)
Depths of Hell,Ice-T,Hip-Hop / Rap / R&B,Drums,by Ice-T and Daddy Nitro (1993)
Depths of Hell,Daddy Nitro,Hip-Hop / Rap / R&B,Drums,by Ice-T and Daddy Nitro (1993)
Mag,Gescom,Electronic / Dance,Hook / Riff,by Gescom (1995)
Rap Life,"Black, Rock & Ron",Hip-Hop / Rap / R&B,Drums,"by Black, Rock & Ron (1989)"
Dear Darlin',Olly Murs,Rock / Pop,Drums,by Olly Murs (2012)
Fint Väder,The Latin Kings,Hip-Hop / Rap / R&B,Drums,by The Latin Kings (1994)
Is It Alright (Remix),Rumpletilskinz,Hip-Hop / Rap / R&B,Drums,by Rumpletilskinz (1993)
Šmekeri,Prti Bee Gee,Hip-Hop / Rap / R&B,Drums,by Prti Bee Gee feat. DJ Mrki (2021)
Šmekeri,DJ Mrki,Hip-Hop / Rap / R&B,Drums,by Prti Bee Gee feat. DJ Mrki (2021)
The April Sunshine Shed,The Flashbulb,Electronic / Dance,Multiple Elements,by The Flashbulb (2003)
Another Dope Intro,MC Lyte,Hip-Hop / Rap / R&B,Drums,by MC Lyte (1991)
It's a Shame,Bob and the Mob,Hip-Hop / Rap / R&B,Drums,by Bob and the Mob feat. DJ Slayer and MC Speedo (1989)
It's a Shame,DJ Slayer,Hip-Hop / Rap / R&B,Drums,by Bob and the Mob feat. DJ Slayer and MC Speedo (1989)
It's a Shame,MC Speedo,Hip-Hop / Rap / R&B,Drums,by Bob and the Mob feat. DJ Slayer and MC Speedo (1989)
Figure of Speech,KMD,Hip-Hop / Rap / R&B,Drums,by KMD (1991)
Libacja,Wzgórze Ya-Pa 3,Hip-Hop / Rap / R&B,Drums,by Wzgórze Ya-Pa 3 (1995)
Method Man (Remix),Method Man,Hip-Hop / Rap / R&B,Drums,by Method Man (1994)
Pimpin' Ain't Dead,Kilo,Hip-Hop / Rap / R&B,Multiple Elements,by Kilo (1992)
Toss It Up,Zhigge,Hip-Hop / Rap / R&B,Drums,by Zhigge (1992)
Zza Grobu,Medium,Hip-Hop / Rap / R&B,Drums,by Medium (2012)
Sumthin' 4 Da Head,YG'z,Hip-Hop / Rap / R&B,Drums,by YG'z (1993)
Shumin',The Grim Reaper King K,Hip-Hop / Rap / R&B,Drums,by The Grim Reaper King K (1989)
Rap Terrorist,Professor Griff,Hip-Hop / Rap / R&B,Drums,by Professor Griff (1990)
Zunga Zeng,K7,Hip-Hop / Rap / R&B,Drums,by K7 (1993)
No Omega (Extended Remix Version),Eric B. & Rakim,Hip-Hop / Rap / R&B,Multiple Elements,by Eric B. & Rakim (1991)
Keep Your Distance,III Most Wanted,Hip-Hop / Rap / R&B,Drums,by III Most Wanted (1989)
"This Is the ""B"" Side (Tony D Mix)",Choice M.C.'s,Hip-Hop / Rap / R&B,Multiple Elements,by Choice M.C.'s (1988)
Another Day,Limes,Hip-Hop / Rap / R&B,Drums,by Limes (2016)
One's 4 Da Money (Mad Dollaz Radio Remix),Shyheim,Hip-Hop / Rap / R&B,Drums,by Shyheim (1994)
Recognition,Demon Boyz,Hip-Hop / Rap / R&B,Drums,by Demon Boyz (1989)
Rhymeslayers,Sol Messiah,Hip-Hop / Rap / R&B,Drums,"by Sol Messiah feat. Slug, Aesop Rock and Sa-Roc (2022)"
Rhymeslayers,Slug,Hip-Hop / Rap / R&B,Drums,"by Sol Messiah feat. Slug, Aesop Rock and Sa-Roc (2022)"
Rhymeslayers,Aesop Rock,Hip-Hop / Rap / R&B,Drums,"by Sol Messiah feat. Slug, Aesop Rock and Sa-Roc (2022)"
Rhymeslayers,Sa-Roc,Hip-Hop / Rap / R&B,Drums,"by Sol Messiah feat. Slug, Aesop Rock and Sa-Roc (2022)"
Couldn't Tell,Black Thought,Hip-Hop / Rap / R&B,Drums,by Black Thought and Statik Selektah (2015)
Couldn't Tell,Statik Selektah,Hip-Hop / Rap / R&B,Drums,by Black Thought and Statik Selektah (2015)
Call Me Crazy,Bushwick Bill,Hip-Hop / Rap / R&B,Drums,by Bushwick Bill (1992)
Evil for Eternity,People Without Shoes,Hip-Hop / Rap / R&B,Drums,by People Without Shoes (1994)
Suzzzzzy,Plus-Tech Squeeze Box,Electronic / Dance,Drums,by Plus-Tech Squeeze Box (2004)
Yozsefváros (Album Version),Animal Cannibals,Hip-Hop / Rap / R&B,Drums,by Animal Cannibals (1995)
Because I'm a Pro,M.D.S. Production,Hip-Hop / Rap / R&B,Drums,by M.D.S. Production (1988)
Here's a Smirk,Charizma,Hip-Hop / Rap / R&B,Drums,by Charizma and Peanut Butter Wolf (2003)
Here's a Smirk,Peanut Butter Wolf,Hip-Hop / Rap / R&B,Drums,by Charizma and Peanut Butter Wolf (2003)
For Real,Scarface,Hip-Hop / Rap / R&B,Hook / Riff,by Scarface (1997)
Troppelanding,Malk De Koijn,Hip-Hop / Rap / R&B,Multiple Elements,by Malk De Koijn (1998)
Hit 'Em Up,Da Bush Babees,Hip-Hop / Rap / R&B,Drums,by Da Bush Babees (1994)
"Tall, Dark and Handsome",Tall Dark & Handsome,Hip-Hop / Rap / R&B,Drums,by Tall Dark & Handsome (1988)
Hoodie SZN,Skyzoo,Hip-Hop / Rap / R&B,Drums,by Skyzoo (2018)
Reuven Ben Menachum,Remedy,Hip-Hop / Rap / R&B,Drums,by Remedy feat. RZA (2001)
Reuven Ben Menachum,RZA,Hip-Hop / Rap / R&B,Drums,by Remedy feat. RZA (2001)
On the Run,Naughty by Nature,Hip-Hop / Rap / R&B,Drums,by Naughty by Nature (1999)
Scratch Bring It Back (Part 2-Mic Doc),EPMD,Hip-Hop / Rap / R&B,Drums,by EPMD (1992)
Cult of Brutality,DJ Shadow,Electronic / Dance,Drums,by DJ Shadow (2008)
Is It Good to You (Hip Hop Mix),Teddy Riley,Hip-Hop / Rap / R&B,Drums,by Teddy Riley (1992)
Underground Emperor,GP Wu,Hip-Hop / Rap / R&B,Drums,by GP Wu (1997)
Taxi,Liroy,Hip-Hop / Rap / R&B,Drums,by Liroy (1997)
Pluckin Cards,Ultramagnetic MC's,Hip-Hop / Rap / R&B,Drums,by Ultramagnetic MC's (1992)
Pass Da Tek,Tragedy,Hip-Hop / Rap / R&B,Drums,by Tragedy feat. Havoc (1995)
Pass Da Tek,Havoc,Hip-Hop / Rap / R&B,Drums,by Tragedy feat. Havoc (1995)
Državna Kombina,Prti Bee Gee,Hip-Hop / Rap / R&B,Drums,by Prti Bee Gee (2021)
Born Christian,Daddy Freddy,Hip-Hop / Rap / R&B,Drums,by Daddy Freddy (1990)
Checkin' Out the Ave.,Pudgee,Hip-Hop / Rap / R&B,Drums,by Pudgee (1993)
Pas Besoin D'apparaître Dur,Les Sages Poetes De La Rue,Hip-Hop / Rap / R&B,Drums,by Les Sages Poetes De La Rue (1995)
Watch Me,G-Unit,Hip-Hop / Rap / R&B,Drums,by G-Unit (2014)
Sono Troppo Stitico,Caparezza,Hip-Hop / Rap / R&B,Drums,by Caparezza (2006)
Dreamer,Pete Rock,Hip-Hop / Rap / R&B,Drums,by Pete Rock (2019)
"1,2,3",Chaozz,Hip-Hop / Rap / R&B,Drums,by Chaozz (1996)
The Return of Bai Me,Moongod Allah,Hip-Hop / Rap / R&B,Drums,by Moongod Allah feat. Cilvaringz (2002)
The Return of Bai Me,Cilvaringz,Hip-Hop / Rap / R&B,Drums,by Moongod Allah feat. Cilvaringz (2002)
Your Mother's Got a Big Head,Chris Rock,Hip-Hop / Rap / R&B,Drums,by Chris Rock (1991)
Turntable Shit (Special Track for Japanese Hip Hop Tribe),DJ Cam,Electronic / Dance,Drums,by DJ Cam (1996)
Sirocalot,Sirocalot,Hip-Hop / Rap / R&B,Drums,by Sirocalot (1988)
She Said It Was Great,Ed O.G. & Da Bulldogs,Hip-Hop / Rap / R&B,Drums,by Ed O.G. & Da Bulldogs (1991)
Heaven or Hell,Salt-N-Pepa,Hip-Hop / Rap / R&B,Drums,by Salt-N-Pepa (1993)
Mooncake,Saib.,Easy Listening,Drums,by Saib. (2016)
It Ain't Clever,Unanimous Decision,Hip-Hop / Rap / R&B,Drums,by Unanimous Decision (1993)
Nitro,T La Rock,Hip-Hop / Rap / R&B,Drums,by T La Rock (1987)
Pete's Barbecue,Klub Des Loosers,Hip-Hop / Rap / R&B,Drums,by Klub Des Loosers (2012)
Catch 'Em Slippin,O.G. Style (Group),Hip-Hop / Rap / R&B,Drums,by O.G. Style (Group) (1991)
All the Way Live,Captain G. Whiz,Hip-Hop / Rap / R&B,Multiple Elements,by Captain G. Whiz (1988)
Get the Point,C.E.B.,Hip-Hop / Rap / R&B,Drums,by C.E.B. (1992)
Uptown Anthem (Rough Mix),Naughty by Nature,Hip-Hop / Rap / R&B,Drums,by Naughty by Nature (1992)
Yoshimitsu,Nobuyoshi Sano,Soundtrack / Library,Drums,by Nobuyoshi Sano (1997)
Kadilakom,Prti Bee Gee,Hip-Hop / Rap / R&B,Drums,by Prti Bee Gee (2007)
Bounce,Mercenaries,Hip-Hop / Rap / R&B,Drums,by Mercenaries feat. RMR (Rashiid Hewitt) (1994)
Bounce,RMR (Rashiid Hewitt),Hip-Hop / Rap / R&B,Drums,by Mercenaries feat. RMR (Rashiid Hewitt) (1994)
Born to Be Wild,MC Shan,Hip-Hop / Rap / R&B,Hook / Riff,by MC Shan (1988)
Nice & Smooth,Nice & Smooth,Hip-Hop / Rap / R&B,Drums,by Nice & Smooth (1989)
Lower the Dynamite,DJ Magic Mike,Hip-Hop / Rap / R&B,Multiple Elements,by DJ Magic Mike (1990)
Mr. Bozack,EPMD,Hip-Hop / Rap / R&B,Drums,by EPMD (1990)
The Mission,Bluestaeb,Hip-Hop / Rap / R&B,Drums,by Bluestaeb feat. Teknical Development (2013)
The Mission,Teknical Development,Hip-Hop / Rap / R&B,Drums,by Bluestaeb feat. Teknical Development (2013)
Tie the Knot,Digital Underground,Hip-Hop / Rap / R&B,Drums,by Digital Underground (1991)
Sitting in the Park,Hi-C,Hip-Hop / Rap / R&B,Drums,by Hi-C (1991)
Rock the Boat,B.C.,Hip-Hop / Rap / R&B,Drums,by B.C. (1988)
Hot Potato (Remix),Freestyle Fellowship,Hip-Hop / Rap / R&B,Drums,by Freestyle Fellowship (1993)
Kowalski (Automator Mix),Primal Scream,Electronic / Dance,Drums,by Primal Scream (1997)
Night Shift,Positive K,Hip-Hop / Rap / R&B,Drums,by Positive K feat. Big Daddy Kane (1992)
Night Shift,Big Daddy Kane,Hip-Hop / Rap / R&B,Drums,by Positive K feat. Big Daddy Kane (1992)
21/04,IAM,Hip-Hop / Rap / R&B,Drums,by IAM (2003)
The Basement,Pete Rock & C.L. Smooth,Hip-Hop / Rap / R&B,Drums,"by Pete Rock & C.L. Smooth and Heavy D feat. Deda, Grap Luva and Rob-O (1992)"
The Basement,Heavy D,Hip-Hop / Rap / R&B,Drums,"by Pete Rock & C.L. Smooth and Heavy D feat. Deda, Grap Luva and Rob-O (1992)"
The Basement,Deda,Hip-Hop / Rap / R&B,Drums,"by Pete Rock & C.L. Smooth and Heavy D feat. Deda, Grap Luva and Rob-O (1992)"
The Basement,Grap Luva,Hip-Hop / Rap / R&B,Drums,"by Pete Rock & C.L. Smooth and Heavy D feat. Deda, Grap Luva and Rob-O (1992)"
The Basement,Rob-O,Hip-Hop / Rap / R&B,Drums,"by Pete Rock & C.L. Smooth and Heavy D feat. Deda, Grap Luva and Rob-O (1992)"
Visiting Hour,Raekwon,Hip-Hop / Rap / R&B,Drums,by Raekwon feat. Andra Day (2017)
Visiting Hour,Andra Day,Hip-Hop / Rap / R&B,Drums,by Raekwon feat. Andra Day (2017)
Demnitate (Rap Mix),Parazitii,Hip-Hop / Rap / R&B,Drums,by Parazitii feat. Daniel Lazar (2016)
Demnitate (Rap Mix),Daniel Lazar,Hip-Hop / Rap / R&B,Drums,by Parazitii feat. Daniel Lazar (2016)
"Attract ""EMBU""",Nobuyoshi Sano,Soundtrack / Library,Drums,by Nobuyoshi Sano (1997)
The Battle,DJ Skribble,Hip-Hop / Rap / R&B,Drums,"by DJ Skribble feat. DJ Slynke, Kenny Muhammad the Human Orchestra and Rahzel (1997)"
The Battle,DJ Slynke,Hip-Hop / Rap / R&B,Drums,"by DJ Skribble feat. DJ Slynke, Kenny Muhammad the Human Orchestra and Rahzel (1997)"
The Battle,Kenny Muhammad the Human Orchestra,Hip-Hop / Rap / R&B,Drums,"by DJ Skribble feat. DJ Slynke, Kenny Muhammad the Human Orchestra and Rahzel (1997)"
The Battle,Rahzel,Hip-Hop / Rap / R&B,Drums,"by DJ Skribble feat. DJ Slynke, Kenny Muhammad the Human Orchestra and Rahzel (1997)"
Meera (Extra Lucid Remix),DJ Cam,Hip-Hop / Rap / R&B,Drums,by DJ Cam (2006)
Gang Related,Brownside,Hip-Hop / Rap / R&B,Drums,by Brownside (1994)
"Un Jour Tu Pleures, Un Jour Tu Ris",IAM,Hip-Hop / Rap / R&B,Drums,by IAM (1993)
Looks Like a Job For...,Big Daddy Kane,Hip-Hop / Rap / R&B,Multiple Elements,by Big Daddy Kane (1993)
Eyes Wide Open,The Underachievers,Hip-Hop / Rap / R&B,Drums,by The Underachievers (2017)
P.S. Phuk U 2,Penthouse Players Clique,Hip-Hop / Rap / R&B,Hook / Riff,by Penthouse Players Clique feat. DJ Quik and Eazy-E (1992)
P.S. Phuk U 2,DJ Quik,Hip-Hop / Rap / R&B,Hook / Riff,by Penthouse Players Clique feat. DJ Quik and Eazy-E (1992)
P.S. Phuk U 2,Eazy-E,Hip-Hop / Rap / R&B,Hook / Riff,by Penthouse Players Clique feat. DJ Quik and Eazy-E (1992)
Hip Hop Junkies (Spanish Fly Mix),Nice & Smooth,Hip-Hop / Rap / R&B,Drums,by Nice & Smooth (1991)
I'm a Bad,Redman,Hip-Hop / Rap / R&B,Drums,by Redman (1992)
Hold on Be Strong,2Pac,Hip-Hop / Rap / R&B,Drums,by 2Pac (1997)
Negro Limitado,Racionais MC's,Hip-Hop / Rap / R&B,Drums,by Racionais MC's (1992)
"If It Ain't Rough, It Ain't Right",Pete Rock & C.L. Smooth,Hip-Hop / Rap / R&B,Drums,by Pete Rock & C.L. Smooth (1992)
All Over the World,Boogie Belgique,Electronic / Dance,Drums,by Boogie Belgique (2013)
Everything's for Sale,Skyzoo,Hip-Hop / Rap / R&B,Drums,by Skyzoo (2015)
1080p,Mach Hommy,Hip-Hop / Rap / R&B,Drums,by Mach Hommy (2016)
Azotea,Oceanica,Hip-Hop / Rap / R&B,Drums,by Oceanica (2017)
Pump It Up,Nice & Smooth,Hip-Hop / Rap / R&B,Drums,by Nice & Smooth (1991)
You Can Get a Gat for That,Spice 1,Hip-Hop / Rap / R&B,Drums,by Spice 1 (1994)
Alors Tu Veux Rapper ? / Flowmatic,Disiz La Peste,Hip-Hop / Rap / R&B,Drums,by Disiz La Peste (2009)
Don't Be a Fool,Loose Ends,Hip-Hop / Rap / R&B,Drums,by Loose Ends (1990)
How U Get a Record Deal,Big Daddy Kane,Hip-Hop / Rap / R&B,Drums,by Big Daddy Kane (1993)
Snubben,The Latin Kings,Hip-Hop / Rap / R&B,Drums,by The Latin Kings (1994)
Fallen Soldiers,Havoc,Hip-Hop / Rap / R&B,Drums,by Havoc feat. Cormega (2014)
Fallen Soldiers,Cormega,Hip-Hop / Rap / R&B,Drums,by Havoc feat. Cormega (2014)
Freedom Fighter,Bowery Electric,Electronic / Dance,Drums,by Bowery Electric (1999)
Shut Em Down (Pe-te Rock Mixx),Public Enemy,Hip-Hop / Rap / R&B,Drums,by Public Enemy (1991)
The Break Up Song,Rashad & Confidence,Hip-Hop / Rap / R&B,Drums,by Rashad & Confidence (2011)
Ridin' Low,L.A.D.,Hip-Hop / Rap / R&B,Drums,by L.A.D. (1995)
Ultra Magnetic,Lord Finesse,Hip-Hop / Rap / R&B,Multiple Elements,by Lord Finesse (2006)
Home of the Greats,Black Milk,Hip-Hop / Rap / R&B,Drums,by Black Milk (2006)
Livin' in the Light (The Original Story),Caron Wheeler,Hip-Hop / Rap / R&B,Drums,by Caron Wheeler (1990)
Code Red,Remedy,Hip-Hop / Rap / R&B,Drums,by Remedy feat. RZA (2002)
Code Red,RZA,Hip-Hop / Rap / R&B,Drums,by Remedy feat. RZA (2002)
Comin' to Getcha,Boss,Hip-Hop / Rap / R&B,Drums,by Boss (1993)
Prévision,La Base,Hip-Hop / Rap / R&B,Drums,by La Base and Tru Comers (2015)
Prévision,Tru Comers,Hip-Hop / Rap / R&B,Drums,by La Base and Tru Comers (2015)
55K,Pounds,Hip-Hop / Rap / R&B,Drums,by Pounds feat. Daniel Son and CRIMEAPPLE (2019)
55K,Daniel Son,Hip-Hop / Rap / R&B,Drums,by Pounds feat. Daniel Son and CRIMEAPPLE (2019)
55K,CRIMEAPPLE,Hip-Hop / Rap / R&B,Drums,by Pounds feat. Daniel Son and CRIMEAPPLE (2019)
Scarface Groove,Paris,Hip-Hop / Rap / R&B,Drums,by Paris (1990)
On the Road Again (My Jimmy Weighs a Ton) Q-Tip Remix,Jungle Brothers,Hip-Hop / Rap / R&B,Drums,by Jungle Brothers (1993)
Black to the Future,Def Jef,Hip-Hop / Rap / R&B,Drums,by Def Jef (1989)
One in the Chamba,The Almighty RSO,Hip-Hop / Rap / R&B,Drums,by The Almighty RSO feat. M.O.P. (1992)
One in the Chamba,M.O.P.,Hip-Hop / Rap / R&B,Drums,by The Almighty RSO feat. M.O.P. (1992)
The Men in Blue,Prince Paul,Hip-Hop / Rap / R&B,Drums,by Prince Paul feat. Everlast (1999)
The Men in Blue,Everlast,Hip-Hop / Rap / R&B,Drums,by Prince Paul feat. Everlast (1999)
Part Time Mutha,2Pac,Hip-Hop / Rap / R&B,Drums,by 2Pac (1991)
Getdafucout,Onyx,Hip-Hop / Rap / R&B,Drums,by Onyx (1993)
Gota Let Your Nuts Hang,Geto Boys,Hip-Hop / Rap / R&B,Drums,by Geto Boys (1991)
"Erotica (WØ 12"")",Madonna,Electronic / Dance,Drums,by Madonna (1992)
Why Me Baby? (Hip Hop Mix),Keith Sweat,Hip-Hop / Rap / R&B,Drums,by Keith Sweat feat. LL Cool J (1992)
Why Me Baby? (Hip Hop Mix),LL Cool J,Hip-Hop / Rap / R&B,Drums,by Keith Sweat feat. LL Cool J (1992)
Smile On,Deee-Lite,Electronic / Dance,Drums,by Deee-Lite (1990)
Countchocula,Machinedrum,Electronic / Dance,Drums,by Machinedrum (2002)
Hood Go Crazy,Tech N9ne,Hip-Hop / Rap / R&B,Drums,by Tech N9ne feat. 2 Chainz and B.o.B (2015)
Hood Go Crazy,2 Chainz,Hip-Hop / Rap / R&B,Drums,by Tech N9ne feat. 2 Chainz and B.o.B (2015)
Hood Go Crazy,B.o.B,Hip-Hop / Rap / R&B,Drums,by Tech N9ne feat. 2 Chainz and B.o.B (2015)
Droppin' the Bomb,The New Style,Hip-Hop / Rap / R&B,Drums,by The New Style (1989)
Ghetto Is a Trap,TRU,Hip-Hop / Rap / R&B,Drums,by TRU (1993)
Parallel Distortion,DJ Krush,Electronic / Dance,Drums,by DJ Krush feat. DJ Sak (1998)
Parallel Distortion,DJ Sak,Electronic / Dance,Drums,by DJ Krush feat. DJ Sak (1998)
Back Fade,Brotha Lynch Hung,Hip-Hop / Rap / R&B,Drums,by Brotha Lynch Hung (1993)
CODEな会話,Buddha Brand,Hip-Hop / Rap / R&B,Drums,by Buddha Brand (2019)
The Kinetics,DJ Krush,Hip-Hop / Rap / R&B,Drums,by DJ Krush (1998)
Home T.E.A.M.,Troy Ave,Hip-Hop / Rap / R&B,Drums,"by Troy Ave feat. Action Bronson, Maffew Ragazino and Mr. Muthafuckin' eXquire (2012)"
Home T.E.A.M.,Action Bronson,Hip-Hop / Rap / R&B,Drums,"by Troy Ave feat. Action Bronson, Maffew Ragazino and Mr. Muthafuckin' eXquire (2012)"
Home T.E.A.M.,Maffew Ragazino,Hip-Hop / Rap / R&B,Drums,"by Troy Ave feat. Action Bronson, Maffew Ragazino and Mr. Muthafuckin' eXquire (2012)"
Home T.E.A.M.,Mr. Muthafuckin' eXquire,Hip-Hop / Rap / R&B,Drums,"by Troy Ave feat. Action Bronson, Maffew Ragazino and Mr. Muthafuckin' eXquire (2012)"
Runnin',Freedom of Soul,Hip-Hop / Rap / R&B,Drums,by Freedom of Soul (1991)
Tales From the Westside,Proper Dos,Hip-Hop / Rap / R&B,Drums,by Proper Dos (1994)
Mamono Michi,Buddha Brand,Hip-Hop / Rap / R&B,Drums,by Buddha Brand (1995)
Burning Bridges,Ludacris,Hip-Hop / Rap / R&B,Drums,by Ludacris feat. Jason Aldean (2014)
Burning Bridges,Jason Aldean,Hip-Hop / Rap / R&B,Drums,by Ludacris feat. Jason Aldean (2014)
Silver Rain Fell,Scorn,Electronic / Dance,Drums,by Scorn (1994)
Us,Ice Cube,Hip-Hop / Rap / R&B,Drums,by Ice Cube (1991)
Wreck Shop,Run-DMC,Hip-Hop / Rap / R&B,Drums,by Run-DMC (1993)
God Made Me Funky,Too Poetic,Hip-Hop / Rap / R&B,Multiple Elements,by Too Poetic (1989)
Tomodachi,Kohh,Hip-Hop / Rap / R&B,Drums,by Kohh feat. Lil Kohh (2015)
Tomodachi,Lil Kohh,Hip-Hop / Rap / R&B,Drums,by Kohh feat. Lil Kohh (2015)
Venus,Slick Rick,Hip-Hop / Rap / R&B,Drums,by Slick Rick (1991)
Love +,Tae Beast,Hip-Hop / Rap / R&B,Drums,by Tae Beast (2010)
CatDieseL,K-OS,Hip-Hop / Rap / R&B,Drums,by K-OS (2006)
Sex Type Thang,Juggaknots,Hip-Hop / Rap / R&B,Drums,by Juggaknots (1996)
Commin' Up,Above the Law,Hip-Hop / Rap / R&B,Multiple Elements,by Above the Law (1993)
Break That,Mathematics,Hip-Hop / Rap / R&B,Drums,"by Mathematics feat. Ol' Dirty Bastard, U-God and Masta Killa (2005)"
Break That,Ol' Dirty Bastard,Hip-Hop / Rap / R&B,Drums,"by Mathematics feat. Ol' Dirty Bastard, U-God and Masta Killa (2005)"
Break That,U-God,Hip-Hop / Rap / R&B,Drums,"by Mathematics feat. Ol' Dirty Bastard, U-God and Masta Killa (2005)"
Break That,Masta Killa,Hip-Hop / Rap / R&B,Drums,"by Mathematics feat. Ol' Dirty Bastard, U-God and Masta Killa (2005)"
Fake Ass Bitches (OG),2Pac,Hip-Hop / Rap / R&B,Drums,by 2Pac feat. Rated R (Thug Life) (1994)
Fake Ass Bitches (OG),Rated R (Thug Life),Hip-Hop / Rap / R&B,Drums,by 2Pac feat. Rated R (Thug Life) (1994)
Peace in the Hood,Rhythm K Truce,Hip-Hop / Rap / R&B,Drums,by Rhythm K Truce (1992)
Peanut Butter,Wreckx-N-Effect,Hip-Hop / Rap / R&B,Multiple Elements,by Wreckx-N-Effect (1989)
Ultimate Breakfast & Beats,Scha Dara Parr,Hip-Hop / Rap / R&B,Multiple Elements,by Scha Dara Parr (1995)
Chotto Dake Yo,Scha Dara Parr,Hip-Hop / Rap / R&B,Drums,by Scha Dara Parr (1990)
Say Yes Again,Saigon,Hip-Hop / Rap / R&B,Drums,by Saigon (2012)
The Moon and Stars,Young Chris,Hip-Hop / Rap / R&B,Drums,by Young Chris (2010)
Official Waves,Hus Kingpin,Hip-Hop / Rap / R&B,Drums,by Hus Kingpin feat. Kool G Rap (2020)
Official Waves,Kool G Rap,Hip-Hop / Rap / R&B,Drums,by Hus Kingpin feat. Kool G Rap (2020)
"Meanwhile, Rick James...",Cake,Rock / Pop,Drums,by Cake (2001)
Any Way the Wind Blows,UMC's,Hip-Hop / Rap / R&B,Drums,by UMC's (1991)
Watch Ya Step,Xperadó,Hip-Hop / Rap / R&B,Drums,by Xperadó feat. O.C. (1998)
Watch Ya Step,O.C.,Hip-Hop / Rap / R&B,Drums,by Xperadó feat. O.C. (1998)
Bait,Ultramagnetic MC's,Hip-Hop / Rap / R&B,Hook / Riff,by Ultramagnetic MC's (1987)
The Magnificent,Kenny Dope,Soul / Funk / Disco,Drums,by Kenny Dope (1991)
Arts on Third / Black Family Day,Grap Luva,Hip-Hop / Rap / R&B,Drums,by Grap Luva (2016)
Beyond This World,Jungle Brothers,Hip-Hop / Rap / R&B,Drums,by Jungle Brothers (1989)
Lovesick,Night Trains,Electronic / Dance,Drums,by Night Trains feat. Marcia Johnson (1993)
Lovesick,Marcia Johnson,Electronic / Dance,Drums,by Night Trains feat. Marcia Johnson (1993)
All That,House of Pain,Hip-Hop / Rap / R&B,Drums,by House of Pain (1994)
At Large,Intelligent Hoodlum,Hip-Hop / Rap / R&B,Drums,by Intelligent Hoodlum (1993)
Dummy Crusher (Funk Regulators Mix),Kerbdog,Rock / Pop,Drums,by Kerbdog (1994)
Smooth Roughness,Latin Alliance,Hip-Hop / Rap / R&B,Drums,by Latin Alliance (1991)
Hip-Hopola,The Goats,Hip-Hop / Rap / R&B,Drums,by The Goats (1992)
Ain't Got No Class (Night Stawka Remix),Da Lench Mob,Hip-Hop / Rap / R&B,Drums,by Da Lench Mob feat. Cypress Hill (1993)
Ain't Got No Class (Night Stawka Remix),Cypress Hill,Hip-Hop / Rap / R&B,Drums,by Da Lench Mob feat. Cypress Hill (1993)
Battle Options (Super Bomberman 4),June Chikuma,Soundtrack / Library,Drums,by June Chikuma (1996)
Stakes Is High (UK Full Length Remix),De La Soul,Hip-Hop / Rap / R&B,Drums,by De La Soul (1996)
War N Peace,Styles P,Hip-Hop / Rap / R&B,Drums,by Styles P (2018)
The Blasta,Insane Clown Posse,Rock / Pop,Drums,by Insane Clown Posse (2012)
Killer in the Streets,The Raveonettes,Electronic / Dance,Drums,by The Raveonettes (2014)
Craziest (Salaam Remi Main Mix),Naughty by Nature,Hip-Hop / Rap / R&B,Drums,by Naughty by Nature (1995)
These Stories Have to Be Told,Kid Frost,Hip-Hop / Rap / R&B,Drums,by Kid Frost (1992)
50 MC's in a Cipher,Jemini the Gifted One,Hip-Hop / Rap / R&B,Drums,by Jemini the Gifted One (1995)
I Like Your Style,Ultramagnetic MC's,Hip-Hop / Rap / R&B,Drums,by Ultramagnetic MC's (1992)
Leader (Jukebox Champions Remix),DJ Vadim,Hip-Hop / Rap / R&B,Drums,by DJ Vadim feat. Yarah Bravo and ASM (2013)
Leader (Jukebox Champions Remix),Yarah Bravo,Hip-Hop / Rap / R&B,Drums,by DJ Vadim feat. Yarah Bravo and ASM (2013)
Leader (Jukebox Champions Remix),ASM,Hip-Hop / Rap / R&B,Drums,by DJ Vadim feat. Yarah Bravo and ASM (2013)
AUDIENCE,AaronMaxwell,Hip-Hop / Rap / R&B,Drums,by AaronMaxwell (2016)
Trouble in the Water,Amerigo Gazaway,Hip-Hop / Rap / R&B,Drums,by Amerigo Gazaway (2011)
Ain't Nobody Bad Like Me,Prince Johnny C,Hip-Hop / Rap / R&B,Drums,by Prince Johnny C (1992)
Emotion (Ain't Nobody),Maverick Sabre,Rock / Pop,Drums,by Maverick Sabre (2014)
Mad Flavaz (Dallas Austin Mix),Shadz of Lingo,Hip-Hop / Rap / R&B,Drums,by Shadz of Lingo feat. Erick Sermon (1994)
Mad Flavaz (Dallas Austin Mix),Erick Sermon,Hip-Hop / Rap / R&B,Drums,by Shadz of Lingo feat. Erick Sermon (1994)
Time to Flow,D-Nice,Hip-Hop / Rap / R&B,Drums,by D-Nice (1991)
The Sugar Shack,Teena Marie,Hip-Hop / Rap / R&B,Drums,by Teena Marie feat. Bernadette Cooper (1990)
The Sugar Shack,Bernadette Cooper,Hip-Hop / Rap / R&B,Drums,by Teena Marie feat. Bernadette Cooper (1990)
Red Light Victim,Too Much Trouble,Hip-Hop / Rap / R&B,Drums,by Too Much Trouble (1993)
Jerk Chicken,HaLo,Hip-Hop / Rap / R&B,Multiple Elements,by HaLo (2014)
Buffalo Soldier,Marley Marl,Hip-Hop / Rap / R&B,Drums,by Marley Marl (1991)
Holdin New Cards,Scaramanga,Hip-Hop / Rap / R&B,Drums,by Scaramanga (1998)
Kaos,B-Boy-K,Hip-Hop / Rap / R&B,Multiple Elements,by B-Boy-K (1994)
Rá Se Ránts,Sub Bass Monster,Hip-Hop / Rap / R&B,Drums,by Sub Bass Monster (1999)
Sex,Irakli Charkviani,Hip-Hop / Rap / R&B,Drums,by Irakli Charkviani (2001)
Deep Down,Ladae!,Hip-Hop / Rap / R&B,Drums,by Ladae! (1994)
Two for the Time,Nubian Crackers,Hip-Hop / Rap / R&B,Drums,by Nubian Crackers (1992)
M.I.I.R.,Ding Dong,Hip-Hop / Rap / R&B,Drums,by Ding Dong (2000)
Rock Stuff,MC Shan,Hip-Hop / Rap / R&B,Drums,by MC Shan (1990)
Suck My Dick,The Troubleneck Brothers,Hip-Hop / Rap / R&B,Drums,by The Troubleneck Brothers (1992)
The Only Ones,Naughty by Nature,Hip-Hop / Rap / R&B,Drums,by Naughty by Nature (1993)
Peace,Eazy A,Hip-Hop / Rap / R&B,Drums,by Eazy A (1989)
Boogie Back,The Scam,Hip-Hop / Rap / R&B,Multiple Elements,by The Scam (1988)
Versus,Nfx,Hip-Hop / Rap / R&B,Drums,by Nfx feat. Kenny Madfly (2017)
Versus,Kenny Madfly,Hip-Hop / Rap / R&B,Drums,by Nfx feat. Kenny Madfly (2017)
Da Sam Brate Pub,Prti Bee Gee,Hip-Hop / Rap / R&B,Drums,by Prti Bee Gee feat. Bvana (2016)
Da Sam Brate Pub,Bvana,Hip-Hop / Rap / R&B,Drums,by Prti Bee Gee feat. Bvana (2016)
Killing Fields,2Pac,Hip-Hop / Rap / R&B,Drums,by 2Pac and Dramacydal (1994)
Killing Fields,Dramacydal,Hip-Hop / Rap / R&B,Drums,by 2Pac and Dramacydal (1994)
Thanks 4 a Great Time Last Nite,Al B. Sure!,Hip-Hop / Rap / R&B,Drums,by Al B. Sure! (1992)
Whatta Man (Luvbug Remix 1),Salt-N-Pepa,Hip-Hop / Rap / R&B,Drums,by Salt-N-Pepa and En Vogue (1993)
Whatta Man (Luvbug Remix 1),En Vogue,Hip-Hop / Rap / R&B,Drums,by Salt-N-Pepa and En Vogue (1993)
The 3 Minute Preview,Funky DL,Hip-Hop / Rap / R&B,Drums,by Funky DL (2007)
D&B Remix,Joe Boyd Vigil,Electronic / Dance,Drums,by Joe Boyd Vigil (2001)
100 Fans,Luke Christopher,Hip-Hop / Rap / R&B,Drums,by Luke Christopher (2012)
"Kid, What's Your Name",Lord Aaqil,Hip-Hop / Rap / R&B,Drums,by Lord Aaqil (1993)
Booty Street,Sugartooth,Rock / Pop,Drums,by Sugartooth (1997)
Get It on (Original),The A.T.E.E.M.,Hip-Hop / Rap / R&B,Drums,by The A.T.E.E.M. (1992)
Ease Up Jaz,Jaz,Hip-Hop / Rap / R&B,Drums,by Jaz (1990)
Pockets Oh Yeah,Tony D,Hip-Hop / Rap / R&B,Hook / Riff,by Tony D (1989)
Peace of Mind,Top Choice Clique,Hip-Hop / Rap / R&B,Drums,by Top Choice Clique (1990)
Timbre,The Woodzmen,Hip-Hop / Rap / R&B,Drums,by The Woodzmen (1992)
Coda,Chocolate Weasel,Electronic / Dance,Drums,by Chocolate Weasel (1998)
The Oceanfront,Too Down,Hip-Hop / Rap / R&B,Drums,by Too Down (1993)
Don't Flinch,Sah-B,Hip-Hop / Rap / R&B,Drums,by Sah-B (1994)
Mulheres Vulgares,Racionais MC's,Hip-Hop / Rap / R&B,Drums,by Racionais MC's (1990)
Capital​\​sin Pts. 1 ( 2 + 3 ),EDO Disco,Hip-Hop / Rap / R&B,Drums,by EDO Disco (2019)
Gone Diggin,Oxygen,Hip-Hop / Rap / R&B,Drums,by Oxygen (2010)
Brand New Day,Basehead,Hip-Hop / Rap / R&B,Drums,by Basehead (1991)
I'm Showin' You,Maestro Fresh Wes,Hip-Hop / Rap / R&B,Drums,by Maestro Fresh Wes (1989)
2 N the Morning,Ice Cube,Hip-Hop / Rap / R&B,Drums,by Ice Cube (1994)
Masta Plan (Remix),Lost Tribe (2),Hip-Hop / Rap / R&B,Drums,by Lost Tribe (2) (1996)
"Dix, Neuf, Huit,...",Benny B,Hip-Hop / Rap / R&B,Drums,by Benny B (1992)
World Tour,Termanology,Hip-Hop / Rap / R&B,Drums,by Termanology (2015)
You Know Who the Best,PMD,Hip-Hop / Rap / R&B,Drums,"by PMD feat. RJ Da Realst, Nocturnal and Agallah (2017)"
You Know Who the Best,RJ Da Realst,Hip-Hop / Rap / R&B,Drums,"by PMD feat. RJ Da Realst, Nocturnal and Agallah (2017)"
You Know Who the Best,Nocturnal,Hip-Hop / Rap / R&B,Drums,"by PMD feat. RJ Da Realst, Nocturnal and Agallah (2017)"
You Know Who the Best,Agallah,Hip-Hop / Rap / R&B,Drums,"by PMD feat. RJ Da Realst, Nocturnal and Agallah (2017)"
I Got You,Johnny Gill,Hip-Hop / Rap / R&B,Drums,by Johnny Gill (1993)
Niggas Like You,Threat,Hip-Hop / Rap / R&B,Drums,by Threat (1993)
It's Real,Juan RIOS,Hip-Hop / Rap / R&B,Drums,by Juan RIOS (2015)
My Brother,Chubb Rock,Hip-Hop / Rap / R&B,Drums,by Chubb Rock (1992)
Two Lips,Hoodie Allen,Hip-Hop / Rap / R&B,Drums,by Hoodie Allen and OCD: Moosh & Twist (2013)
Two Lips,OCD: Moosh & Twist,Hip-Hop / Rap / R&B,Drums,by Hoodie Allen and OCD: Moosh & Twist (2013)
Another Firme Rola (Bad Cause I'm Brown),Kid Frost,Hip-Hop / Rap / R&B,Drums,by Kid Frost (1992)
Will You Be Mine,Yo-Yo,Hip-Hop / Rap / R&B,Drums,by Yo-Yo (1992)
I Am Stretched on Your Grave (Apple Brightness Mix),Sinéad O'Connor,Electronic / Dance,Drums,by Sinéad O'Connor (1990)
Ill Rhyme Skillz,Da Dysfunkshunal Familee,Hip-Hop / Rap / R&B,Drums,by Da Dysfunkshunal Familee feat. Unique Aka Amayss (2009)
Ill Rhyme Skillz,Unique Aka Amayss,Hip-Hop / Rap / R&B,Drums,by Da Dysfunkshunal Familee feat. Unique Aka Amayss (2009)
Le Seul Remède,Melaaz,Hip-Hop / Rap / R&B,Drums,by Melaaz (1995)
Puppy Love,J.V.C. F.O.R.C.E.,Hip-Hop / Rap / R&B,Drums,by J.V.C. F.O.R.C.E. (1988)
New Life,Mike E.,Gospel,Drums,by Mike E. feat. No Malice (2016)
New Life,No Malice,Gospel,Drums,by Mike E. feat. No Malice (2016)
The World Still Turns,3:6 Philly,Hip-Hop / Rap / R&B,Drums,by 3:6 Philly (1992)
Odbrambena Pesma,BIGru,Hip-Hop / Rap / R&B,Drums,by BIGru and Paja Kratak feat. Mickrey Mouse and DJ Munja (2018)
Odbrambena Pesma,Paja Kratak,Hip-Hop / Rap / R&B,Drums,by BIGru and Paja Kratak feat. Mickrey Mouse and DJ Munja (2018)
Odbrambena Pesma,Mickrey Mouse,Hip-Hop / Rap / R&B,Drums,by BIGru and Paja Kratak feat. Mickrey Mouse and DJ Munja (2018)
Odbrambena Pesma,DJ Munja,Hip-Hop / Rap / R&B,Drums,by BIGru and Paja Kratak feat. Mickrey Mouse and DJ Munja (2018)
I Kick Da Flava,Apple & Orange,Hip-Hop / Rap / R&B,Drums,by Apple & Orange (1993)
Irocs,The Troubleneck Brothers,Hip-Hop / Rap / R&B,Drums,by The Troubleneck Brothers (1994)
Cleptomania,Partyrock Wrecking Crew,Hip-Hop / Rap / R&B,Drums,by Partyrock Wrecking Crew (1994)
Party at My Place (M-Phazes Remix),Bliss N Eso,Hip-Hop / Rap / R&B,Drums,by Bliss N Eso feat. Motley (2006)
Party at My Place (M-Phazes Remix),Motley,Hip-Hop / Rap / R&B,Drums,by Bliss N Eso feat. Motley (2006)
U,Gnork,Electronic / Dance,Drums,by Gnork (2016)
Get Up N Move,TSU Productions,Hip-Hop / Rap / R&B,Drums,by TSU Productions (1992)
September,Around the Way,Hip-Hop / Rap / R&B,Drums,by Around the Way (1993)
Joyner Lucas Is My Dick,WhoreDung,Electronic / Dance,Multiple Elements,by WhoreDung (2022)
Gang Related (Radio Version),Brownside,Hip-Hop / Rap / R&B,Drums,by Brownside (1994)
The Natives Are Restless,Native Assassins,Hip-Hop / Rap / R&B,Drums,by Native Assassins (2011)
Comin With Da Flow,Misphitz,Hip-Hop / Rap / R&B,Drums,by Misphitz (1994)
Ya Nobody,Ultramagnetic MC's,Hip-Hop / Rap / R&B,Drums,by Ultramagnetic MC's (1995)
Bust One Fa Me,Threat,Hip-Hop / Rap / R&B,Drums,by Threat (1993)
Bring It Up,MC Essential,Hip-Hop / Rap / R&B,Multiple Elements,by MC Essential and A.W.O.L. (4) (1993)
Bring It Up,A.W.O.L. (4),Hip-Hop / Rap / R&B,Multiple Elements,by MC Essential and A.W.O.L. (4) (1993)
Urban Warfare,The Criminal Minds,Electronic / Dance,Drums,by The Criminal Minds (1990)
Buckin' Em Down,LL Cool J,Hip-Hop / Rap / R&B,Drums,by LL Cool J (1993)
Breakem' Up!,Suave (Rapper),Hip-Hop / Rap / R&B,Multiple Elements,by Suave (Rapper) (1994)
No Slow Rollin',Art of Origin,Hip-Hop / Rap / R&B,Drums,by Art of Origin (1992)
Psycho 2,Circle of Power,Hip-Hop / Rap / R&B,Drums,by Circle of Power (1993)
"It's All About Me, Me and Me",Imani Coppola,Rock / Pop,Drums,by Imani Coppola (1997)
F.B.I.,Donald D,Hip-Hop / Rap / R&B,Drums,by Donald D (1989)
Terror in the Aisles,Are Em,Hip-Hop / Rap / R&B,Drums,by Are Em (2009)
We Got It Goin' On,To Da Core,Hip-Hop / Rap / R&B,Drums,by To Da Core (1993)
N-CT FM,Craig Connor,Soundtrack / Library,Drums,"by Craig Connor, Grant Middleton and Colin Anderson (1997)"
N-CT FM,Grant Middleton,Soundtrack / Library,Drums,"by Craig Connor, Grant Middleton and Colin Anderson (1997)"
N-CT FM,Colin Anderson,Soundtrack / Library,Drums,"by Craig Connor, Grant Middleton and Colin Anderson (1997)"
Talkin' in Rhythm,"Hardcore, Inc.",Hip-Hop / Rap / R&B,Drums,"by Hardcore, Inc. (1990)"
Trapped,Jewel-T,Hip-Hop / Rap / R&B,Drums,by Jewel-T (1996)
Bafangoo,Liroy,Hip-Hop / Rap / R&B,Drums,by Liroy (1996)
Atten År,Vote for Truckers,Hip-Hop / Rap / R&B,Drums,by Vote for Truckers (1990)
Peep Game,2Pac,Hip-Hop / Rap / R&B,Drums,by 2Pac feat. Deadly Threat (1993)
Peep Game,Deadly Threat,Hip-Hop / Rap / R&B,Drums,by 2Pac feat. Deadly Threat (1993)
Dream,Forest for the Trees,Rock / Pop,Drums,by Forest for the Trees (1997)
Best in the West,"Bobby ""Bobcat"" Ervin",Hip-Hop / Rap / R&B,Drums,"by Bobby ""Bobcat"" Ervin (1989)"
South Bronx (Uptown),Strickly Roots,Hip-Hop / Rap / R&B,Drums,by Strickly Roots (1993)
Points Proven,MC Trouble,Hip-Hop / Rap / R&B,Drums,by MC Trouble (1990)
Goin Out Like a Gangsta,I.M.P.,Hip-Hop / Rap / R&B,Drums,by I.M.P. (1993)
"Real, Real, Real (Ben Chapman ""Spaced"" 12"" Mix - Rhythm)",Jesus Jones,Electronic / Dance,Drums,by Jesus Jones (1990)
I'ma Put My Thing Down,Sha'dasious,Hip-Hop / Rap / R&B,Drums,by Sha'dasious (1993)
I Can't Sleep,Draztik Mezurz,Hip-Hop / Rap / R&B,Drums,by Draztik Mezurz (1994)
Still the Same,John Frost,Hip-Hop / Rap / R&B,Drums,by John Frost (2012)
The Crew,Fdel,Soul / Funk / Disco,Drums,by Fdel (2005)
"Tequila (Club 12"")",A.L.T.,Hip-Hop / Rap / R&B,Drums,by A.L.T. and The Lost Civilization (1992)
"Tequila (Club 12"")",The Lost Civilization,Hip-Hop / Rap / R&B,Drums,by A.L.T. and The Lost Civilization (1992)
Comin' Up,Deuce Mob (Ohio Duo),Hip-Hop / Rap / R&B,Drums,by Deuce Mob (Ohio Duo) (1993)
Many Styles (Part 1),El Dogg,Hip-Hop / Rap / R&B,Drums,by El Dogg (1992)
A.W.O.L. (Gregski Royal Remix Edit),RBX,Hip-Hop / Rap / R&B,Drums,by RBX (1995)
Rabenschwarze Nacht,Too Strong,Hip-Hop / Rap / R&B,Drums,by Too Strong (1993)
Sale or Return,Bis,Electronic / Dance,Drums,by Bis (1999)
Wake Up,Daelover,Hip-Hop / Rap / R&B,Drums,by Daelover (1990)
Ceru' Albastru,Ripp,Hip-Hop / Rap / R&B,Drums,by Ripp (2013)
Get It Strait,Evil Mind Gangsta's,Hip-Hop / Rap / R&B,Drums,by Evil Mind Gangsta's (1993)
Listen,I.M.P.,Hip-Hop / Rap / R&B,Drums,by I.M.P. (1990)
It's a Political Thing,Taalam,Hip-Hop / Rap / R&B,Drums,by Taalam (1991)
Walking in Harmony,Elements of Style,Hip-Hop / Rap / R&B,Multiple Elements,by Elements of Style (1991)
"Feel the ""G""",G-Supreme,Hip-Hop / Rap / R&B,Drums,by G-Supreme (1991)
Call Me... If You Need Someone!,Ato,Hip-Hop / Rap / R&B,Drums,by Ato feat. Dacia (1997)
Call Me... If You Need Someone!,Dacia,Hip-Hop / Rap / R&B,Drums,by Ato feat. Dacia (1997)
Sleeping With the Enemy,Paris,Hip-Hop / Rap / R&B,Drums,by Paris (1992)
It Comes With the Color,B.L.A.C.K.,Hip-Hop / Rap / R&B,Drums,by B.L.A.C.K. (1992)
Wanted,White Town,Rock / Pop,Drums,by White Town (1997)
Drug Co.,Hock Tu Down,Hip-Hop / Rap / R&B,Drums,by Hock Tu Down (2009)
Chase Is On,5ive-O,Hip-Hop / Rap / R&B,Drums,by 5ive-O (1994)
On Da Dealznicks,Sez? Who,Hip-Hop / Rap / R&B,Drums,by Sez? Who (1996)
Thank You,Early Adopted,Hip-Hop / Rap / R&B,Drums,by Early Adopted (2009)
Hookas,Madd Phlayva,Hip-Hop / Rap / R&B,Drums,by Madd Phlayva (1993)
Strong Island,K-Boss,Hip-Hop / Rap / R&B,Drums,by K-Boss (1991)
Loud Silence,Doap Nixon,Hip-Hop / Rap / R&B,Drums,by Doap Nixon (2008)
Kuka,Bobafett,Hip-Hop / Rap / R&B,Drums,by Bobafett (2013)
Unsung Heroes of Hip Hop,Subsonic 2,Hip-Hop / Rap / R&B,Drums,by Subsonic 2 (1991)
Labyrinth,All the King's Horses,Hip-Hop / Rap / R&B,Drums,by All the King's Horses (1993)
Listen,Poison Clan,Hip-Hop / Rap / R&B,Drums,by Poison Clan (1993)
You Must Be Jealous,The Fila Fresh Crew,Hip-Hop / Rap / R&B,Multiple Elements,by The Fila Fresh Crew (1991)
Coast,Southpaw (Rap Duo),Hip-Hop / Rap / R&B,Drums,by Southpaw (Rap Duo) (1993)
Muzyczny Narkotyk,Trials X,Hip-Hop / Rap / R&B,Drums,by Trials X feat. Numer Raz and Oliwka (1995)
Muzyczny Narkotyk,Numer Raz,Hip-Hop / Rap / R&B,Drums,by Trials X feat. Numer Raz and Oliwka (1995)
Muzyczny Narkotyk,Oliwka,Hip-Hop / Rap / R&B,Drums,by Trials X feat. Numer Raz and Oliwka (1995)
Monkeyboy Breaks (Side B),A-Trak,Hip-Hop / Rap / R&B,Multiple Elements,by A-Trak (2003)
Drama,U-Neek,Hip-Hop / Rap / R&B,Drums,by U-Neek and Cleva (1992)
Drama,Cleva,Hip-Hop / Rap / R&B,Drums,by U-Neek and Cleva (1992)
Kisine Humse Kiya Hai Vada,Anand-Milind,Rock / Pop,Drums,by Anand-Milind and Alka Yagnik (1999)
Kisine Humse Kiya Hai Vada,Alka Yagnik,Rock / Pop,Drums,by Anand-Milind and Alka Yagnik (1999)
Enter the Fight,Dead Prezident$,Hip-Hop / Rap / R&B,Drums,by Dead Prezident$ (1995)
Боздуган,Upsurt,Hip-Hop / Rap / R&B,Drums,by Upsurt (1999)
First Day of School,Raven-Symoné,Hip-Hop / Rap / R&B,Drums,by Raven-Symoné (1993)
B-Ball (Radio Mix),Master P,Hip-Hop / Rap / R&B,Multiple Elements,by Master P (1999)
Picture on My Shelf,Poppa Doo,Hip-Hop / Rap / R&B,Drums,by Poppa Doo (1994)
To Da Head,Brothers Uv Da Blakmarket,Hip-Hop / Rap / R&B,Drums,by Brothers Uv Da Blakmarket (1992)
I Roc Dis,Un-Da Dawgz,Hip-Hop / Rap / R&B,Drums,by Un-Da Dawgz (1995)
Udahni Duboko,Sima (4Tune),Hip-Hop / Rap / R&B,Drums,by Sima (4Tune) (1998)
A-Dorable,Freakin' Inglish,Hip-Hop / Rap / R&B,Drums,by Freakin' Inglish (1993)
Do the Right Thing,Kid Power Posse,Hip-Hop / Rap / R&B,Drums,by Kid Power Posse (1993)
Scooby Dooby Wah Wah Wah,Mixmaster D,Hip-Hop / Rap / R&B,Drums,by Mixmaster D (2010)
Rocket Town,Right Said Fred,Rock / Pop,Drums,by Right Said Fred (1993)
Explosions,Misfits of Madness,Hip-Hop / Rap / R&B,Drums,by Misfits of Madness (1994)
I Ride the Bus,The Goats,Hip-Hop / Rap / R&B,Drums,by The Goats (2007)
Drop a Load on 'Em,1-5ive Posse,Hip-Hop / Rap / R&B,Multiple Elements,by 1-5ive Posse (1992)
Let the Message Rize,A.N.M.,Hip-Hop / Rap / R&B,Drums,by A.N.M. (1991)
Burguesia,Sistema Negro,Hip-Hop / Rap / R&B,Drums,by Sistema Negro (1993)
Let Me Be the One,Blessid Union of Souls,Rock / Pop,Drums,by Blessid Union of Souls (1995)
Niggaz That I Eat,Chunk,Hip-Hop / Rap / R&B,Drums,by Chunk (1992)
Around the Way,K-Supreme,Hip-Hop / Rap / R&B,Drums,by K-Supreme (1994)
Cool V's Tribute to Scratching,Biz Markie,Hip-Hop / Rap / R&B,Drums,by Biz Markie (1988)
Murder by Reason of Insanity,Scarface,Hip-Hop / Rap / R&B,Drums,by Scarface (1991)
On Fire (Remix),Tone Loc,Hip-Hop / Rap / R&B,Drums,by Tone Loc (1988)
Oil Base,Westside Gunn,Hip-Hop / Rap / R&B,Drums,by Westside Gunn (2015)
The Movement,Common,Hip-Hop / Rap / R&B,Drums,by Common (2005)
On a Clear Day,P.M. Dawn,Hip-Hop / Rap / R&B,Multiple Elements,by P.M. Dawn (1991)
All in Together Now,DJ Muggs,Hip-Hop / Rap / R&B,Drums,by DJ Muggs and GZA (2005)
All in Together Now,GZA,Hip-Hop / Rap / R&B,Drums,by DJ Muggs and GZA (2005)
전사의 후예(폭력시대) (Warrior's Descendant),H.O.T.,Hip-Hop / Rap / R&B,Drums,by H.O.T. (1997)
Soulja's Story,2Pac,Hip-Hop / Rap / R&B,Drums,by 2Pac (1991)
Jazzy's Groove,DJ Jazzy Jeff & the Fresh Prince,Hip-Hop / Rap / R&B,Multiple Elements,by DJ Jazzy Jeff & the Fresh Prince (1989)
Demasiao' Rap,Nfx,Hip-Hop / Rap / R&B,Drums,by Nfx feat. Noise System (2018)
Demasiao' Rap,Noise System,Hip-Hop / Rap / R&B,Drums,by Nfx feat. Noise System (2018)
5 Men and a Mic,Special Ed,Hip-Hop / Rap / R&B,Drums,by Special Ed (1990)
Holy War (Live),Divine Force,Hip-Hop / Rap / R&B,Drums,by Divine Force (1987)
I Remember,Coolio,Hip-Hop / Rap / R&B,Drums,"by Coolio feat. J-Ro, Billy Boy and G.A.T. (1994)"
I Remember,J-Ro,Hip-Hop / Rap / R&B,Drums,"by Coolio feat. J-Ro, Billy Boy and G.A.T. (1994)"
I Remember,Billy Boy,Hip-Hop / Rap / R&B,Drums,"by Coolio feat. J-Ro, Billy Boy and G.A.T. (1994)"
I Remember,G.A.T.,Hip-Hop / Rap / R&B,Drums,"by Coolio feat. J-Ro, Billy Boy and G.A.T. (1994)"
I Gotta Say What Up!!!,Ice Cube,Hip-Hop / Rap / R&B,Drums,by Ice Cube (1990)
La Loi Du Point Final,Oxmo Puccino,Hip-Hop / Rap / R&B,Drums,by Oxmo Puccino (1998)
What They Hittin' Foe?,Ice Cube,Hip-Hop / Rap / R&B,Drums,by Ice Cube (1990)
Ice Cube Killa,Cypress Hill,Hip-Hop / Rap / R&B,Drums,by Cypress Hill (1996)
Funky Methodist,Buddha Brand,Hip-Hop / Rap / R&B,Drums,by Buddha Brand (1995)
This Is What It Comes Too,Raekwon,Hip-Hop / Rap / R&B,Drums,by Raekwon (2017)
Versatile Extension (Versatility Remix),Supreme NYborn,Hip-Hop / Rap / R&B,Drums,by Supreme NYborn (1988)
Method Man (Remix) (Skunk Mix),Wu-Tang Clan,Hip-Hop / Rap / R&B,Drums,by Wu-Tang Clan (1993)
Supa Jean,DJ Jazzy Jeff,Hip-Hop / Rap / R&B,Drums,by DJ Jazzy Jeff feat. Jean Grae (2007)
Supa Jean,Jean Grae,Hip-Hop / Rap / R&B,Drums,by DJ Jazzy Jeff feat. Jean Grae (2007)
Moody's Shuffle,Hideki Naganuma,Soundtrack / Library,Drums,by Hideki Naganuma (2000)
Runway,Snow,Hip-Hop / Rap / R&B,Drums,by Snow (1992)
Sun Used to Shine,DJ Shadow,Soul / Funk / Disco,Multiple Elements,by DJ Shadow and Cut Chemist (2008)
Sun Used to Shine,Cut Chemist,Soul / Funk / Disco,Multiple Elements,by DJ Shadow and Cut Chemist (2008)
Take a Look (At Yourself),Guru,Hip-Hop / Rap / R&B,Multiple Elements,by Guru feat. Roy Ayers (1993)
Take a Look (At Yourself),Roy Ayers,Hip-Hop / Rap / R&B,Multiple Elements,by Guru feat. Roy Ayers (1993)
Hold on (Hip Hop Remix),En Vogue,Hip-Hop / Rap / R&B,Drums,by En Vogue (1991)
Turn the Party Out,Tha Alkaholiks,Hip-Hop / Rap / R&B,Hook / Riff,by Tha Alkaholiks (1993)
Smile,Vitamin C,Rock / Pop,Drums,by Vitamin C feat. Lady Saw (1998)
Smile,Lady Saw,Rock / Pop,Drums,by Vitamin C feat. Lady Saw (1998)
Flip Da Scrip,Da King & I,Hip-Hop / Rap / R&B,Drums,by Da King & I (1992)
Nigga Bridges,Onyx,Hip-Hop / Rap / R&B,Drums,by Onyx (1993)
Nasty,Logic,Hip-Hop / Rap / R&B,Drums,by Logic (2013)
Pre of Cash,DJ Honda,Hip-Hop / Rap / R&B,Drums,"by DJ Honda feat. The Beatnuts, Fat Joe and Common (1995)"
Pre of Cash,The Beatnuts,Hip-Hop / Rap / R&B,Drums,"by DJ Honda feat. The Beatnuts, Fat Joe and Common (1995)"
Pre of Cash,Fat Joe,Hip-Hop / Rap / R&B,Drums,"by DJ Honda feat. The Beatnuts, Fat Joe and Common (1995)"
Pre of Cash,Common,Hip-Hop / Rap / R&B,Drums,"by DJ Honda feat. The Beatnuts, Fat Joe and Common (1995)"
Can't Front on Me,Pete Rock & C.L. Smooth,Hip-Hop / Rap / R&B,Drums,by Pete Rock & C.L. Smooth (1992)
Trust Me,Guru,Hip-Hop / Rap / R&B,Drums,by Guru feat. N'Dea Davenport (1993)
Trust Me,N'Dea Davenport,Hip-Hop / Rap / R&B,Drums,by Guru feat. N'Dea Davenport (1993)
Bass Is Loaded,Leaders of the New School,Hip-Hop / Rap / R&B,Drums,by Leaders of the New School (1993)
Niggas From the Hood Ain't Changed,Juicy J,Hip-Hop / Rap / R&B,Multiple Elements,by Juicy J feat. Kingpin Skinny Pimp (1993)
Niggas From the Hood Ain't Changed,Kingpin Skinny Pimp,Hip-Hop / Rap / R&B,Multiple Elements,by Juicy J feat. Kingpin Skinny Pimp (1993)
Crossroads,LL Cool J,Hip-Hop / Rap / R&B,Drums,by LL Cool J (1993)
Pockets Full,Skyzoo,Hip-Hop / Rap / R&B,Drums,by Skyzoo feat. Freeway (2012)
Pockets Full,Freeway,Hip-Hop / Rap / R&B,Drums,by Skyzoo feat. Freeway (2012)
Medieval,Danger Mouse,Hip-Hop / Rap / R&B,Drums,by Danger Mouse and Jemini feat. The Pharcyde (2003)
Medieval,Jemini,Hip-Hop / Rap / R&B,Drums,by Danger Mouse and Jemini feat. The Pharcyde (2003)
Medieval,The Pharcyde,Hip-Hop / Rap / R&B,Drums,by Danger Mouse and Jemini feat. The Pharcyde (2003)
Regina,Mach Hommy,Hip-Hop / Rap / R&B,Drums,by Mach Hommy (2018)
Supernova at the End of the Universe,The Orb,Electronic / Dance,Drums,by The Orb (1991)
Keep on Walkin',CeCe Peniston,Electronic / Dance,Drums,by CeCe Peniston (1992)
Mustt Mustt (Massive Attack Remix),Nusrat Fateh Ali Khan,Electronic / Dance,Drums,by Nusrat Fateh Ali Khan (1990)
Back in the Day,Dred Scott,Hip-Hop / Rap / R&B,Drums,by Dred Scott (1994)
We Go Where Ever We Want,French Montana,Hip-Hop / Rap / R&B,Drums,by French Montana feat. Raekwon and Ne-Yo (2013)
We Go Where Ever We Want,Raekwon,Hip-Hop / Rap / R&B,Drums,by French Montana feat. Raekwon and Ne-Yo (2013)
We Go Where Ever We Want,Ne-Yo,Hip-Hop / Rap / R&B,Drums,by French Montana feat. Raekwon and Ne-Yo (2013)
Cat People,Cujo,Electronic / Dance,Drums,by Cujo (1996)
The Anthem,Lootpack,Hip-Hop / Rap / R&B,Hook / Riff,by Lootpack (1998)
The Hurt Business,Westside Gunn,Hip-Hop / Rap / R&B,Drums,"by Westside Gunn, Smoke DZA and Wale (2021)"
The Hurt Business,Smoke DZA,Hip-Hop / Rap / R&B,Drums,"by Westside Gunn, Smoke DZA and Wale (2021)"
The Hurt Business,Wale,Hip-Hop / Rap / R&B,Drums,"by Westside Gunn, Smoke DZA and Wale (2021)"
Love Me Now,Beenie Man,Reggae / Dub,Drums,by Beenie Man feat. Wyclef Jean (2000)
Love Me Now,Wyclef Jean,Reggae / Dub,Drums,by Beenie Man feat. Wyclef Jean (2000)
Watch Me Now,Ultramagnetic MC's,Hip-Hop / Rap / R&B,Sound Effect / Other,by Ultramagnetic MC's (1988)
You Can't Fade Me/JD's Gafflin',Ice Cube,Hip-Hop / Rap / R&B,Drums,by Ice Cube (1990)
Bang Your Head,Gravediggaz,Hip-Hop / Rap / R&B,Drums,by Gravediggaz (1994)
Saturday Nite Live,Masta Ace Incorporated,Hip-Hop / Rap / R&B,Hook / Riff,by Masta Ace Incorporated (1993)
Street Dreamin,Bridget Kelly,Hip-Hop / Rap / R&B,Drums,by Bridget Kelly feat. Kendrick Lamar (2013)
Street Dreamin,Kendrick Lamar,Hip-Hop / Rap / R&B,Drums,by Bridget Kelly feat. Kendrick Lamar (2013)
Eazy Street,Eazy-E,Hip-Hop / Rap / R&B,Drums,by Eazy-E (1990)
Space Cowboy,Saib.,Easy Listening,Drums,by Saib. (2015)
The Champ,Ghostface Killah,Hip-Hop / Rap / R&B,Drums,by Ghostface Killah (2006)
When I Get Free II,2Pac,Hip-Hop / Rap / R&B,Drums,by 2Pac (1997)
Somethin' Funky,Big Daddy Kane,Hip-Hop / Rap / R&B,Hook / Riff,by Big Daddy Kane (1987)
Mind Blowin',The D.O.C.,Hip-Hop / Rap / R&B,Multiple Elements,by The D.O.C. (1989)
Stone Age,De La Soul,Hip-Hop / Rap / R&B,Drums,by De La Soul feat. Biz Markie (1993)
Stone Age,Biz Markie,Hip-Hop / Rap / R&B,Drums,by De La Soul feat. Biz Markie (1993)
Wild and Crazy,Dr. Octagon,Hip-Hop / Rap / R&B,Drums,by Dr. Octagon (1996)
Deadly Venoms (Vocals Up),Prince Rakeem,Hip-Hop / Rap / R&B,Drums,by Prince Rakeem (1991)
"Nowhere to Run, Nowhere to Hide",Gravediggaz,Hip-Hop / Rap / R&B,Drums,by Gravediggaz feat. Kurious (1994)
"Nowhere to Run, Nowhere to Hide",Kurious,Hip-Hop / Rap / R&B,Drums,by Gravediggaz feat. Kurious (1994)
Yoke the Joker,Naughty by Nature,Hip-Hop / Rap / R&B,Drums,by Naughty by Nature (1991)
Jam 4 U,Redman,Hip-Hop / Rap / R&B,Hook / Riff,by Redman (1992)
The Streetz R Deathrow,2Pac,Hip-Hop / Rap / R&B,Drums,by 2Pac (1993)
A Name I Call Myself,Souls of Mischief,Hip-Hop / Rap / R&B,Drums,by Souls of Mischief (1993)
Burnt,Del the Funky Homosapien,Hip-Hop / Rap / R&B,Drums,by Del the Funky Homosapien feat. Hieroglyphics (1991)
Burnt,Hieroglyphics,Hip-Hop / Rap / R&B,Drums,by Del the Funky Homosapien feat. Hieroglyphics (1991)
ALONGWAYTOGO,Gang Starr,Hip-Hop / Rap / R&B,Multiple Elements,by Gang Starr (1994)
Twisted,Skylar Grey,Hip-Hop / Rap / R&B,Drums,"by Skylar Grey, Eminem and Yelawolf (2014)"
Twisted,Eminem,Hip-Hop / Rap / R&B,Drums,"by Skylar Grey, Eminem and Yelawolf (2014)"
Twisted,Yelawolf,Hip-Hop / Rap / R&B,Drums,"by Skylar Grey, Eminem and Yelawolf (2014)"
Transit Ride,Guru,Hip-Hop / Rap / R&B,Drums,by Guru feat. Branford Marsalis (1993)
Transit Ride,Branford Marsalis,Hip-Hop / Rap / R&B,Drums,by Guru feat. Branford Marsalis (1993)
For Pete's Sake,Pete Rock & C.L. Smooth,Hip-Hop / Rap / R&B,Drums,by Pete Rock & C.L. Smooth (1992)
Just Be Good to Green,Professor Green,Hip-Hop / Rap / R&B,Drums,by Professor Green feat. Lily Allen (2010)
Just Be Good to Green,Lily Allen,Hip-Hop / Rap / R&B,Drums,by Professor Green feat. Lily Allen (2010)
Yasawas,Amon Tobin,Electronic / Dance,Drums,by Amon Tobin (1997)
She's Playing Hard to Get (Clark Kent's Strictly Hip-Hop Remix),Hi-Five,Hip-Hop / Rap / R&B,Drums,by Hi-Five feat. Jay-Z and Ski (1992)
She's Playing Hard to Get (Clark Kent's Strictly Hip-Hop Remix),Jay-Z,Hip-Hop / Rap / R&B,Drums,by Hi-Five feat. Jay-Z and Ski (1992)
She's Playing Hard to Get (Clark Kent's Strictly Hip-Hop Remix),Ski,Hip-Hop / Rap / R&B,Drums,by Hi-Five feat. Jay-Z and Ski (1992)
Dope Bitch,The-Dream,Hip-Hop / Rap / R&B,Drums,by The-Dream feat. Pusha T (2012)
Dope Bitch,Pusha T,Hip-Hop / Rap / R&B,Drums,by The-Dream feat. Pusha T (2012)
I've Been Thinking About You,Mariah Carey,Hip-Hop / Rap / R&B,Drums,by Mariah Carey (1993)
Pee-Wee's Dance,Joeski Love,Hip-Hop / Rap / R&B,Drums,by Joeski Love (1986)
Cuttin' Headz,Ol' Dirty Bastard,Hip-Hop / Rap / R&B,Drums,by Ol' Dirty Bastard feat. RZA (1995)
Cuttin' Headz,RZA,Hip-Hop / Rap / R&B,Drums,by Ol' Dirty Bastard feat. RZA (1995)
Dead Presidents III,Logic,Hip-Hop / Rap / R&B,Drums,by Logic (2012)
Step to My Girl,Souls of Mischief,Hip-Hop / Rap / R&B,Drums,by Souls of Mischief (1998)
Chillin,Audio Two,Hip-Hop / Rap / R&B,Hook / Riff,by Audio Two (1986)
What U See Is What U Get,Xzibit,Hip-Hop / Rap / R&B,Drums,by Xzibit (1998)
Brothers Gonna Work It Out,Public Enemy,Hip-Hop / Rap / R&B,Drums,by Public Enemy (1990)
24 Deep,Brotha Lynch Hung,Hip-Hop / Rap / R&B,Drums,by Brotha Lynch Hung (1993)
Real Niggaz Don't Die,N.W.A,Hip-Hop / Rap / R&B,Drums,by N.W.A (1991)
Millie Pulled a Pistol on Santa,De La Soul,Hip-Hop / Rap / R&B,Drums,by De La Soul (1991)
Saturday Night,Schoolly D,Hip-Hop / Rap / R&B,Drums,by Schoolly D (1986)
O.G. Original Gangster,Ice-T,Hip-Hop / Rap / R&B,Drums,by Ice-T (1991)
So Called Friends,Group Home,Hip-Hop / Rap / R&B,Drums,by Group Home feat. Guru (1995)
So Called Friends,Guru,Hip-Hop / Rap / R&B,Drums,by Group Home feat. Guru (1995)
Miller Time,Plastic Little,Hip-Hop / Rap / R&B,Drums,by Plastic Little (2003)
A Visit to the Gynecologyst,Dr. Octagon,Hip-Hop / Rap / R&B,Drums,by Dr. Octagon (1996)
The 4th Branch,Immortal Technique,Hip-Hop / Rap / R&B,Multiple Elements,by Immortal Technique (2003)
Extreme Ways,Moby,Rock / Pop,Drums,by Moby (2002)
Die Like a Rockstar,Danny Brown,Hip-Hop / Rap / R&B,Drums,by Danny Brown (2011)
Grown Man Sport,INI,Hip-Hop / Rap / R&B,Drums,by INI (2003)
MMMBop,Hanson,Rock / Pop,Drums,by Hanson (1997)
Potholes in My Lawn,De La Soul,Hip-Hop / Rap / R&B,Multiple Elements,by De La Soul (1989)
Alwayz Into Somethin',N.W.A,Hip-Hop / Rap / R&B,Drums,by N.W.A (1991)
Home,Caribou,Electronic / Dance,Drums,by Caribou (2019)
Run On,Moby,Electronic / Dance,Drums,by Moby (1999)
Come Baby Come,K7,Hip-Hop / Rap / R&B,Drums,by K7 (1993)
Animal Instinct,Mobb Deep,Hip-Hop / Rap / R&B,Drums,by Mobb Deep feat. Big Twins and Ty Nitty (1996)
Animal Instinct,Big Twins,Hip-Hop / Rap / R&B,Drums,by Mobb Deep feat. Big Twins and Ty Nitty (1996)
Animal Instinct,Ty Nitty,Hip-Hop / Rap / R&B,Drums,by Mobb Deep feat. Big Twins and Ty Nitty (1996)
Land of Lords,The Underachievers,Hip-Hop / Rap / R&B,Drums,by The Underachievers (2013)
Funky Dividends,Three Times Dope,Hip-Hop / Rap / R&B,Drums,by Three Times Dope (1988)
Middle of the Summer,Meek Mill,Hip-Hop / Rap / R&B,Multiple Elements,by Meek Mill and Mel Love (2011)
Middle of the Summer,Mel Love,Hip-Hop / Rap / R&B,Multiple Elements,by Meek Mill and Mel Love (2011)
Die in Your Arms,Justin Bieber,Rock / Pop,Drums,by Justin Bieber (2012)
Ya Mama,The Pharcyde,Hip-Hop / Rap / R&B,Multiple Elements,by The Pharcyde (1992)
Miuzi Weighs a Ton,Public Enemy,Hip-Hop / Rap / R&B,Drums,by Public Enemy (1987)
