Straight Outta Compton,N.W.A,Hip-Hop / Rap / R&B,Drums,1988
Pigs,Tyler the Creator,Hip-Hop / Rap / R&B,Drums,2013
Scary Monsters and Nice Sprites (The Juggernaut Remix),Skrillex,Electronic / Dance,Drums,2011
Patrol,Homemade Weapons,Electronic / Dance,Drums,2019
Networth,Homemade Weapons,Electronic / Dance,Drums,2019
Informer,Snow,Hip-Hop / Rap / R&B,Drums,1992
Can't Knock the Hustle (Desired State Remix),Jay-Z,Electronic / Dance,Drums,1996
Futurama Theme,Christopher Tyng,Soundtrack / Library,Drums,1999
Mindfields,The Prodigy,Electronic / Dance,Drums,1997
King of the Beats,Mantronix,Hip-Hop / Rap / R&B,Drums,1988
Ease Yourself,The Collective (Drum and Bass),Electronic / Dance,Drums,1996
One Kiss (Oliver Heldens Remix),Calvin Harris,Electronic / Dance,Drums,2018
D'you Know What I Mean?,Oasis,Rock / Pop,Drums,1997
Sounds of Fustration,Lt. D'Amato,Electronic / Dance,Drums,1993
Jack Harlow Combo Meal,JPEGMAFIA,Hip-Hop / Rap / R&B,Drums,2023
Zatoichi,Denzel Curry,Hip-Hop / Rap / R&B,Drums,2022
Straight Outta Compton,N.W.A,Hip-Hop / Rap / R&B,Drums,1988
Pigs,Tyler the Creator,Hip-Hop / Rap / R&B,Drums,2013
Scary Monsters and Nice Sprites (The Juggernaut Remix),Skrillex,Electronic / Dance,Drums,2011
Patrol,Homemade Weapons,Electronic / Dance,Drums,2019
Networth,Homemade Weapons,Electronic / Dance,Drums,2019
Informer,Snow,Hip-Hop / Rap / R&B,Drums,1992
Can't Knock the Hustle (Desired State Remix),Jay-Z,Electronic / Dance,Drums,1996
Futurama Theme,Christopher Tyng,Soundtrack / Library,Drums,1999
Mindfields,The Prodigy,Electronic / Dance,Drums,1997
King of the Beats,Mantronix,Hip-Hop / Rap / R&B,Drums,1988
Ease Yourself,The Collective (Drum and Bass),Electronic / Dance,Drums,1996
One Kiss (Oliver Heldens Remix),Calvin Harris,Electronic / Dance,Drums,2018
D'you Know What I Mean?,Oasis,Rock / Pop,Drums,1997
Sounds of Fustration,Lt. D'Amato,Electronic / Dance,Drums,1993
Jack Harlow Combo Meal,JPEGMAFIA,Hip-Hop / Rap / R&B,Drums,2023
Zatoichi,Denzel Curry,Hip-Hop / Rap / R&B,Drums,2022
Hot Steppa,Veak,Electronic / Dance,Drums,2019
Edge of Darkness,Veak,Electronic / Dance,Drums,2019
Horz,Dionysus,Electronic / Dance,Drums,2023
Stay (Kid Lib Remix),Demented Soul,Electronic / Dance,Drums,2018
Globex Corp Vol. 5 B1 (Dev/Null Remix),Dwarde,Electronic / Dance,Drums,2019
Globex Corp Vol. 3 A2,Dwarde,Electronic / Dance,Drums,2017
Globex Corp Vol. 8 A1,Dwarde,Electronic / Dance,Drums,2019
Medusa,F.X.,Electronic / Dance,Drums,2016
Untitled (A2),Tomba (2),Electronic / Dance,Drums,1994
Terrible Things,F.X.,Electronic / Dance,Drums,2013
The Time of the Demon,F.X.,Electronic / Dance,Drums,2018
Too Dark,F.X.,Electronic / Dance,Drums,2013
Mani-ack,Oracle,Electronic / Dance,Drums,2020
Ghetto Messiah,RMS,Electronic / Dance,Drums,2016
Reece Piece,Kartoon (Jungle),Electronic / Dance,Drums,2016
Barely Enough,RMS,Electronic / Dance,Drums,2016
RedSolidus,DJ Nest,Electronic / Dance,Drums,2020
BioExocist,DJ Nest,Electronic / Dance,Drums,2020
Show Me the Way,Demented Frequency,Electronic / Dance,Drums,2020
Back Tha Funk,Riffz,Electronic / Dance,Drums,2019
Weak Soundboy Suicide,Riffz,Electronic / Dance,Drums,2019
Fever '94,S.Kid,Electronic / Dance,Drums,2017
Seems It's Original VIP,Riffz,Electronic / Dance,Drums,2015
Not U,Riffz,Electronic / Dance,Drums,2019
Yes I Wanna,Riffz,Electronic / Dance,Drums,2019
Rising High,Coco Bryce,Electronic / Dance,Drums,2020
The Lost Knight,Threshold (2),Electronic / Dance,Drums,2020
The Love for the Oldskool,Msymiakos,Electronic / Dance,Drums,2015
Magnificent,DJ Vern,Electronic / Dance,Drums,1995
Squeeze,DJ Vern,Electronic / Dance,Drums,1995
UK74R1825020,Aleksi Perälä,Electronic / Dance,Drums,2018
UK74R1825040,Aleksi Perälä,Electronic / Dance,Drums,2018
Desecration Without Name,Dub One,Electronic / Dance,Drums,2018
Wizdom Outski,Stagga,Electronic / Dance,Drums,2020
Out of Body Experience,Msymiakos,Electronic / Dance,Drums,2020
Scarlet World,Cheryl Stelli,Electronic / Dance,Drums,2020
Ruthless Uncontrollable Funnyposting (Epic Fuck Mix),Lil Shitcore,Electronic / Dance,Drums,2021
Friday W/ Sonic,Cry From Memories,Electronic / Dance,Drums,2017
Never Forget the Best Moments of My Life,Cry From Memories,Electronic / Dance,Drums,2017
We Rewind,Yosh,Electronic / Dance,Drums,2020
Dancing on Air,The Jaffa Kid,Electronic / Dance,Drums,2020
Digitize,J-Raq,Electronic / Dance,Drums,1997
The Zone,Lavery,Electronic / Dance,Drums,2020
Rudebwoy Bass,Lavery,Electronic / Dance,Drums,2016
Mind Control,Lavery,Electronic / Dance,Drums,2017
Vanity,Drama1,Electronic / Dance,Drums,2020
Motion Sickness (Subway Robbery Mix),Persons Unknown,Electronic / Dance,Drums,2020
Move Out,DJ Skye,Electronic / Dance,Drums,2020
Hide,Madcap,Electronic / Dance,Drums,2020
Gettin High,DJ Skye,Electronic / Dance,Drums,2020
Danger,Riffz,Electronic / Dance,Drums,2019
2 Gether,Lemon D,Electronic / Dance,Drums,1993
Turn Away Skull Special Request (Tek 9 Remix),Manix,Electronic / Dance,Drums,1995
Test 1,Studio Pressure,Electronic / Dance,Drums,1993
Today Is Another Bombing (MIDI War VIP Remix),Coretex,Electronic / Dance,Drums,2022
Ice Sculptures,Nebula,Electronic / Dance,Drums,2009
The Pulse (Ruff Underground Mix),Lemon D,Electronic / Dance,Drums,1993
Bizarre,Higher Sense,Electronic / Dance,Drums,1995
外ギン Aviation (Natalie Autumn Hi Remix),Natalie Autumn,Electronic / Dance,Drums,2021
Model 62,DJ K.2.,Electronic / Dance,Drums,1995
X-Attack,D4,Electronic / Dance,Multiple Elements,1995
Fack Remix​.​.​. Official (Yes),Will Toledo Crying,Electronic / Dance,Drums,2022
VII,Swagmaster24,Electronic / Dance,Multiple Elements,2021
Liquid,Cheryl Stelli,Electronic / Dance,Drums,2021
Breaking Starlight,Starspire,Electronic / Dance,Drums,2020
Nunghnhgnn,Passenger of Shit,Electronic / Dance,Drums,2022
Shitrappoobreaks,Passenger of Shit,Electronic / Dance,Drums,2022
Punk Motherfuckers,Passenger of Shit,Electronic / Dance,Drums,2019
Rotting Ass Field (Remix),Passenger of Shit,Electronic / Dance,Drums,2012
Trendy Core #13,Passenger of Shit,Electronic / Dance,Drums,2007
Aussie Speedcore Pussy Flaps,Passenger of Shit,Electronic / Dance,Drums,2016
Dog Sperm,Passenger of Shit,Electronic / Dance,Drums,2007
Amputate My Wart Cock to Feed My Anus,Passenger of Shit,Electronic / Dance,Drums,2007
Kept Underground,Passenger of Shit,Electronic / Dance,Drums,2020
Turd Eye Awakening,Passenger of Shit,Electronic / Dance,Drums,2020
Into the Hole,Passenger of Shit,Electronic / Dance,Drums,2020
Rythm Process,Rev-P,Electronic / Dance,Drums,1994
Crazy Knowledge,Ramos,Electronic / Dance,Drums,1996
Love Pt 2,Passenger of Shit,Electronic / Dance,Drums,2012
Trendy Unicorn Dung,Passenger of Shit,Electronic / Dance,Drums,2012
Rotten Cock Meat,Passenger of Shit,Electronic / Dance,Drums,2012
Talking Shit,Passenger of Shit,Electronic / Dance,Drums,2019
Come Again,Hamilton,Electronic / Dance,Drums,2010
Prism,Djipe,Electronic / Dance,Drums,2021
God Meltdown,Djipe,Electronic / Dance,Drums,2021
No More Voices,Djipe,Electronic / Dance,Drums,2021
Desert Woman,Djipe,Electronic / Dance,Drums,2021
Trolling Myself,･​ﾟ​✧​(​=​✪ ᆺ ✪​=​) - ･​ﾟ​✧,Electronic / Dance,Drums,2022
Roughneck Internet Swag,Dj Bamberino,Electronic / Dance,Drums,2022
Babylon Bwest Fwiend,Dj Bamberino,Electronic / Dance,Multiple Elements,2022
False Nostalgia Shit Amenpunk,･​ﾟ​✧​(​=​✪ ᆺ ✪​=​) - ･​ﾟ​✧,Electronic / Dance,Drums,2022
Shit Smeared Cunt (Terrortime Intro),Passenger of Shit,Electronic / Dance,Drums,2012
Dum Track 7,Passenger of Shit,Electronic / Dance,Drums,2004
Dum Melody Intro,Passenger of Shit,Electronic / Dance,Drums,2004
Crush Ya Fucking Skulls With My Testicles,Passenger of Shit,Electronic / Dance,Drums,2016
Rapeyourfuckingskull,Shitting Whore,Electronic / Dance,Drums,2015
Necrophiliccock,Shitting Whore,Electronic / Dance,Drums,2015
Rock It Deadly,Passenger of Shit,Electronic / Dance,Drums,2019
Killa,Passenger of Shit,Electronic / Dance,Drums,2019
Never as Good as the First Time,Coco Bryce,Electronic / Dance,Drums,2016
The Choice,The Last Ronin,Electronic / Dance,Drums,2021
Other Worlds,Kloke,Electronic / Dance,Drums,2018
Blind to You,Veak,Electronic / Dance,Drums,2019
Xpresselevator2hell,DJ Vagas,Electronic / Dance,Drums,1997
Bad Load,Veak,Electronic / Dance,Drums,2019
K.O.,Simply Dread,Electronic / Dance,Drums,2021
Youthman in the Ghetto,Duburban,Electronic / Dance,Drums,2018
Bam Bam,Duburban,Electronic / Dance,Drums,2018
Love Letter,Polaris (Psy),Electronic / Dance,Drums,2021
Euphoria,DJ Nest,Electronic / Dance,Drums,2020
Butcher Shop,Duburban,Electronic / Dance,Drums,2018
Heavyweight Slice,Conrad Subs,Electronic / Dance,Drums,2020
Tear Up the Place,Stitch (Jungle),Electronic / Dance,Drums,2020
E.F.F.E.C.T,Duburban,Electronic / Dance,Drums,2020
Asgard,Shayper,Electronic / Dance,Drums,2020
We Got the Love,Red Ant,Electronic / Dance,Drums,1993
Reality,Tomba (2),Electronic / Dance,Drums,1994
Bobby!,F.X.,Electronic / Dance,Drums,2017
Untitled (A1),Tomba (2),Electronic / Dance,Drums,1994
Kill Me,F.X.,Electronic / Dance,Drums,2013
The Devil's Work,F.X.,Electronic / Dance,Drums,2013
Father Merrin,F.X.,Electronic / Dance,Drums,2015
Cuttin Jus Fine,Tomba (2),Electronic / Dance,Drums,1994
Driller Killer,F.X.,Electronic / Dance,Drums,2015
Marked,F.X.,Electronic / Dance,Drums,2017
Same Fucking Shit,EQUAL2,Electronic / Dance,Drums,2022
Time,EQUAL2,Electronic / Dance,Drums,2022
Bust Like,EQUAL2,Electronic / Dance,Drums,2022
Treatpop,Loveaddictspropylhexedrineoverdose,Electronic / Dance,Multiple Elements,2019
Unreal 2001,DJ Hoffman,Electronic / Dance,Drums,2001
Artificial Memories,Kloke,Electronic / Dance,Drums,2018
Early Reflections,Law (Drum and Bass),Electronic / Dance,Drums,2020
UK74R1825050,Aleksi Perälä,Electronic / Dance,Drums,2018
Dark Territory,Equinox,Electronic / Dance,Drums,2020
Hyperstition,Fiesta Soundsystem,Electronic / Dance,Drums,2020
Trojan,Equinox,Electronic / Dance,Drums,2020
Haunted Mind,Nebula,Electronic / Dance,Drums,2019
Breaker,DJ CYBERCRUNK,Electronic / Dance,Drums,2020
Drifting Through,Lavery,Electronic / Dance,Drums,2020
The Feeling,Boykz & Chapman,Electronic / Dance,Drums,2020
Mystery Flute Business,Law (Drum and Bass),Electronic / Dance,Drums,2020
Levitate VIP,Earl Grey (Solo Drum and Bass),Electronic / Dance,Drums,2020
Frontline,Setwon,Electronic / Dance,Drums,2020
You Wanted It All,Msymiakos,Electronic / Dance,Drums,2020
The Rinsing Don,Innercore,Electronic / Dance,Drums,2020
All I Do,T>I,Electronic / Dance,Drums,2017
On My Mind VIP,DJ Stretch,Electronic / Dance,Drums,2016
Junglist Days,S.Kid,Electronic / Dance,Drums,2017
Must Re5pect,Riffz,Electronic / Dance,Drums,2015
Surfin,Riffz,Electronic / Dance,Drums,2015
Dreamer '95,S.Kid,Electronic / Dance,Drums,2017
B2BW (Skuffa's Coldfire Remix),Buzz Fuzz,Electronic / Dance,Drums,2016
Emergency Protocols,eDUB,Electronic / Dance,Drums,2021
Track A1 (MILITANT001),Unknown Artist (Militant),Electronic / Dance,Drums,2020
The Kill,Dub-Liner,Electronic / Dance,Drums,2020
Skat,SR (Drum and Bass),Electronic / Dance,Drums,2020
The Way It Goes Down,Msymiakos,Electronic / Dance,Drums,2014
Oldskool Flavours,Msymiakos,Electronic / Dance,Drums,2020
Timestretcha,Msymiakos,Electronic / Dance,Drums,2015
Final Conflict,DJ Massive,Electronic / Dance,Drums,1995
2093,Qant,Electronic / Dance,Drums,2020
1995,Blade (Drum & Bass),Electronic / Dance,Drums,2020
London Town,Nickynutz,Electronic / Dance,Drums,2020
Dreamer,Inqoherent,Electronic / Dance,Drums,2022
The Truth,Vein (Kirill Ivanov),Electronic / Dance,Drums,2022
DEATH AND ROMANCE,Blue Marker Bandit,Electronic / Dance,Drums,2022
Tomato Pasta Think,CDR,Electronic / Dance,Drums,2022
Your Ghost,Soul Intent (Drum N Bass),Electronic / Dance,Drums,2021
No Racial War,Dub-Liner,Electronic / Dance,Drums,2020
Jazgul,The Jaffa Kid,Electronic / Dance,Drums,2020
Flava,Shimon,Electronic / Dance,Drums,2020
Big Jebus Crass Tan,Shit and Cheap,Electronic / Dance,Drums,2020
Nebula,Nagazaki,Electronic / Dance,Drums,2022
Bad Blood,Alexander Head,Electronic / Dance,Drums,2022
Between the Sides,Vein (Kirill Ivanov),Electronic / Dance,Drums,2022
Badman Nuh Test,Lavery,Electronic / Dance,Drums,2017
Funky Flute,Lavery,Electronic / Dance,Drums,2017
Affairs,Lavery,Electronic / Dance,Drums,2016
Cali Aurora,Rufkraft,Electronic / Dance,Drums,2020
Bitches & Money,DJ Gizmo,Electronic / Dance,Drums,1994
What Is This Feeling,RAWINTHEVOID,Electronic / Dance,Drums,2021
Verpiss' Dich (Ich Vermiss' Dich Mix),Tic Tac Toe,Electronic / Dance,Drums,1996
Getting to Know Your Shadow,Dark Union,Electronic / Dance,Drums,2023
Dimension,The Spice,Electronic / Dance,Drums,1995
Deep Sub,Soundcraft,Electronic / Dance,Drums,1995
Dance With Me,DJ Hood,Electronic / Dance,Drums,1995
Lost It,DJ Fade,Electronic / Dance,Drums,1995
Highland Fling,DJ Hood,Electronic / Dance,Drums,1995
Eeyah Eeyah,Azrael,Electronic / Dance,Drums,2009
Dis Dancehall Ting Is Better Than That T.V. Ting Tony,Shitmat,Electronic / Dance,Drums,2004
Degustator Gunwa,The Mr R,Electronic / Dance,Drums,2015
Sandman,The Mr R,Electronic / Dance,Drums,2012
Kto Słucha Reggae Ten Rucha Kolegę (Odc. 2),The Mr R,Electronic / Dance,Drums,2012
Dancing Through the Night,Force & Styles,Electronic / Dance,Drums,1996
Easymen,Easy D,Electronic / Dance,Drums,1995
What You Gonna Do for Me,Stitch (Jungle),Electronic / Dance,Drums,2020
Above Me,Stitch (Jungle),Electronic / Dance,Drums,2020
Feel Me,Stitch (Jungle),Electronic / Dance,Drums,2020
Rise Up,Evade,Electronic / Dance,Drums,2013
99 Dub,DJ Slinke,Electronic / Dance,Drums,2019
Treatpop (Get Small Girl),Vivian Eats,Electronic / Dance,Multiple Elements,2019
Rungleclotted Dancehall Bizznizz,DJ Sailor Moon,Electronic / Dance,Drums,2015
Junkle,DJ Sailor Moon,Electronic / Dance,Drums,2015
Heavy Weed,DJ Sailor Moon,Electronic / Dance,Drums,2015
Sad World Rave,DJ Sailor Moon,Electronic / Dance,Drums,2015
Tribal Connections,DJ Crazee M,Electronic / Dance,Drums,1993
Go Krazy,Weslo,Electronic / Dance,Drums,2020
PEWPEWPEW G6 XPANSION PAK BOOTLEG 2020,RAWRDCORE,Electronic / Dance,Drums,2020
GLOMP THIS!,RAWRDCORE,Electronic / Dance,Drums,2020
Flight of Fancy (Project 8),Luna-C,Electronic / Dance,Drums,2001
The Hustle,Chaotic Hostility,Electronic / Dance,Drums,2019
Rock One Time,DJ Roy,Electronic / Dance,Drums,1997
The Labyrinth,DJ Roy,Electronic / Dance,Drums,1997
Amen,Killahman Machine,Electronic / Dance,Drums,2003
Tell Dem Inna Da Babylon,LoQtus,Electronic / Dance,Drums,2005
Sukmyterd,Passenger of Shit,Electronic / Dance,Drums,2022
KFKFKFKFKFKF,Passenger of Shit,Electronic / Dance,Drums,2022
The Amen Tune,CDR,Electronic / Dance,Drums,2016
Lock Up,DJ Ruffkutt,Electronic / Dance,Drums,2019
Resilience,The Empire (Hardcore),Electronic / Dance,Drums,2021
Revolving Dead,Cheryl Stelli,Electronic / Dance,Drums,2020
Dark Dub (FFF Remix),Coco Bryce,Electronic / Dance,Drums,2016
The Pain,Punnik,Electronic / Dance,Drums,2020
Experiment,DJ Nest,Electronic / Dance,Drums,2020
Real Ganjaman,Duburban,Electronic / Dance,Drums,2018
Missing the 90's,Msymiakos,Electronic / Dance,Drums,2019
Lord Have Mercy,Demented Frequency,Electronic / Dance,Drums,2020
Pissin on All Ya,Passenger of Shit,Electronic / Dance,Drums,2015
Shit in Ya Bloody Prolapsed Anus Cavern (Remix),Passenger of Shit,Electronic / Dance,Drums,2016
Chunks of Dung,Passenger of Shit,Electronic / Dance,Drums,2015
Snort Your Rectal Fumes,Passenger of Shit,Electronic / Dance,Drums,2012
Play It Alone,RJ (Jungle Producer),Electronic / Dance,Drums,1994
Lilith,Quizzow,Electronic / Dance,Drums,2020
Eat My Fucking Arse Meat Right Now!,Passenger of Shit,Electronic / Dance,Drums,2007
Blast the Scrub,Hazo Terror Squadron,Electronic / Dance,Drums,2002
Phawar Rmx,Passenger of Shit,Electronic / Dance,Drums,2002
Clowncore Shit Funk,Passenger of Shit,Electronic / Dance,Drums,2020
Terd Molested by Worm Penis,Passenger of Shit,Electronic / Dance,Drums,2007
Exploding Cock Torture Vomit Cunt (Remix),Passenger of Shit,Electronic / Dance,Drums,2016
Lord of the Worms,Passenger of Shit,Electronic / Dance,Drums,2020
Vomits Ethereal,Passenger of Shit,Electronic / Dance,Drums,2020
The Sound,Dub-Liner,Electronic / Dance,Drums,2020
You Don't Know Me,Red Ant,Electronic / Dance,Drums,1993
One,Blade (Drum & Bass),Electronic / Dance,Drums,2020
Hardcore,Dub-Liner,Electronic / Dance,Drums,2020
I Revolve Around Science,Medit8,Electronic / Dance,Drums,2020
Test 1,Freegroove,Electronic / Dance,Drums,2020
Ass Puncturing Colonic Molestation,Passenger of Shit,Electronic / Dance,Drums,2010
Another Chance to Crush Ya Fuckin Skull,Shitting Whore,Electronic / Dance,Drums,2010
Ferric,Wardown,Electronic / Dance,Drums,2020
Pulze,Tusken Raiders,Electronic / Dance,Drums,2020
Bantha Dreams,Tusken Raiders,Electronic / Dance,Drums,2020
Empty Promises,Hallucinator,Electronic / Dance,Drums,2020
Intensity,ASC,Electronic / Dance,Drums,2020
Globex Corp Vol. 3 B1,Dwarde,Electronic / Dance,Drums,2017
Globex Corp Vol. 8 A2,Dwarde,Electronic / Dance,Drums,2019
Chipunkore,Passenger of Shit,Electronic / Dance,Drums,2015
Bloated Penis,Passenger of Shit,Electronic / Dance,Drums,2015
Yourspleenismine (Rmx),Passenger of Shit,Electronic / Dance,Drums,2015
Mr Fuckside,God Mode Shitposter,Electronic / Dance,Drums,2021
The Future Was Here,Msymiakos,Electronic / Dance,Drums,2014
Run Come,DJ Massive,Electronic / Dance,Drums,1995
Freestyle,DJ Massive,Electronic / Dance,Drums,1993
Vomit Retard Sperm RMX,Hitlerbuttsecks,Electronic / Dance,Drums,2010
Junglist Massives,MC Det,Electronic / Dance,Drums,2020
Transgressive Bells,Qant,Electronic / Dance,Drums,2020
Stupid Fucking Babylon Wanking (RIP DJ Sailor Moon),･ﾟ✧(=✪ ᆺ ✪=) - ･ﾟ✧,Electronic / Dance,Drums,2022
Make It Real,Tim Reaper,Electronic / Dance,Drums,2020
I.Y.L.M.,Gold Soundz,Electronic / Dance,Drums,2020
It's Gonna Get Rough,Nickynutz,Electronic / Dance,Drums,2020
Krunch's Mission,Riffz,Electronic / Dance,Drums,2020
Can You Feel It,Tone Def (UK Hardcore),Electronic / Dance,Drums,2019
Lick It Back,Nickynutz,Electronic / Dance,Drums,2020
UK74R1825010,Aleksi Perälä,Electronic / Dance,Drums,2018
UK74R1825070,Aleksi Perälä,Electronic / Dance,Drums,2018
Drone,DJ Jubilee 1997,Electronic / Dance,Drums,2020
The Unseen,Tim Reaper,Electronic / Dance,Drums,2020
Planet Claire,Appaloosa,Electronic / Dance,Drums,1994
Raining Cum,Kind Timber,Electronic / Dance,Drums,2022
Track a (UNCULT001),Unknown Artist (Uncultured),Electronic / Dance,Drums,2020
Hot Stepper,S.Kid,Electronic / Dance,Drums,2017
Kusoikore Is Stupid Ringtone,iOS Ringtone Collective,Electronic / Dance,Drums,2022
Really Cool Ringtone,iOS Ringtone Collective,Electronic / Dance,Drums,2022
Gay Men Ringtone,iOS Ringtone Collective,Electronic / Dance,Drums,2022
Nina's Rinse,Armageddon (Breakbeat),Electronic / Dance,Drums,1995
II,Swagmaster24,Electronic / Dance,Drums,2021
River Nijer (Nookie Remix),Gappa G & Hyper Hypa,Electronic / Dance,Drums,1994
We Go,Gappa G & Hyper Hypa,Electronic / Dance,Drums,1994
Doubtful Being,Riffz,Electronic / Dance,Drums,2020
Untitled (B1),Skanna,Electronic / Dance,Drums,1993
All Charged Up,Gappa G & Hyper Hypa,Electronic / Dance,Drums,1993
netWEB,Loli High on Weed,Electronic / Dance,Drums,2022
Ravers Not Dead (Let's Go!),The Mr R,Electronic / Dance,Drums,2012
In to Sound (Mix 1),Chatter B,Electronic / Dance,Drums,1995
Funky Jungle,DAMC,Electronic / Dance,Drums,1995
Play It Loud,DAMC,Electronic / Dance,Drums,1995
Outside World,Supreme,Electronic / Dance,Drums,1996
Lock Up,The Ragga Twins,Electronic / Dance,Multiple Elements,1992
ICTHRU (Surveillance Capitalism),Shit and Cheap,Electronic / Dance,Drums,2020
First Charge,Shimon,Electronic / Dance,Drums,2020
To Suit the People,The Dream Team,Electronic / Dance,Drums,1995
Ante Up That Should Not Be Stylee,Maladroit,Electronic / Dance,Drums,2009
Cephelia My Cephlapod,Maladroit,Electronic / Dance,Drums,2009
Cathari vs the Black Iron Prison,Maladroit,Electronic / Dance,Drums,2009
Jimmy (Lavery's 93 Remix),Missing,Electronic / Dance,Drums,2020
Can't Stay Away,Prizna,Electronic / Dance,Drums,1995
The Bassline Tune,Natural Forces,Electronic / Dance,Drums,1995
See With My Eyes,Biostacis,Electronic / Dance,Drums,2015
DRENCHING IN THE 90'S,Watering,Electronic / Dance,Drums,2022
I'll Meet You There,Dot DuPont,Electronic / Dance,Drums,2020
Strange,Amen Andrews,Electronic / Dance,Drums,2020
New Bust,Amen Andrews,Electronic / Dance,Drums,2020
Seventh Sense,MC MC (Drum & Bass),Electronic / Dance,Drums,1995
We're in Heaven,DJ Hood,Electronic / Dance,Drums,1995
Noochoon,Obookubo,Electronic / Dance,Drums,2005
Tight Up Skirt,Craveone,Electronic / Dance,Drums,2005
Promises,DJ Fade,Electronic / Dance,Drums,1995
Tear the Roof Off Da Mutha,The Boys From the Bottom,Hip-Hop / Rap / R&B,Multiple Elements,1992
"ブート (Larsht_'s ""ブートX"" Remix)",Larsht_,Electronic / Dance,Drums,2021
The DEMONS,RQ,Electronic / Dance,Sound Effect / Other,2013
Party Rocker,Azrael,Electronic / Dance,Drums,2009
Maciej Theme,MCJtheMCJ,Electronic / Dance,Drums,2016
Mashcorezunyan \​(​^​-​^​)​/,Loli High on Weed,Electronic / Dance,Drums,2022
Renegade Vibe,DJ Sailor Moon,Electronic / Dance,Drums,2015
The Light (Destiny Mix),DJ Crazee M,Electronic / Dance,Drums,1993
Broken Box,Djipe,Electronic / Dance,Drums,2021
Requesting Backup,Djipe,Electronic / Dance,Drums,2021
Xxxpeetacion,Larsht_,Electronic / Dance,Drums,2022
Unaltered,Djipe,Electronic / Dance,Drums,2021
Maze of Machinery,Djipe,Electronic / Dance,Drums,2021
Bring 'Em Hardcore!,Kirlian,Electronic / Dance,Drums,2021
Your Light,Hellsystem,Electronic / Dance,Drums,2021
The First,Hellsystem,Electronic / Dance,Drums,2021
Codex Indica,Rumbleton,Electronic / Dance,Drums,2019
Explicit Lyrics,Missing,Electronic / Dance,Drums,1995
This Is False Reizokocore,･ﾟ✧​(​=​✪ ᆺ ✪​=​) - ･ﾟ✧,Electronic / Dance,Drums,2022
All I Ask,THM,Electronic / Dance,Drums,2018
Going Back in Time to a 90s Rave So I Can Stand in the Corner and Want to Go...,･ﾟ✧(=✪ ᆺ ✪=) - ･ﾟ✧,Electronic / Dance,Drums,2022
Raw 94,Jumanji,Electronic / Dance,Drums,2019
Pussy Spread Like the Rainbow,Passenger of Shit,Electronic / Dance,Drums,2012
Bust This,DJ Roy,Electronic / Dance,Drums,1997
Lighta!,Killahman Machine,Electronic / Dance,Drums,2003
Shit Sucking Ass Slaughter,Passenger of Shit,Electronic / Dance,Drums,2007
The Piped Piper of Plaistow,Lavery,Electronic / Dance,Drums,2021
Helix Nebula,Tjade,Electronic / Dance,Drums,2020
First Light,Duburban,Electronic / Dance,Drums,2021
People of Paradise,DJ Infinity & the Basics,Electronic / Dance,Drums,1994
Return to Paradise,DJ Infinity & the Basics,Electronic / Dance,Drums,1994
The Touch (Part 2),Origin Unknown,Electronic / Dance,Drums,1993
Chords From the Past,Msymiakos,Electronic / Dance,Drums,2019
Killing Jungle Sound,Evade,Electronic / Dance,Drums,2013
Pump Up the Volume Genocide,DJ Sailor Moon,Electronic / Dance,Drums,2015
Retarded DJ Mash Up the Place!,DJ Sailor Moon,Electronic / Dance,Drums,2015
On Psychedelics,DJ Sailor Moon,Electronic / Dance,Drums,2015
Uplifting Bombaclaad,DJ Sailor Moon,Electronic / Dance,Drums,2015
Evil Forces,Blade (Drum & Bass),Electronic / Dance,Drums,2020
Law of Attraction,Innercore,Electronic / Dance,Drums,2020
Sunshine,BC Rydah,Electronic / Dance,Drums,2020
Babylon,Aeon Four,Electronic / Dance,Drums,2020
Dystopic,Tusken Raiders,Electronic / Dance,Drums,2020
Present Arms,Specialist X,Electronic / Dance,Drums,2020
No Survivors,Alpha Omega,Electronic / Dance,Drums,2020
Sea Dweller,Tusken Raiders,Electronic / Dance,Drums,2020
Globex Corp DJ Tools A2,Dwarde,Electronic / Dance,Drums,2020
Globex Corp Vol. 5 A1,Dwarde,Electronic / Dance,Drums,2018
Gemini Drome,Phineus II,Electronic / Dance,Drums,2020
Globex Corp Vol. 7 B2,Tim Reaper,Electronic / Dance,Drums,2018
Globex Corp Vol. 5 B2,Tim Reaper,Electronic / Dance,Drums,2018
Enough,Tripped,Electronic / Dance,Drums,2021
I'm Drowning,Red Ant,Electronic / Dance,Drums,1993
Katakataboom,Ender,Electronic / Dance,Drums,2021
Leap of Faith,Qant,Electronic / Dance,Drums,2020
Get Under,DJ Rap,Electronic / Dance,Multiple Elements,1994
Bad People,Rob's Project,Electronic / Dance,Drums,1996
No Out of Here...,Cybernators,Electronic / Dance,Drums,1996
Fading,Blade (Drum & Bass),Electronic / Dance,Drums,2020
N64,Riffz,Electronic / Dance,Drums,2020
U 92,Newkiller,Electronic / Dance,Drums,2020
In 'A Soul,Sonar's Ghost,Electronic / Dance,Drums,2020
Inglis,Dub One,Electronic / Dance,Drums,2018
15000 Micrograms,Doormouse,Electronic / Dance,Drums,2021
Rhythmic Damage,Mani Festo,Electronic / Dance,Drums,2020
Your Destiny,DJ Crystl,Electronic / Dance,Drums,1994
Squeeze Trigger,Dub-Liner,Electronic / Dance,Drums,2020
Diss Me,Omen Breaks,Electronic / Dance,Drums,2020
The Feeling,Manix,Electronic / Dance,Drums,2020
Dogtown,T-Cuts,Electronic / Dance,Drums,2020
Dominator (DJ Yves R'Mix),Human Resource,Electronic / Dance,Drums,1996
Stairfoot Lane Bunker,Special Request,Electronic / Dance,Drums,2017
Everybody Say,Riffz,Electronic / Dance,Drums,2019
Machines,Scorpio (Jungle),Electronic / Dance,Drums,1995
Cloud Thirty,Kjell,Electronic / Dance,Drums,2008
Step Up DJ !!,Jammin,Electronic / Dance,Drums,1995
Jah Fucking Jungle,Sum,Electronic / Dance,Drums,2020
Mashup Cancer,Sumone,Electronic / Dance,Drums,2005
Den Nah Clash,Jahba,Electronic / Dance,Drums,2004
Don't Waste Your Time,Skorpus Ravers,Electronic / Dance,Drums,1995
Roach Is Burning,Gappa G & Hyper Hypa,Electronic / Dance,Drums,1994
Perfect Picture,Donnie Murdo,Electronic / Dance,Drums,2020
N.R.G.,DJ Hood,Electronic / Dance,Drums,1995
Lupine Sixty Nine,Azrael,Electronic / Dance,Drums,2008
Ghosts,MCJtheMCJ,Electronic / Dance,Drums,2016
Signal,Nino Brown (Drum and Bass),Electronic / Dance,Drums,1996
Here Come the Brain,Million Dollar Brain,Electronic / Dance,Drums,1993
Elysian Fields,Special Request,Electronic / Dance,Drums,2019
Straight Off the Block,Special Request,Electronic / Dance,Drums,2019
In My Soul,Internal Affairs,Electronic / Dance,Drums,1993
Dreamers,Cold Mission,Electronic / Dance,Drums,1994
Infernal Realm,Vein (Kirill Ivanov),Electronic / Dance,Drums,2021
Side a (ILL 005),Ill Behaviour,Electronic / Dance,Drums,2020
Badboy Bloodclaat,Lavery,Electronic / Dance,Drums,2018
Side B (ILL 005),Ill Behaviour,Electronic / Dance,Drums,2020
Final Sound (Bonus Beat),Drama1,Electronic / Dance,Drums,2020
Titan,Mani Festo,Electronic / Dance,Drums,2020
Natural,Phaze 1,Electronic / Dance,Drums,1995
Morning Time,Madcap,Electronic / Dance,Drums,2020
Beat the System,SUBVERSIV,Electronic / Dance,Drums,2020
WW2K22,Larsht_,Electronic / Dance,Drums,2022
Track B (UNCULT001),Unknown Artist (Uncultured),Electronic / Dance,Drums,2020
Faggot Joe,DJ Sailor Moon,Electronic / Dance,Drums,2014
Interference,Doin,Electronic / Dance,Drums,2019
Revolution,Dub Culture,Electronic / Dance,Drums,1995
In a Trance From Ejaculating,wUB.Man69,Electronic / Dance,Drums,2022
Breath of the Eve,NCQL,Electronic / Dance,Drums,2013
Gotta Get Down,DJ Poosie,Electronic / Dance,Drums,1996
B-wick 2k,Farquaad,Electronic / Dance,Drums,2019
B1 (7TH 12028),Tim Reaper,Electronic / Dance,Drums,2019
Junkie,Fraughman,Electronic / Dance,Drums,2003
I Don't Belong in This World,Fraughman,Electronic / Dance,Drums,2021
Dubplate Skankin,FFF,Electronic / Dance,Drums,2018
Our Soul,The Timespan,Electronic / Dance,Drums,1995
Rising Run (Latidoze & Ambrose's Descending Moon Mix),Arck,Electronic / Dance,Drums,2020
Drum & Bossa (Ray Keith Remix),Landslide,Electronic / Dance,Drums,2021
CALL ME RAY,Blue Marker Bandit,Electronic / Dance,Drums,2022
Gwarn Amen,Dub One,Electronic / Dance,Drums,2006
Poomiga,Passenger of Shit,Electronic / Dance,Drums,2022
Compostshit,Passenger of Shit,Electronic / Dance,Drums,2022
X-Lover (Ashtrayhead Mix),Sheep on Drugs,Electronic / Dance,Drums,1997
Golden Eye,Raito,Electronic / Dance,Drums,2016
Hurricane,Cheryl Stelli,Electronic / Dance,Drums,2020
Sanctuary,Fushara,Electronic / Dance,Drums,2019
Altered States,Fushara,Electronic / Dance,Drums,2019
Comedic Amen Break Moment,テレビヘッド,Electronic / Dance,Drums,2020
Emotional Wreckage,Inqoherent,Electronic / Dance,Drums,2022
Hypno Therapy,Inqoherent,Electronic / Dance,Drums,2022
Conflict 05,DJ Outblast,Electronic / Dance,Drums,2005
Killing Time (Vein Remix),Frenesys,Electronic / Dance,Drums,2022
Disobey,D-Srupt,Electronic / Dance,Drums,2022
Open Your Eyes,Vein (Kirill Ivanov),Electronic / Dance,Drums,2022
The Phone Never Rings for Good News,Thugwidow,Electronic / Dance,Drums,2019
Maya Warfare,Shiken Hanzo,Electronic / Dance,Drums,2019
Greed,Kamikaze (Hardcore),Electronic / Dance,Drums,2022
Dressback,FFF (2),Electronic / Dance,Drums,2016
Khanage,Subjects,Electronic / Dance,Drums,2020
Strong Like a Lion,Parasite,Electronic / Dance,Drums,2004
Blue Fields,Acid Lab,Electronic / Dance,Drums,2019
Nobody on My Line Pt. 1 / I'll Take Bling / Nobody on My Line Pt. 2,DJ Noah Baker,Electronic / Dance,Drums,2022
Tornado,Junglord,Electronic / Dance,Drums,2017
Praises,Dub & Wheel,Electronic / Dance,Drums,2018
Don Da Da,Junglord,Electronic / Dance,Drums,2015
Subsonic New World Order,Sick Cycle,Electronic / Dance,Drums,2015
Mind Body & Soul,Mystical,Electronic / Dance,Drums,1993
Natural World,Mystical,Electronic / Dance,Drums,1993
Untitled,Stooge,Electronic / Dance,Drums,1993
What We Started Will Not End (Drum & Hasj Remix),Drokz,Electronic / Dance,Drums,2006
BREAK PEPSI ENJOY YOURCORE,God Mode Shitposter,Electronic / Dance,Drums,2021
Induce Trance,Keng,Electronic / Dance,Drums,1994
Ripper,DJ Fallout,Electronic / Dance,Drums,1994
Science Man,Mizra,Electronic / Dance,Drums,1995
Sax 'N' Ting (Mix 1),Ruf Intelligence,Electronic / Dance,Drums,1995
Jungle-ism (VIP),Stivs,Electronic / Dance,Drums,2012
C'mon and Touch Me,Rave Religion,Electronic / Dance,Drums,1995
Party Pumper,DJ Brisk,Electronic / Dance,Drums,1995
Get Wise to This,New Frontier (Electronic Act),Electronic / Dance,Drums,1996
You Hear That Liberals​?​? I Lovw Subway,DJ Aphexsnares,Electronic / Dance,Drums,2022
Aroha,Worldwide Epidemic,Electronic / Dance,Drums,2017
Troubleshoot (Militia Rmx),Resonant Evil,Electronic / Dance,Drums,2004
Let's Get Together (Radio Mix),T.N.T.,Electronic / Dance,Drums,1995
Flower of Pain,Resonant Evil,Electronic / Dance,Drums,2005
Tiger Feeling,Silent Force (Drum and Bass),Electronic / Dance,Drums,2015
D.P.S.,Coco Bryce,Electronic / Dance,Drums,2016
Seckle,Eusebeia,Electronic / Dance,Drums,2020
Respect,Eusebeia,Electronic / Dance,Drums,2020
Nob Licking,Passenger of Shit,Electronic / Dance,Drums,2012
KD4,Splitch,Electronic / Dance,Drums,2020
Monoxide,Etch,Electronic / Dance,Drums,2020
Champagne & Asparagus,Gold Dubs,Electronic / Dance,Drums,2020
Runaway,Ripclaw,Electronic / Dance,Drums,2005
Reckless,Sumone,Electronic / Dance,Drums,2004
Dub Education,Illicit (Jungle),Electronic / Dance,Drums,2005
Precious,ElectroRedux,Electronic / Dance,Drums,2011
Drill Ya Brain,Passenger of Shit,Hip-Hop / Rap / R&B,Drums,2019
Eating Cunt,Passenger of Shit,Electronic / Dance,Drums,2001
Vomit Up Your Ass,Passenger of Shit,Electronic / Dance,Drums,2001
Ça Va Pas Non !,MC Rich,Hip-Hop / Rap / R&B,Drums,1990
Untitled,Msymiakos,Electronic / Dance,Drums,2019
More Than Anything,Your Favorite Neighbor,Electronic / Dance,Drums,2019
Kto Słucha Reggae Ten Rucha Kolegę (Odc. 1),The Mr R,Electronic / Dance,Drums,2012
No More Games,Your Favorite Neighbor,Electronic / Dance,Drums,2020
Final Conflict ('93 Dubplate Mix),Tango,Electronic / Dance,Drums,2017
Centurion,The Dexorcist,Electronic / Dance,Drums,2020
Isn't It Powerful?,Noyeahno,Electronic / Dance,Drums,2005
Here to Stay,Midlife Crisis,Electronic / Dance,Drums,2020
Crush,Enjoy (Drum & Bass),Electronic / Dance,Drums,2020
The Path,Gridzone,Electronic / Dance,Drums,2020
Groovy Movie,Blade (Drum & Bass),Electronic / Dance,Drums,2020
Same Old Ting,Sonar's Ghost,Electronic / Dance,Drums,2020
Lower,Amen Andrews,Electronic / Dance,Drums,2020
Sirius,Amen Andrews,Electronic / Dance,Drums,2020
Viva El Party,Sickboy,Electronic / Dance,Drums,2004
Bad Acid,D4,Electronic / Dance,Drums,1995
Bayakugan,EbanX,Electronic / Dance,Drums,2020
Lamento,BAZOFIA,Electronic / Dance,Drums,2020
Shave the Whales,Tripped,Electronic / Dance,Drums,2022
Ride Snoop,Wetman,Electronic / Dance,Drums,2020
For You,Vaenus,Electronic / Dance,Drums,2012
Protection (Emc Remix),DannyLO,Electronic / Dance,Drums,2012
27Hr Day,DJ Please,Electronic / Dance,Drums,2020
Acid Rain (Original '96 Mix),Equinox,Electronic / Dance,Drums,2004
Inside,Private Caller,Electronic / Dance,Drums,2020
Harmonies,Lavery,Electronic / Dance,Drums,2020
Conquer,Double O,Electronic / Dance,Drums,2020
Infinite Bass,Thugwidow,Electronic / Dance,Drums,2020
Void Release,Thugwidow,Electronic / Dance,Drums,2020
Alpha,MsDos,Electronic / Dance,Drums,2019
Feel,Guyver (Drum and Bass),Electronic / Dance,Drums,1995
Cats in the Dance,Tommy the Cat,Electronic / Dance,Drums,2019
Don't Tell Nobody,Riffz,Electronic / Dance,Drums,2015
Return of the Apprentice,Third Rail,Electronic / Dance,Drums,2005
Cold Fusion,Future Forces Inc.,Electronic / Dance,Drums,1996
Symetrix,Future Forces Inc.,Electronic / Dance,Drums,1996
Jesus Is Dead (Bryan New Mix),The Mad Capsule Markets,Electronic / Dance,Drums,1996
Heart of Darkness,Overlook,Electronic / Dance,Drums,2021
Dance Rabbit,Fend!-K,Electronic / Dance,Drums,2021
I'm a Killa,M1dlet,Electronic / Dance,Drums,2018
The Driver,Rhymeside (Drum and Bass),Electronic / Dance,Drums,1995
Need Your Love,Soul Intent (Drum N Bass),Electronic / Dance,Drums,2021
Black Pigment of My Heart,Maladroit,Electronic / Dance,Drums,2001
Ghosts of Marseille,Maladroit,Electronic / Dance,Drums,2009
Feeling Good (VIP Mix),Sureshock,Electronic / Dance,Drums,2012
Modify,Fushara,Electronic / Dance,Drums,2019
Nuisance 4,Stazma the Junglechrist,Electronic / Dance,Drums,2013
The Blue Shit,Bubba Ho Tek,Electronic / Dance,Drums,2013
Grave Diggah,Bubba Ho Tek,Electronic / Dance,Drums,2013
Stomper,Stranjah,Electronic / Dance,Drums,2011
Marley's Rush (Absolutely Wicked Mix),Ramos Supreme & Sunset Regime,Electronic / Dance,Drums,1994
The Race,Beardy,Electronic / Dance,Drums,2019
Your a Fucking Whore Fake Bitch,Shitting Whore,Electronic / Dance,Drums,2010
I Am Renegade,Ray Keith,Electronic / Dance,Drums,2012
Anal Faust,Shitting Whore,Electronic / Dance,Drums,2015
Fucking Soft Cunts,Kurwastyle Project,Electronic / Dance,Drums,2016
Bite Your Dick,Passenger of Shit,Electronic / Dance,Drums,2001
Dripping Anus,Passenger of Shit,Electronic / Dance,Drums,2012
Rinse It (Amen Mix),John Rolodex,Electronic / Dance,Drums,2003
Panagiotis Cover,Passenger of Shit,Electronic / Dance,Drums,2007
Dum9,Passenger of Shit,Electronic / Dance,Drums,2002
Trendy Core #16,Passenger of Shit,Electronic / Dance,Drums,2007
Cant Nobody Fuck With Me,Passenger of Shit,Electronic / Dance,Drums,2012
Leaking Septic Semen Out My Donga,Passenger of Shit,Electronic / Dance,Drums,2012
Exposed Entrails Marinated With Cock Snot,Passenger of Shit,Electronic / Dance,Drums,2015
Blast Dung Up Ya Vaginal Abyss,Passenger of Shit,Electronic / Dance,Drums,2012
Stay the Same (Deathface Remix),AutoKratz,Electronic / Dance,Drums,2009
Mycelium,U-I,Electronic / Dance,Drums,2020
Babylon Noise,Amen Weed,Electronic / Dance,Drums,2014
Destructo Rocks the House,Furries in a Blender,Electronic / Dance,Drums,2009
Bank Smasha,Smiley Maxx,Electronic / Dance,Drums,2013
Homage to the Golden Era,Kid Lib,Electronic / Dance,Drums,2012
Streetkids,Charly Lownoise,Electronic / Dance,Drums,1996
Sweat and Speed,Smith Comma John,Electronic / Dance,Drums,2019
Still a Rebel,Stampede,Electronic / Dance,Drums,2022
Truth Over Falsehood,Fusion,Electronic / Dance,Drums,1995
Bigga Times,Darqwan,Electronic / Dance,Drums,2006
1 4 Pete,Peter Darker,Electronic / Dance,Drums,2017
The Orchid,Gremlinz,Electronic / Dance,Drums,2015
Stepping Stones,Redshift,Electronic / Dance,Drums,2018
The Caution,Threshold (2),Electronic / Dance,Drums,2021
Concerto No. 16 THE TOWER,DJ Clonepa,Electronic / Dance,Drums,2009
Talking to Gods,Invisible Landscape,Electronic / Dance,Drums,2013
Listening to Weezer for a Month Straight Then Wanting to Vomit if I Hear A...,･ﾟ✧(=✪ ᆺ ✪=) - ･ﾟ✧,Electronic / Dance,Drums,2022
Run From the Feeling,SPL,Electronic / Dance,Drums,2009
Annexed,Gremlinz,Electronic / Dance,Drums,2007
Gadget Heads,Skalator,Electronic / Dance,Drums,2015
Shattered,Gremlinz,Electronic / Dance,Drums,2006
The Thorn,Gremlinz,Electronic / Dance,Drums,2006
Slith,N.phect,Electronic / Dance,Drums,2006
Out in the Streets VIP,Africa HiTech,Electronic / Dance,Multiple Elements,2011
Dancehall Music,DJ Isaac,Electronic / Dance,Drums,1995
Mystery,Command Strange,Electronic / Dance,Drums,2021
Get My Loving,DJ Kingsize,Electronic / Dance,Drums,2021
Alliance Technics,DJ Daddy K,Hip-Hop / Rap / R&B,Multiple Elements,1996
Teebee,Connection,Electronic / Dance,Drums,1993
Dreams,Lavery,Electronic / Dance,Drums,2018
Jah Know,Eusebeia,Electronic / Dance,Drums,2020
The Cathedral (Spatial Throwback Dub),Munstac,Electronic / Dance,Drums,2016
One O Three . Nine,Sickboy,Electronic / Dance,Multiple Elements,2004
Wikkider General,Illicit (Jungle),Electronic / Dance,Drums,2005
Inaalay,Nino Alejandro,Rock / Pop,Drums,2000
Jacksonville Beach,Departure,Electronic / Dance,Drums,2022
Let Me Do My Thing,DJ Morph,Electronic / Dance,Drums,1995
Drifting (Coco Bryce VIP Remix),Alley Cats,Electronic / Dance,Drums,2019
Werk,Sully,Electronic / Dance,Drums,2020
I LOVE COCK 3,Penisland,Electronic / Dance,Drums,2020
Gec 2 Ü (Ventolin​/​Amen Brother Mix),Penisland,Electronic / Dance,Drums,2020
800db Cloud (Penisland​.​exe Download Cover),Penisland,Electronic / Dance,Vocals / Lyrics,2020
Apollo,Deependance,Electronic / Dance,Drums,1995
Badman Killa Sound,Veak,Electronic / Dance,Drums,2019
Come Alive,"Billy ""Daniel"" Bunter",Electronic / Dance,Drums,1995
Illegal,Gridlok,Electronic / Dance,Drums,2009
What Has Become,Phobia,Electronic / Dance,Drums,2008
Pitaaaaaaamen,Izum1,Electronic / Dance,Drums,2022
Ba Da Da,Daydream & Maddy,Electronic / Dance,Drums,1996
Primary Objective,Kryptic Minds & Leon Switch,Electronic / Dance,Drums,2004
The Spinner,Rozz Dyliams,Electronic / Dance,Drums,2016
Supreme Knowledge Provider,Rozz Dyliams,Electronic / Dance,Drums,2015
Blue Power,Kryptic Minds & Leon Switch,Electronic / Dance,Drums,2001
Hold Your Breath,Resonant Evil,Electronic / Dance,Drums,2005
The Bad Colour,Resonant Evil,Electronic / Dance,Drums,2005
Sugarliner,Demolition Squad,Electronic / Dance,Drums,1993
E-Heads Must Die,Johnny Violent,Electronic / Dance,Drums,1996
Raver in a Wheelchair,DJ Sailor Moon,Electronic / Dance,Drums,2013
Our Promised Place,DJ Sailor Moon,Electronic / Dance,Drums,2013
Wrench,Resonant Evil,Electronic / Dance,Drums,2003
Resistance,Resonant Evil,Electronic / Dance,Drums,2003
Seed of Design,Technical Itch,Electronic / Dance,Drums,2014
Protol,Mole the Dipper,Electronic / Dance,Drums,1993
Star Eyes (Dylan's Old School Remix),Cosmo & Dibs,Electronic / Dance,Drums,2009
Moto a Klong Phao 4.7.4,DJ Desobediente,Electronic / Dance,Drums,2020
UK74R1825060,Aleksi Perälä,Electronic / Dance,Drums,2018
Bad Man,Kiljoy,Electronic / Dance,Drums,2018
Sublimate,DJ Freeze (UK Breakbeat Hardcore),Electronic / Dance,Drums,1993
Avalon Dub,Dead Man's Chest,Electronic / Dance,Drums,2017
Lifetime Overdose,Garion Fey,Electronic / Dance,Drums,1996
Just 4,Dead Man's Chest,Electronic / Dance,Drums,2017
Memento Mori,Venator,Electronic / Dance,Drums,2020
Dark World,Slider & Expose,Electronic / Dance,Drums,2019
Enter the Shogun,Tommy the Cat,Electronic / Dance,Drums,2019
RAW,Dub-Liner,Electronic / Dance,Drums,2020
Don't Live in Fear,Exclusion Principle,Electronic / Dance,Drums,2011
Anomaly,ASC,Electronic / Dance,Drums,2020
Kisses,DJ Stretch,Electronic / Dance,Drums,2020
Thru' the Knite,DJ Brisk,Electronic / Dance,Drums,1995
Hysteria,Peter & the Wolf,Electronic / Dance,Drums,1993
Is This Real,Kryptic Minds & Leon Switch,Electronic / Dance,Drums,2004
Gallery,Bluematter,Electronic / Dance,Drums,2019
Jackals,Dr Bastardo,Electronic / Dance,Drums,2011
Your Love,Donnie Murdo,Electronic / Dance,Drums,2020
I Want You Baby,Happy Tunes,Electronic / Dance,Drums,1995
Rhythm Ryder,DJ Fade,Electronic / Dance,Drums,1995
Natty Music,"Simon ""Bassline"" Smith",Electronic / Dance,Drums,1995
Lantern Break,Cheryl Stelli,Electronic / Dance,Drums,2020
Rhythum Meets Bassline,Gappa G & Hyper Hypa,Electronic / Dance,Drums,1993
Tubby's Innovation,Pixl23,Electronic / Dance,Drums,2020
One Zoot a Day (The 2nd Zoot Mix),Kid Lib,Electronic / Dance,Drums,2012
Riotpigs (Militanz),Dr. Mario,Other,Drums,2012
I Will Act Like I Care,Cardopusher,Electronic / Dance,Drums,2007
Resistance 2,Pyongyang Hardcore Resistance,Electronic / Dance,Drums,2010
Encounters,Nebula,Electronic / Dance,Drums,2011
It Would Be,DJ Ham,Electronic / Dance,Drums,1996
Fuckinhardcorepoometalrap,Passenger of Shit,Electronic / Dance,Drums,2022
Hunting Fear,The Clamps,Electronic / Dance,Drums,2021
Drunken DSP,Stazma the Junglechrist,Electronic / Dance,Drums,2013
Fear the Future,Chaos & Julia Set,Electronic / Dance,Drums,1994
Void,Stranjah,Electronic / Dance,Drums,2010
Traitor,Friske,Electronic / Dance,Drums,2011
Victim of This Evil Shit,Passenger of Shit,Electronic / Dance,Drums,2019
Misty,Overlook,Electronic / Dance,Drums,2016
Heading Back to Harlem,Brad Impact,Electronic / Dance,Drums,2015
Dredd Tune,Manaia Toa,Electronic / Dance,Drums,2018
Wonder of Reality,Lavery,Electronic / Dance,Drums,2019
Pipes of Doom,Manaia Toa,Electronic / Dance,Drums,2018
Septic,Passenger of Shit,Hip-Hop / Rap / R&B,Drums,2019
Rip Ya Tits Off,Passenger of Shit,Electronic / Dance,Drums,2001
Dingodickshitlick,Passenger of Shit,Electronic / Dance,Drums,2007
Eat My Dick Vomit,Passenger of Shit,Electronic / Dance,Drums,2004
The Island,DannyLO,Electronic / Dance,Drums,2013
TIM TOADY'S PERL JAM VIP,4lung,Electronic / Dance,Drums,2019
Scratch 'N' Snuff,Futret,Electronic / Dance,Drums,2013
So Fine VIP,Necrotype,Electronic / Dance,Drums,2019
Da' Shinin,Friske,Electronic / Dance,Drums,2006
Rainbows,DJ Nee,Electronic / Dance,Drums,2005
MC GABBER,Blue Marker Bandit,Electronic / Dance,Drums,2022
FLYING HIGH,Blue Marker Bandit,Electronic / Dance,Drums,2022
Run Choon,Dial-m,Electronic / Dance,Drums,2014
The Cycle of Life,Atlantic Ocean,Electronic / Dance,Drums,1997
Jericho,Acid Lab,Electronic / Dance,Drums,2018
Mila in Kiev,Dutch Dream Girls,Electronic / Dance,Drums,2017
Ghosting,Fathom (Jungle),Electronic / Dance,Drums,2016
Donna Summer (Japan) Is My Hero,Toecutter,Electronic / Dance,Drums,2006
Watch the World Die,Holly (Hardcore),Electronic / Dance,Drums,2022
Jamie Let Go,Lord of the D,Electronic / Dance,Drums,2015
Sector X,DJ Ink,Electronic / Dance,Drums,2004
One People,Mask,Electronic / Dance,Drums,1996
Neptune,Leon Switch,Electronic / Dance,Drums,2004
Listen to Me,Peter Pan & the Centiped,Electronic / Dance,Drums,2003
Do Not Respond,Kid Lib,Electronic / Dance,Drums,2019
Mutants (B Key Remix),Kryptic Minds & Leon Switch,Electronic / Dance,Drums,2004
Wasting My Time,Tony Jungle,Electronic / Dance,Drums,2018
Complete Door,Limewax,Electronic / Dance,Drums,2005
Dirty Human,Limewax,Electronic / Dance,Drums,2006
Affect,Asymmetric,Electronic / Dance,Drums,2017
Process,LIMIT,Electronic / Dance,Drums,2019
Raw to the Core,Hyped on Acid,Electronic / Dance,Drums,2019
Fret,Hanahata,Electronic / Dance,Drums,2021
Oh My God It's Weezer,･ﾟ✧(=✪ ᆺ ✪=) - ･ﾟ✧,Electronic / Dance,Drums,2022
Event Horrizon,Fraughman,Electronic / Dance,Drums,2003
Remorse,DJ Ink,Electronic / Dance,Drums,2011
Speed,DJ Ink,Electronic / Dance,Drums,2011
Puddle of Piss,Passenger of Shit,Electronic / Dance,Drums,2012
Dare,Mystical,Electronic / Dance,Drums,1993
Drown My Prick in Dunny Water,Passenger of Shit,Electronic / Dance,Drums,2011
Seventh Day,Jimmy J & Cru-L-T,Electronic / Dance,Drums,1994
Who Is This,Junglistic,Electronic / Dance,Drums,2013
Gr66nd6r,Bubba Ho Tek,Electronic / Dance,Drums,2013
Blindness,Celerium,Electronic / Dance,Drums,2020
Defence Mechanism,Sub Operative,Electronic / Dance,Drums,2011
Checkerboards,Threshold (2),Electronic / Dance,Drums,2011
Out of This World,Infest,Electronic / Dance,Drums,2011
Year of the Minotaur,Drum Cypha,Electronic / Dance,Drums,2012
Hungry Soundboy,DJ Narcs,Electronic / Dance,Drums,2012
Deadlock,DJ Rezonate,Electronic / Dance,Drums,2012
Call the Police,DJ Narcs,Electronic / Dance,Drums,2013
My Sound,DJ Narcs,Electronic / Dance,Drums,2013
Living in the Jungle,N.E.O.N.,Electronic / Dance,Drums,1995
Sweet Murda,Unknown Artist (Bring Back),Electronic / Dance,Drums,2018
Mothership,Twisted Anger,Electronic / Dance,Drums,2002
Wake Up 2000 (A-Sides vs. Peshay Remix),A-Sides,Electronic / Dance,Drums,2000
ライブラリ (Cat Barbers Remix),Cat Barbers,Electronic / Dance,Drums,2021
Drum Physicz,Nebula,Electronic / Dance,Drums,2012
Flies on My Cock Meat,Passenger of Shit,Electronic / Dance,Drums,2015
Pain Outside the Shell,DJ Sailor Moon,Electronic / Dance,Drums,2013
Linkin Fuck,Narumik,Electronic / Dance,Drums,2020
Cleaning My Dick in Shit From a Corpse,Passenger of Shit,Electronic / Dance,Drums,2012
Dante2001NATIONshitfuckcoreTSUKURIMASHOUCORE (Im Waving My Tsukurimashou In...,Loli High on Weed,Electronic / Dance,Drums,2022
Candy Pop,Your Favorite Neighbor,Electronic / Dance,Drums,2019
Maniac on a Rampage to Kill,Passenger of Shit,Electronic / Dance,Drums,2019
It's Over,Yosh,Electronic / Dance,Drums,2020
Severed Penis Orgy,Passenger of Shit,Electronic / Dance,Drums,2011
Shittune,Passenger of Shit,Electronic / Dance,Drums,2012
Your Fanny Is My Dunny Can Pt.2 (Urine Bitter),Passenger of Shit,Electronic / Dance,Drums,2012
Listen Dis,Dial-m,Electronic / Dance,Drums,2014
Giant,Raito,Electronic / Dance,Drums,2016
The Return of Shaft,1.8.7,Electronic / Dance,Drums,1998
In to You,Parallel Worlds,Electronic / Dance,Drums,1995
The Destroyer of Worlds,F. Noize,Electronic / Dance,Drums,2016
Facebang (Acid Mix),EPROM,Electronic / Dance,Drums,2022
Head in Clouds,DJ Stompy,Electronic / Dance,Drums,1998
Still Smouldering,DJ DNA,Electronic / Dance,Drums,1996
Soul Binder,Technical Itch,Electronic / Dance,Drums,2014
Blackest Tempest,Technical Itch,Electronic / Dance,Drums,2014
Fall Down,Skitty,Electronic / Dance,Drums,2004
B-Boy Convention (Spirit Rmx),DJ Ink,Hip-Hop / Rap / R&B,Drums,2004
You and Me,DJ Brisk,Electronic / Dance,Drums,1994
Ghosts of Old,Kiljoy,Electronic / Dance,Drums,2019
Ego,Digital,Electronic / Dance,Drums,2004
Side a (ILL 004),Ill Behaviour,Electronic / Dance,Drums,2020
Come Fe Kill,Chatter B,Electronic / Dance,Drums,1993
Hit 'N' Run,Mole the Dipper,Electronic / Dance,Drums,1993
100% Pure,Detox & the Mighty Atom,Electronic / Dance,Drums,1994
Ragna Gets Jiggy With It (And Loses!!!),Ecchi-Chan,Electronic / Dance,Drums,2012
Police Rave Station,Ecchi-Chan,Electronic / Dance,Drums,2011
I Don't Give a Fuck at All,Ecchi-Chan,Electronic / Dance,Drums,2012
Jungle Murderer,Ecchi-Chan,Electronic / Dance,Drums,2012
Now That's What I Call Breakcore! Vol. I,Ecchi-Chan,Electronic / Dance,Drums,2011
Side Two,Qant,Electronic / Dance,Drums,2019
New Dawn,The X,Electronic / Dance,Drums,1995
Excalibre,Loxy,Electronic / Dance,Drums,2006
Scrabble,Spirit (Drum & Bass),Electronic / Dance,Drums,2006
Communicate With the World,Shapeshifter (Jungle),Electronic / Dance,Drums,1996
Below,Dub One,Electronic / Dance,Drums,2011
Butcher Beat,The Mr R,Electronic / Dance,Drums,2012
Noizer,The Mr R,Electronic / Dance,Drums,2012
PLUR,Simply Dread,Electronic / Dance,Drums,2017
Make It Right (Dead Man's Chest Raw '94 Remix),Ricky Force,Electronic / Dance,Drums,2019
Lethal,David Louis,Electronic / Dance,Drums,2017
It's Never Enough,Briain,Electronic / Dance,Drums,2019
Plastic Mentality,Ricky Force,Electronic / Dance,Drums,2016
Failed Evolutionary Experiment,Technical Itch,Electronic / Dance,Drums,2012
MKULTRA Made Me Gay,Larsht_,Electronic / Dance,Drums,2022
This Body Is Not Mine,Larsht_,Electronic / Dance,Multiple Elements,2022
Jupiter,Model (Drum and Bass),Electronic / Dance,Drums,2019
Surroundingz,Model (Drum and Bass),Electronic / Dance,Drums,2019
Green Card,Rampage,Hip-Hop / Rap / R&B,Drums,2014
Revel,Bluematter,Electronic / Dance,Drums,2019
SUGARBUG VIRUS,4lung,Electronic / Dance,Drums,2017
READY READY RAMPAGE RUMBLE,4lung,Electronic / Dance,Drums,2017
Flip the Switch,DJ Groove (Russia),Electronic / Dance,Drums,2014
Temporary Tattoo Roulette,Blueberry Sunshine,Electronic / Dance,Drums,2018
State of Consciousness,Kryptic Minds & Leon Switch,Electronic / Dance,Drums,2005
Take the Pain Away,Kryptic Minds & Leon Switch,Electronic / Dance,Drums,2004
Simple to Lose,Kryptic Minds & Leon Switch,Electronic / Dance,Drums,2004
It's Gonna Be,DJ Poosie,Electronic / Dance,Drums,1996
Battlescars,Loxy,Electronic / Dance,Drums,2004
Neverlove,Contour,Electronic / Dance,Drums,2006
You Got to Slow Down (Enjoy Remix),Tek 9,Electronic / Dance,Drums,2020
Thanks for Coming,Wardown,Electronic / Dance,Drums,2020
Pigs Suckeur,Jerk,Electronic / Dance,Drums,2012
Thirteen Skulls,Kryptic Minds & Leon Switch,Electronic / Dance,Drums,2004
The Prophet,Kryptic Minds & Leon Switch,Electronic / Dance,Drums,2003
Don't Hold Back,2 Croozin',Electronic / Dance,Drums,1995
Red Soil (Resonant Evil Remix),Evol Intent,Electronic / Dance,Drums,2005
The Violater,Resonant Evil,Electronic / Dance,Drums,2005
Upside Down,Majistrate & Nicol,Electronic / Dance,Drums,2007
Stack 2,Technical Itch,Electronic / Dance,Drums,2000
A Conquering Amen,Rumbleton,Electronic / Dance,Drums,2011
You Never Know,Kid Lib,Electronic / Dance,Drums,2012
Some Bird,Weyheyhey !!,Electronic / Dance,Drums,2016
Frontline,DJ Sparks,Electronic / Dance,Drums,1993
Steal It With Style,Sickboy,Electronic / Dance,Drums,2004
Tashtang,Sickboy,Electronic / Dance,Drums,2004
March of the Antifa,Sickboy,Electronic / Dance,Drums,2004
Adrenalin (V. 1),Purity,Electronic / Dance,Drums,1997
Bright Light,Necrotype,Electronic / Dance,Drums,2014
Protection (DJ Narcs Remix),DannyLO,Electronic / Dance,Drums,2012
Blessings (For My Baby),Jonny Dangerously,Electronic / Dance,Drums,2011
Spirits,D.K.Ritual,Electronic / Dance,Drums,2012
Fire,Limewax,Electronic / Dance,Drums,2015
You Like It Like That,Boymerang,Electronic / Dance,Drums,1997
Before I Let Jungle Go,Bass Master Warriors,Electronic / Dance,Drums,1994
Interstella Jungle Transmission,Skitzaph0nic,Electronic / Dance,Drums,2015
My Sound Rule,Debaser,Electronic / Dance,Drums,2003
Gotta Speed Keed,Futret,Electronic / Dance,Drums,2013
Bambi,Futret,Electronic / Dance,Drums,2013
Pugilist Dub,Senate,Electronic / Dance,Drums,2016
Go Hex Go,Coretex,Electronic / Dance,Drums,2022
Clash Night,Debaser,Electronic / Dance,Multiple Elements,2004
Rotterdam Soundboy VIP,FFF (2),Electronic / Dance,Drums,2013
Papa Lover Jungle (The Remix),General Degree,Electronic / Dance,Drums,1995
Ecstacy Is a Science,Bizzy B,Electronic / Dance,Drums,1993
Show Me Heaven,DJ Force & the Evolution,Electronic / Dance,Drums,1995
Watch Me Now,DJ Buz,Electronic / Dance,Drums,1994
Too Much,X Nation,Electronic / Dance,Drums,2011
Fresh86,Tim Reaper,Electronic / Dance,Drums,2011
The Dream,2D33P,Electronic / Dance,Drums,2011
Prominence,Stranjah,Electronic / Dance,Drums,2012
The Probability of Succumbing to Violent Whim,Relapse,Electronic / Dance,Drums,2011
Secret Texts,Zazemzazem,Electronic / Dance,Drums,2022
Rage,Future Prophecies,Electronic / Dance,Drums,2002
In Between the Beats,Potential Bad Boy,Electronic / Dance,Drums,1995
Instant Vanity,Limewax,Electronic / Dance,Drums,2015
Badman Soundboy,John Rolodex,Electronic / Dance,Drums,2002
Forget Me Now (Dread Soldiers),John Rolodex,Electronic / Dance,Drums,2003
This Sound,J Majik,Electronic / Dance,Drums,2020
Getting My Twot Shat On,Passenger of Shit,Electronic / Dance,Drums,2001
Pooooo,Passenger of Shit,Electronic / Dance,Drums,2004
For Real,Sonar's Ghost,Electronic / Dance,Drums,2019
My Dreams,Kid Lib,Electronic / Dance,Drums,2019
War for '94,Badman,Electronic / Dance,Drums,1994
Stars & Stripes,Tekscape,Electronic / Dance,Drums,2022
Jinnel Killa,Loxy,Electronic / Dance,Drums,2005
From My Soul,Hyped on Acid,Electronic / Dance,Drums,2019
Vibration Centre,Rumbleton,Electronic / Dance,Drums,2015
DJ Hepatitis Tofuburger,Otto Von Schirach,Electronic / Dance,Drums,2008
Champion,Psychoweapon,Electronic / Dance,Drums,2022
A Storm in My Heart,SPL,Electronic / Dance,Drums,2009
The Blood,Evol Intent,Electronic / Dance,Drums,2004
Skeletones,Orange Dust,Electronic / Dance,Drums,2005
Cock Spew Sadcore Mix,Passenger of Shit,Electronic / Dance,Drums,2011
6Ft Ditch,Raiden (Drum & Bass),Electronic / Dance,Drums,2003
Ghost Ship,DJ Ink,Electronic / Dance,Drums,2003
Steel,Seba,Electronic / Dance,Drums,2004
All Out War,Raiden (Drum & Bass),Electronic / Dance,Drums,2003
Miami,1.8.7,Electronic / Dance,Drums,2000
Together (John B Remix),Shogun (Drum & Bass),Electronic / Dance,Drums,1998
Skankin',Dub One,Electronic / Dance,Drums,2011
Bassment Dub,Dub One,Electronic / Dance,Drums,2011
Shock the Nation,Charly Lownoise,Electronic / Dance,Drums,1995
Ancient Powers,Zazemzazem,Electronic / Dance,Drums,2022
Something Comes,Technical Itch,Electronic / Dance,Drums,2014
I Remember,Kryptic Minds & Leon Switch,Electronic / Dance,Drums,2004
Evolution,Kryptic Minds & Leon Switch,Electronic / Dance,Drums,2005
Venetian Maracas,DJ Sailor Moon,Electronic / Dance,Drums,2014
I'll Try Suicide After the Church on Sunday,DJ Sailor Moon,Electronic / Dance,Drums,2014
The End of Everything,DJ Sailor Moon,Electronic / Dance,Drums,2013
Led,Technical Itch,Electronic / Dance,Drums,1999
Murder Commit,3 Past 3,Electronic / Dance,Drums,2018
Here We Go (Playing the House),No Velocity,Electronic / Dance,Drums,1996
Whale Cry,The Meditator,Electronic / Dance,Drums,2019
Elephant,ElectroRedux,Electronic / Dance,Drums,2011
Operation Thunderbolt,The Outside Agency,Electronic / Dance,Drums,2022
Life in Hell,Amiga Shock Force,Electronic / Dance,Drums,2022
Funky Fresh,Biodome,Electronic / Dance,Drums,2023
In the Name of God,Sonicdriver,Electronic / Dance,Drums,1994
Toxic Rhythm,Lemon D,Electronic / Dance,Drums,1993
Electric,Kiani & His Legion,Electronic / Dance,Drums,2016
RIP,Day-Mar,Electronic / Dance,Drums,2014
Tivoli Gardens,Phentix,Electronic / Dance,Drums,2013
Gimme the Weed,Kingstoned Junglist,Electronic / Dance,Drums,2012
People Are Dead,Racktacktek,Electronic / Dance,Drums,2013
Building Shaker,Cut & Run (Happy Hardcore),Electronic / Dance,Drums,1995
Every Shitty Wannabe Breakcore Lolicore Artist Samples Carmelldansen,Larsht_,Electronic / Dance,Drums,2022
Everyday of My Life Is Mental Torture,Larsht_,Electronic / Dance,Drums,2022
The Sacrifice,Lavery,Electronic / Dance,Drums,2019
The Return of Mister Lee,Sickboy,Electronic / Dance,Drums,2004
Natural Born Killer,Dominion (Happy Hardcore),Electronic / Dance,Drums,1996
Charcoal Toothpaste Insulin Bomb (Think Again Fucker!),Dalmatrix,Electronic / Dance,Drums,2020
There's Atomic Bombs Landing in My Backyard,Penisland,Electronic / Dance,Drums,2021
David Miscavige Ate My Dog,Penisland,Electronic / Dance,Drums,2021
Hardcore Op Je Muil!,The Vizitor,Electronic / Dance,Drums,2016
Dank Sensi,2Brainz,Electronic / Dance,Drums,2014
Contact,Silent Witness,Electronic / Dance,Drums,2002
Motherisk,Aquarian,Electronic / Dance,Drums,2012
Henry Rollins the Rave Hater,Ecchi-Chan,Electronic / Dance,Drums,2011
Hit Me With Your Broken CD Player,Ecchi-Chan,Electronic / Dance,Drums,2011
Oceola,Spring Heel Jack,Electronic / Dance,Drums,1995
Intalus,Stranjah,Hip-Hop / Rap / R&B,Drums,2011
Dark Water,Purity,Electronic / Dance,Drums,1998
Feelin' I Never Had,Motive (Daniel Feary),Electronic / Dance,Drums,2011
Sycophant,Voyage (Drum and Bass),Electronic / Dance,Drums,2019
Can You Do This,Garion Fey,Electronic / Dance,Drums,1996
Shoot to Kill,Kid Lib,Electronic / Dance,Drums,2012
Around You (Junglist Gyal ShackOut),Kid Lib,Electronic / Dance,Drums,2012
Over You,Kid Lib,Electronic / Dance,Drums,2012
45 Special,Dom & Roland,Electronic / Dance,Drums,2007
Life (Dom & Roland Remix),Cyba Space,Electronic / Dance,Drums,2002
Make the Music,S.M.F.,Electronic / Dance,Drums,1993
No Respect,Chaotic Brotherz,Electronic / Dance,Drums,2022
Medication Upon Meditation,The Nativist,Electronic / Dance,Drums,2016
3 Ways to Die,Darkseid & Junior Soprano,Electronic / Dance,Drums,2017
BE THE MOM,4lung,Electronic / Dance,Drums,2017
MENOPAWS,4lung,Electronic / Dance,Drums,2017
Rabbit Hole,P9,Electronic / Dance,Drums,2018
Music Is My Life,DJ Fade,Electronic / Dance,Drums,1995
Planet Hardcore,M-Project,Electronic / Dance,Drums,2021
Delta on the Horizon,Cheryl Stelli,Electronic / Dance,Drums,2022
"12"" of Love",Sy,Electronic / Dance,Drums,1995
BATTLE NO​.​2,Cheryl Stelli,Electronic / Dance,Drums,2022
Malice & Pain (DJ Terror Remix),Danny Ovington,Electronic / Dance,Drums,2015
Side B (ILL 004),Ill Behaviour,Electronic / Dance,Drums,2020
Rime From Desert,Najeem S,Electronic / Dance,Drums,2011
Last Stand,Nebula,Electronic / Dance,Drums,2012
Code Red,2 Croozin',Electronic / Dance,Drums,1994
Take Me Up,Sunny (Breakbeat),Electronic / Dance,Drums,2020
No Boundaries,The Jaffa Kid,Electronic / Dance,Drums,2021
Don't U Feel It,Dancemaster,Electronic / Dance,Drums,1993
Uptight,Peter & the Wolf,Electronic / Dance,Drums,1993
Juice From My Ass,Passenger of Shit,Electronic / Dance,Drums,2011
Rebel Soul,Total Science,Electronic / Dance,Drums,2001
I Am Not a Serial Killer,Djipe,Electronic / Dance,Drums,2013
Fuck It Up,Djipe,Electronic / Dance,Drums,2013
Tempest,Psychosis,Electronic / Dance,Multiple Elements,1998
Together We'll Make It True (Original Mix),Wicked Dimension,Electronic / Dance,Drums,1996
Ready for Dead,DJ Devine & Essence,Electronic / Dance,Drums,1994
I Really You,Renard,Electronic / Dance,Drums,2009
Jungle Fever,Hard & Pure,Electronic / Dance,Drums,1993
Scape,Tomba (2),Electronic / Dance,Drums,1994
Ruffneck Bizness,Mind Therapy,Electronic / Dance,Drums,1994
Boyz (A Bedroom in Hackney),Unknown Artist (Straight From the Bedroom),Electronic / Dance,Drums,1993
Change,Smith Inc,Electronic / Dance,Drums,1994
Lifeless,Spinor,Electronic / Dance,Drums,2004
California Curse (Dylan & Loxy Remix),Dylan,Electronic / Dance,Drums,2002
Life Existed,FFF (2),Electronic / Dance,Drums,2014
Variations,If-Read,Electronic / Dance,Drums,2019
Wanking Shit for Life,Passenger of Shit,Electronic / Dance,Drums,2012
Infamous Lunatics,Hatred,Electronic / Dance,Drums,2021
Keep Your Dread (Double O Version),Martian Man,Electronic / Dance,Drums,2015
Raw & Real,Manifest (Drum & Bass),Electronic / Dance,Drums,2004
Paranoia (Gridlok Remix),The Militia,Electronic / Dance,Drums,2004
New Breed (Rolodex Theme Part II),John Rolodex,Electronic / Dance,Drums,2003
Smoke & Mirrors,John Rolodex,Electronic / Dance,Drums,2003
Square Waves,Genotype,Electronic / Dance,Drums,1998
Crap Fucking,Passenger of Shit,Electronic / Dance,Drums,2016
Torture Chamber,Friction,Electronic / Dance,Drums,2003
Defcon One,Friction,Electronic / Dance,Drums,2003
Back in the Daze,Local Group,Electronic / Dance,Drums,2020
Living in the Hood,Bass Master Warriors,Electronic / Dance,Drums,1994
Chillout,Princess of the Posse,Electronic / Dance,Drums,1992
Higher,Stu & Nee,Electronic / Dance,Drums,2006
No More Showbizz,Paranoizer,Electronic / Dance,Drums,2015
Father Forgive Them (Wrong Version),Jungle Neck,Electronic / Dance,Drums,1997
Up in Smoke,Jungle Neck,Electronic / Dance,Drums,1997
Darkness Through Light,Champa B,Electronic / Dance,Drums,2012
Massive (Original Mix),D.K.Ritual,Electronic / Dance,Drums,2013
This Is an Example (Mix 3),Direct to Metal,Electronic / Dance,Drums,1994
Party Munky,Edu K,Electronic / Dance,Drums,2008
Sweet Love,Rolaz,Electronic / Dance,Drums,2012
No Remorse,Kryptic Minds & Leon Switch,Electronic / Dance,Drums,2006
Time War,Evol Intent,Electronic / Dance,Drums,2008
Dark Planet (Donny Remix),Dylan,Electronic / Dance,Drums,2008
Their Culture,B.L.I.M.,Electronic / Dance,Drums,1995
Ur Touch,Robokid,Electronic / Dance,Drums,2014
Cappashot,G-Force & De Oxman,Electronic / Dance,Drums,1995
Step Off (The Poison Flower),Kid Lib,Electronic / Dance,Drums,2016
Worries in the Dance,Coco Bryce,Electronic / Dance,Drums,2016
Grim Up North,Dwarde,Electronic / Dance,Drums,2011
Ocean,Najeem S,Electronic / Dance,Drums,2011
HIT SHIT PARADE,Cyte,Electronic / Dance,Drums,2019
Just So You Know,Dom & Roland,Electronic / Dance,Drums,2004
Provider,Spirit (Drum & Bass),Electronic / Dance,Drums,2016
Error Design #1,Strange Audio Dreams,Electronic / Dance,Drums,2015
So Real,S.Kid,Electronic / Dance,Drums,2019
Faces of War,Kid Lib,Electronic / Dance,Drums,2019
Coke Up Nuttah,Smiley Maxx,Electronic / Dance,Drums,2013
A Rougher Version,Dub-Liner,Electronic / Dance,Drums,2020
Untitled (B2),Evil D (Hardcore),Electronic / Dance,Drums,1993
To Nie Jest Kurwa Muzyka,Loffciamcore,Electronic / Dance,Drums,2020
Emitter,DC-N5S,Electronic / Dance,Drums,2019
Digitalian Killed the TV Star,Holly (Hardcore),Electronic / Dance,Drums,2022
Hyperjunk,Jake Slazenger,Electronic / Dance,Drums,1995
Hard Rave Aesthetic,Thugwidow,Electronic / Dance,Drums,2019
Buttman,Maladroit,Electronic / Dance,Drums,2004
Secret Sights,Maladroit,Electronic / Dance,Drums,2001
War Feeds Itself,Aaron Spectre,Electronic / Dance,Drums,2020
Inmyeyeees,Aaron Spectre,Electronic / Dance,Drums,2020
Everytime I Think of You,Wicked Dimension,Electronic / Dance,Drums,1996
Psyche,Penelope Two-Five,Electronic / Dance,Drums,2019
Persian in AA Babylon (Dubplate Mix),Persian Prince,Electronic / Dance,Drums,2019
Christians' Hypocrisy Is a God's Hypocrisy,DJ Sailor Moon,Electronic / Dance,Drums,2014
Serious,Flattrap,Electronic / Dance,Drums,1995
Equal Rights + Justice,Eusebeia,Electronic / Dance,Drums,2020
Your Last Day,DJ Sailor Moon,Electronic / Dance,Drums,2013
You Are Alone in This Awful World,DJ Sailor Moon,Electronic / Dance,Drums,2013
Supersonic Slime Machine,Azrael,Electronic / Dance,Drums,2009
Experience Shapes You,Eusebeia,Electronic / Dance,Drums,2019
Timetravels,Fanu,Electronic / Dance,Drums,2019
Disturbed,DJ Zinc,Electronic / Dance,Drums,2001
Lolisamurai,Loli High on Weed,Electronic / Dance,Drums,2022
Nelephunk,Tim Exile,Electronic / Dance,Drums,2006
Mumble Rap,Your Favorite Neighbor,Electronic / Dance,Drums,2019
Undercover Bad Bwoy,Deportee,Electronic / Dance,Drums,2003
Second Chance,Tim Reaper,Electronic / Dance,Drums,2015
Cold Room,Double O,Electronic / Dance,Drums,2015
Wisen Up,Double O,Electronic / Dance,Drums,2015
CHRISTIAN MOMS AGAINST MASHCORE,Blue Marker Bandit,Electronic / Dance,Drums,2022
I DROPPED ALL MY GECS NOOO,Blue Marker Bandit,Electronic / Dance,Drums,2022
Roman22,CDR,Electronic / Dance,Multiple Elements,2022
Red Rain,Nolige,Electronic / Dance,Drums,2009
Dark & Lonely,Kane & the Paraquat,Electronic / Dance,Drums,1994
Bunker Buster,Resonant Evil,Electronic / Dance,Drums,2003
Hero's Welcome,Regulators (Jungle),Electronic / Dance,Drums,1995
File Your Fucking Taxes,ZYJK2 / SDFSD,Electronic / Dance,Drums,2019
Call Me,Rolling Paper,Electronic / Dance,Drums,2015
Ganjah Smuggling,Truspin,Electronic / Dance,Drums,2013
Spacetime,Aleksi Perälä,Electronic / Dance,Drums,2007
Boom,Skanx,Electronic / Dance,Drums,2013
My Story in Progress,DJ Groove (Russia),Electronic / Dance,Drums,2014
Hardcore Power '97 (Buzz Fuzz Rmx),DJ Waxweazle,Electronic / Dance,Drums,1997
Watch Out,Technical Itch,Electronic / Dance,Drums,1997
Gun Talk,Marvellous Cain,Electronic / Dance,Drums,1995
Conscious,Technical Itch,Electronic / Dance,Drums,1997
Ja,The Dream Team,Electronic / Dance,Drums,1995
Stronghold,Technical Itch,Electronic / Dance,Drums,1997
Total Biscuit's Disco Frostmourne,Ecchi-Chan,Electronic / Dance,Drums,2012
You Want More? (U.R.R.Mix),Mark 'Oh,Electronic / Dance,Drums,1995
Through the Vibe,FFF (2),Electronic / Dance,Drums,2013
Ninja Rope (Dub),Tim Reaper,Electronic / Dance,Drums,2019
Trashcore,Cherry Crush (Hardcore),Electronic / Dance,Drums,2019
In Bed With Charli XCX,DJ Sailor Moon,Electronic / Dance,Drums,2015
Street Flavaz,Tommy the Cat,Electronic / Dance,Drums,2019
Cold,Hokusai,Electronic / Dance,Drums,1997
2nd Movement (For Bryan),Penisland,Electronic / Dance,Drums,2021
Scythe,Bluematter,Electronic / Dance,Drums,2019
:3,4lung,Electronic / Dance,Drums,2017
ATHLETE'S PAW,4lung,Electronic / Dance,Drums,2017
Guerilla,Mr Foul,Electronic / Dance,Drums,2011
Crowbar Therapy,Drum Cypha,Electronic / Dance,Drums,2013
Now You Know,DJ Fade,Electronic / Dance,Drums,1995
Mine,"Simon ""Bassline"" Smith",Electronic / Dance,Drums,1993
Distinction,"Simon ""Bassline"" Smith",Electronic / Dance,Drums,1993
Etherall,Seba,Electronic / Dance,Drums,2018
Gangsters (Refired Mix),Restrained,Electronic / Dance,Drums,2019
Can't Let Go,Cyantific,Electronic / Dance,Drums,2006
Sekkle VIP,Nolige,Electronic / Dance,Drums,2016
Lawn Wake I,The Flashbulb,Electronic / Dance,Drums,2004
Falling,Kid Lib,Electronic / Dance,Drums,2016
Scimitar,Concord Dawn,Electronic / Dance,Drums,2003
Lonely,Ray Keith,Electronic / Dance,Drums,1999
PI05.2,Vofa,Electronic / Dance,Drums,2018
Escalator,If-Read,Electronic / Dance,Drums,2019
Disillusioned,Beyond the Future,Electronic / Dance,Drums,1993
Electric Smile,Dom & Roland,Electronic / Dance,Drums,2007
Chikatila,Limewax,Electronic / Dance,Drums,2015
Who's Next,DJ the Enforcer,Electronic / Dance,Drums,2022
Go to College,Super Natural,Electronic / Dance,Drums,1996
Golly Gosh,Juic-E,Electronic / Dance,Drums,2019
Filter Demon,Champa B,Electronic / Dance,Drums,2011
I Can't Stop,D-Fect,Electronic / Dance,Drums,2012
Roughneck Tactics,Promo (DJ),Electronic / Dance,Drums,2022
Calm Down,Little Matt,Electronic / Dance,Drums,1992
Final Battle,Wriggler Bascombe,Electronic / Dance,Drums,1993
Volume 6,Question Mark (Happy Hardcore),Electronic / Dance,Drums,1998
BBTVIP,Tobs,Electronic / Dance,Drums,2014
8 Coffins,Jungle Neck,Electronic / Dance,Drums,1997
Aragon,Nucleus,Electronic / Dance,Drums,2005
Warzone,FFF (2),Electronic / Dance,Drums,2014
Disco 45,Breakage,Electronic / Dance,Drums,2003
The Doktor,Horsepower Productions,Electronic / Dance,Drums,2020
It's Like the Man Said (Technical Itch Mix),Pigeonhed,Electronic / Dance,Drums,1997
Monsterfucker,Futret,Electronic / Dance,Drums,2013
The Works,Yo-Yo Bingo,Electronic / Dance,Drums,2016
Overdose,3 Da Hardway,Electronic / Dance,Drums,1997
Madman (DJ Promo Mix),Mindcrimers,Electronic / Dance,Drums,1998
Infected Brain Cell,Stazma the Junglechrist,Electronic / Dance,Drums,2013
Shadow Daemon,Technical Itch,Electronic / Dance,Drums,2003
Deranged,Special Request,Electronic / Dance,Drums,2013
Nail,DJ Groove (Russia),Electronic / Dance,Drums,2014
Caution (D Kay Remix),Loxy,Electronic / Dance,Drums,2004
A Glimpse at the Dawn of Time,Parallel,Electronic / Dance,Drums,2011
Open Your Eyes,Dead Man's Chest,Electronic / Dance,Drums,2017
Flyin',DJ K (Jungle),Electronic / Dance,Drums,2004
Skin Out,Default (Jungle),Electronic / Dance,Drums,2012
Starjump,DJ Chewy,Electronic / Dance,Drums,1995
Capture,Technical Itch,Electronic / Dance,Drums,1997
The Pirates Anthem,16AJ,Electronic / Dance,Drums,2015
The Terrestrial,Ridley Don,Electronic / Dance,Drums,1995
Sweet Jamaica,Feyder,Electronic / Dance,Drums,2012
Mad Dem,Feyder,Electronic / Dance,Drums,2012
Returning to Roots,D.K.Ritual,Electronic / Dance,Drums,2013
Melt Ya Faces,Passenger of Shit,Electronic / Dance,Drums,2015
Rotting Ass Feild,Passenger of Shit,Electronic / Dance,Drums,2011
Jump Jump Jump!!!,P*Light,Electronic / Dance,Drums,2009
Reach Out,DJ Junk,Electronic / Dance,Drums,1995
Love U Hardcore,Gabber Piet,Electronic / Dance,Drums,1997
Astral Soul,Nebula,Electronic / Dance,Drums,2011
Footprints,Spirit (Drum & Bass),Electronic / Dance,Drums,2007
Toasted,Dr. Mario,Other,Drums,2013
Blueprint (Tech Itch Remix),Kryptic Minds & Leon Switch,Electronic / Dance,Drums,2004
Riding High,Dreazz,Electronic / Dance,Drums,2015
Sperm in My Soup,DJ Sailor Moon,Electronic / Dance,Drums,2014
Run Out of Ideas,DJ Sailor Moon,Electronic / Dance,Drums,2014
Metamorphisis,Severity Zero,Electronic / Dance,Drums,2013
Extension,Technical Itch,Electronic / Dance,Drums,2000
Intellect,Sounds of Life,Electronic / Dance,Drums,1994
Voices Inside My Head (Bay B Kane VIP),Rolling Paper,Electronic / Dance,Drums,2015
Whats Up,Majistrate,Electronic / Dance,Drums,1995
Pressurous,Majistrate,Electronic / Dance,Drums,1994
Time,DJ D Lux,Electronic / Dance,Drums,2019
The Reject,Ultraviolence,Electronic / Dance,Drums,1995
On N' On,Cobbie,Electronic / Dance,Drums,1996
Ants,Disassembler,Electronic / Dance,Drums,1996
Candles Half Off,BC Rydah,Electronic / Dance,Drums,2020
Let Me,Limewax,Electronic / Dance,Drums,2016
Dynamo Rider,𝑻𝑾𝑰𝑵 𝘾𝙍𝘼𝘽,Electronic / Dance,Drums,2018
REUNION II,ACIDUS404,Other,Drums,2013
Feel Da Heat,ARX,Electronic / Dance,Drums,2001
This Is How It All Started,Dymar & Maddox,Electronic / Dance,Drums,1996
Spirits,DJ Trace,Electronic / Dance,Drums,2019
Bass!,DJ Paul Elstak,Electronic / Dance,Drums,1995
Untitled,Corruption,Electronic / Dance,Drums,1993
Pumpin',Solid Base (Hardcore),Electronic / Dance,Drums,1996
